2026-05-13 19:01:57 [INFO] main_v3 — ═══════════════════════════════════════════════════════
2026-05-13 19:01:57 [INFO] main_v3 —   JetX Bot v3 — Motor Dual Estadístico
2026-05-13 19:01:57 [INFO] main_v3 —   SAFE MODE + HUNTER MODE + MOON MODE
2026-05-13 19:01:57 [INFO] main_v3 —   Entropía | Fibonacci | ML Clustering | Dead Market
2026-05-13 19:01:57 [INFO] main_v3 — ═══════════════════════════════════════════════════════
2026-05-13 19:01:57 [INFO] database — Base de datos inicializada: jetx_data.db
2026-05-13 19:01:57 [INFO] db_advanced — Tablas avanzadas inicializadas correctamente.
2026-05-13 19:01:57 [INFO] db_v2 — Tablas DB v2 inicializadas correctamente.
2026-05-13 19:01:57 [INFO] browser — Lanzando navegador (sesión #1)…
2026-05-13 19:02:00 [INFO] browser — Navegando a https://betplay.com.co — esperando login manual si es necesario.
2026-05-13 19:02:03 [DEBUG] browser — Frame de juego no encontrado — reintentando…
2026-05-13 19:02:05 [DEBUG] browser — Frame de juego no encontrado — reintentando…
2026-05-13 19:02:08 [DEBUG] browser — Frame de juego no encontrado — reintentando…
2026-05-13 19:02:10 [DEBUG] browser — Frame de juego no encontrado — reintentando…
2026-05-13 19:02:11 [DEBUG] browser — Frame de juego no encontrado — reintentando…
2026-05-13 19:02:13 [DEBUG] browser — Frame de juego no encontrado — reintentando…
2026-05-13 19:02:15 [DEBUG] browser — Frame de juego no encontrado — reintentando…
2026-05-13 19:02:16 [DEBUG] browser — Frame de juego no encontrado — reintentando…
2026-05-13 19:02:18 [DEBUG] browser — Frame de juego no encontrado — reintentando…
2026-05-13 19:02:19 [DEBUG] browser — Frame de juego no encontrado — reintentando…
2026-05-13 19:02:21 [DEBUG] browser — Frame de juego no encontrado — reintentando…
2026-05-13 19:02:23 [DEBUG] browser — Frame de juego no encontrado — reintentando…
2026-05-13 19:02:24 [DEBUG] browser — Frame de juego no encontrado — reintentando…
2026-05-13 19:02:26 [DEBUG] browser — Frame de juego no encontrado — reintentando…
2026-05-13 19:02:27 [DEBUG] browser — Frame de juego no encontrado — reintentando…
2026-05-13 19:02:29 [DEBUG] browser — Frame de juego no encontrado — reintentando…
2026-05-13 19:02:30 [DEBUG] browser — Frame de juego no encontrado — reintentando…
2026-05-13 19:02:32 [DEBUG] browser — Frame de juego no encontrado — reintentando…
2026-05-13 19:02:34 [DEBUG] browser — Frame de juego no encontrado — reintentando…
2026-05-13 19:02:35 [DEBUG] browser — Frame de juego no encontrado — reintentando…
2026-05-13 19:02:37 [DEBUG] browser — Frame de juego no encontrado — reintentando…
2026-05-13 19:02:39 [DEBUG] browser — Frame de juego no encontrado — reintentando…
2026-05-13 19:02:41 [DEBUG] browser — Frame de juego no encontrado — reintentando…
2026-05-13 19:02:42 [DEBUG] browser — Frame de juego no encontrado — reintentando…
2026-05-13 19:02:44 [DEBUG] browser — Frame de juego no encontrado — reintentando…
2026-05-13 19:02:46 [DEBUG] browser — Frame de juego no encontrado — reintentando…
2026-05-13 19:02:48 [DEBUG] browser — Frame de juego no encontrado — reintentando…
2026-05-13 19:02:50 [DEBUG] browser — Frame de juego no encontrado — reintentando…
2026-05-13 19:02:51 [DEBUG] browser — Frame de juego no encontrado — reintentando…
2026-05-13 19:02:53 [DEBUG] browser — Frame de juego no encontrado — reintentando…
2026-05-13 19:02:54 [DEBUG] browser — Frame de juego no encontrado — reintentando…
2026-05-13 19:02:56 [DEBUG] browser — Frame de juego no encontrado — reintentando…
2026-05-13 19:02:57 [DEBUG] browser — Frame de juego no encontrado — reintentando…
2026-05-13 19:02:59 [DEBUG] browser — Frame de juego no encontrado — reintentando…
2026-05-13 19:03:01 [DEBUG] browser — Frame de juego no encontrado — reintentando…
2026-05-13 19:03:02 [DEBUG] browser — Frame de juego no encontrado — reintentando…
2026-05-13 19:03:04 [DEBUG] browser — Frame de juego no encontrado — reintentando…
2026-05-13 19:03:05 [DEBUG] browser — Frame de juego no encontrado — reintentando…
2026-05-13 19:03:07 [DEBUG] browser — Frame de juego no encontrado — reintentando…
2026-05-13 19:03:08 [DEBUG] browser — Frame de juego no encontrado — reintentando…
2026-05-13 19:03:10 [DEBUG] browser — Frame de juego no encontrado — reintentando…
2026-05-13 19:03:12 [DEBUG] browser — Frame de juego no encontrado — reintentando…
2026-05-13 19:03:13 [DEBUG] browser — Frame de juego no encontrado — reintentando…
2026-05-13 19:03:15 [DEBUG] browser — Frame de juego no encontrado — reintentando…
2026-05-13 19:03:17 [DEBUG] browser — Frame de juego no encontrado — reintentando…
2026-05-13 19:03:18 [DEBUG] browser — Frame de juego no encontrado — reintentando…
2026-05-13 19:03:20 [DEBUG] browser — Frame de juego no encontrado — reintentando…
2026-05-13 19:03:21 [DEBUG] browser — Frame de juego no encontrado — reintentando…
2026-05-13 19:03:23 [DEBUG] browser — Frame de juego no encontrado — reintentando…
2026-05-13 19:03:24 [DEBUG] browser — Frame de juego no encontrado — reintentando…
2026-05-13 19:03:26 [DEBUG] browser — Frame de juego no encontrado — reintentando…
2026-05-13 19:03:35 [DEBUG] main_v3 — Calibrando… 1/60 rondas
2026-05-13 19:03:48 [DEBUG] main_v3 — Calibrando… 2/60 rondas
2026-05-13 19:04:02 [DEBUG] main_v3 — Calibrando… 3/60 rondas
2026-05-13 19:04:12 [DEBUG] main_v3 — Calibrando… 4/60 rondas
2026-05-13 19:04:40 [INFO] analyzer — Anti-FOMO: spike 5.16x → bloqueando 3 rondas.
2026-05-13 19:04:40 [INFO] advanced_stats — [POST_SPIKE_COOLDOWN] 5.16x >= 5x → bloqueando 4 rondas
2026-05-13 19:04:40 [DEBUG] db_advanced — spike_distances: nivel=5x dist=5 val=5.16
2026-05-13 19:04:40 [INFO] spike_tracker — [SPIKE] 5.16x >= 5x | distancia=5 rondas
2026-05-13 19:04:40 [DEBUG] main_v3 — Calibrando… 5/60 rondas
2026-05-13 19:04:47 [DEBUG] main_v3 — Calibrando… 6/60 rondas
2026-05-13 19:04:57 [DEBUG] main_v3 — Calibrando… 7/60 rondas
2026-05-13 19:05:09 [DEBUG] main_v3 — Calibrando… 8/60 rondas
2026-05-13 19:05:38 [INFO] analyzer — Anti-FOMO: spike 5.55x → bloqueando 3 rondas.
2026-05-13 19:05:38 [INFO] advanced_stats — [POST_SPIKE_COOLDOWN] 5.55x >= 5x → bloqueando 4 rondas
2026-05-13 19:05:38 [DEBUG] db_advanced — spike_distances: nivel=5x dist=4 val=5.55
2026-05-13 19:05:38 [DEBUG] db_advanced — pre_spike_context guardado: 5.55x (nivel=5x)
2026-05-13 19:05:38 [INFO] spike_tracker — [SPIKE] 5.55x >= 5x | distancia=4 rondas
2026-05-13 19:05:38 [DEBUG] main_v3 — Calibrando… 9/60 rondas
2026-05-13 19:05:59 [DEBUG] main_v3 — Calibrando… 10/60 rondas
2026-05-13 19:06:22 [DEBUG] main_v3 — Calibrando… 11/60 rondas
2026-05-13 19:06:31 [DEBUG] main_v3 — Calibrando… 12/60 rondas
2026-05-13 19:06:40 [DEBUG] main_v3 — Calibrando… 13/60 rondas
2026-05-13 19:06:52 [DEBUG] main_v3 — Calibrando… 14/60 rondas
2026-05-13 19:07:07 [DEBUG] main_v3 — Calibrando… 15/60 rondas
2026-05-13 19:07:16 [DEBUG] main_v3 — Calibrando… 16/60 rondas
2026-05-13 19:07:44 [INFO] analyzer — Anti-FOMO: spike 5.31x → bloqueando 3 rondas.
2026-05-13 19:07:44 [INFO] advanced_stats — [POST_SPIKE_COOLDOWN] 5.31x >= 5x → bloqueando 4 rondas
2026-05-13 19:07:44 [DEBUG] db_advanced — spike_distances: nivel=5x dist=8 val=5.31
2026-05-13 19:07:44 [DEBUG] db_advanced — pre_spike_context guardado: 5.31x (nivel=5x)
2026-05-13 19:07:44 [INFO] spike_tracker — [SPIKE] 5.31x >= 5x | distancia=8 rondas
2026-05-13 19:07:44 [DEBUG] main_v3 — Calibrando… 17/60 rondas
2026-05-13 19:07:55 [DEBUG] main_v3 — Calibrando… 18/60 rondas
2026-05-13 19:08:27 [INFO] analyzer — Anti-FOMO: spike 6.78x → bloqueando 3 rondas.
2026-05-13 19:08:27 [INFO] advanced_stats — [POST_SPIKE_COOLDOWN] 6.78x >= 5x → bloqueando 4 rondas
2026-05-13 19:08:27 [DEBUG] db_advanced — spike_distances: nivel=5x dist=2 val=6.78
2026-05-13 19:08:27 [DEBUG] db_advanced — pre_spike_context guardado: 6.78x (nivel=5x)
2026-05-13 19:08:27 [INFO] spike_tracker — [SPIKE] 6.78x >= 5x | distancia=2 rondas
2026-05-13 19:08:28 [DEBUG] main_v3 — Calibrando… 19/60 rondas
2026-05-13 19:08:37 [DEBUG] main_v3 — Calibrando… 20/60 rondas
2026-05-13 19:09:01 [DEBUG] main_v3 — Calibrando… 21/60 rondas
2026-05-13 19:09:15 [DEBUG] main_v3 — Calibrando… 22/60 rondas
2026-05-13 19:10:10 [INFO] analyzer — Anti-FOMO: spike 65.74x → bloqueando 3 rondas.
2026-05-13 19:10:10 [INFO] advanced_stats — [POST_SPIKE_COOLDOWN] 65.74x >= 5x → bloqueando 4 rondas
2026-05-13 19:10:10 [INFO] advanced_stats — [POST_SPIKE_COOLDOWN] 65.74x >= 8x → bloqueando 5 rondas
2026-05-13 19:10:10 [INFO] advanced_stats — [POST_SPIKE_COOLDOWN] 65.74x >= 10x → bloqueando 6 rondas
2026-05-13 19:10:10 [INFO] advanced_stats — [POST_SPIKE_COOLDOWN] 65.74x >= 20x → bloqueando 8 rondas
2026-05-13 19:10:10 [INFO] advanced_stats — [POST_SPIKE_COOLDOWN] 65.74x >= 50x → bloqueando 10 rondas
2026-05-13 19:10:10 [DEBUG] db_advanced — spike_distances: nivel=5x dist=4 val=65.74
2026-05-13 19:10:11 [DEBUG] db_advanced — pre_spike_context guardado: 65.74x (nivel=5x)
2026-05-13 19:10:11 [INFO] spike_tracker — [SPIKE] 65.74x >= 5x | distancia=4 rondas
2026-05-13 19:10:11 [DEBUG] db_advanced — spike_distances: nivel=8x dist=23 val=65.74
2026-05-13 19:10:11 [DEBUG] db_advanced — pre_spike_context guardado: 65.74x (nivel=8x)
2026-05-13 19:10:11 [INFO] spike_tracker — [SPIKE] 65.74x >= 8x | distancia=23 rondas
2026-05-13 19:10:11 [DEBUG] db_advanced — spike_distances: nivel=10x dist=23 val=65.74
2026-05-13 19:10:11 [DEBUG] db_advanced — pre_spike_context guardado: 65.74x (nivel=10x)
2026-05-13 19:10:11 [INFO] spike_tracker — [SPIKE] 65.74x >= 10x | distancia=23 rondas
2026-05-13 19:10:11 [DEBUG] db_advanced — spike_distances: nivel=20x dist=23 val=65.74
2026-05-13 19:10:11 [DEBUG] db_advanced — pre_spike_context guardado: 65.74x (nivel=20x)
2026-05-13 19:10:11 [INFO] spike_tracker — [SPIKE] 65.74x >= 20x | distancia=23 rondas
2026-05-13 19:10:11 [DEBUG] db_advanced — spike_distances: nivel=50x dist=23 val=65.74
2026-05-13 19:10:11 [DEBUG] db_advanced — pre_spike_context guardado: 65.74x (nivel=50x)
2026-05-13 19:10:11 [INFO] spike_tracker — [SPIKE] 65.74x >= 50x | distancia=23 rondas
2026-05-13 19:10:11 [DEBUG] main_v3 — Calibrando… 23/60 rondas
2026-05-13 19:10:30 [DEBUG] main_v3 — Calibrando… 24/60 rondas
2026-05-13 19:10:39 [DEBUG] main_v3 — Calibrando… 25/60 rondas
2026-05-13 19:11:01 [DEBUG] main_v3 — Calibrando… 26/60 rondas
2026-05-13 19:11:24 [DEBUG] main_v3 — Calibrando… 27/60 rondas
2026-05-13 19:11:31 [DEBUG] main_v3 — Calibrando… 28/60 rondas
2026-05-13 19:11:59 [DEBUG] main_v3 — Calibrando… 29/60 rondas
2026-05-13 19:12:14 [DEBUG] main_v3 — Calibrando… 30/60 rondas
2026-05-13 19:12:24 [DEBUG] main_v3 — Calibrando… 31/60 rondas
2026-05-13 19:12:38 [DEBUG] main_v3 — Calibrando… 32/60 rondas
2026-05-13 19:12:54 [INFO] main_v3 — Señal de sistema 2 — deteniendo bot…
2026-05-13 19:12:54 [INFO] browser — Cerrando navegador (sesión #1)…
2026-05-13 19:13:38 [INFO] main_v3 — ═══════════════════════════════════════════════════════
2026-05-13 19:13:38 [INFO] main_v3 —   JetX Bot v3 — Motor Dual Estadístico
2026-05-13 19:13:38 [INFO] main_v3 —   SAFE MODE + HUNTER MODE + MOON MODE
2026-05-13 19:13:38 [INFO] main_v3 —   Entropía | Fibonacci | ML Clustering | Dead Market
2026-05-13 19:13:38 [INFO] main_v3 — ═══════════════════════════════════════════════════════
2026-05-13 19:13:38 [INFO] database — Base de datos inicializada: jetx_data.db
2026-05-13 19:13:38 [INFO] db_advanced — Tablas avanzadas inicializadas correctamente.
2026-05-13 19:13:38 [INFO] db_v2 — Tablas DB v2 inicializadas correctamente.
2026-05-13 19:13:38 [INFO] browser — Lanzando navegador (sesión #1)…
2026-05-13 19:13:40 [INFO] browser — Navegando a https://betplay.com.co — esperando login manual si es necesario.
2026-05-13 19:13:43 [DEBUG] browser — Frame de juego no encontrado — reintentando…
2026-05-13 19:13:46 [DEBUG] browser — Frame de juego no encontrado — reintentando…
2026-05-13 19:13:48 [DEBUG] browser — Frame de juego no encontrado — reintentando…
2026-05-13 19:13:49 [DEBUG] browser — Frame de juego no encontrado — reintentando…
2026-05-13 19:13:51 [DEBUG] browser — Frame de juego no encontrado — reintentando…
2026-05-13 19:13:53 [DEBUG] browser — Frame de juego no encontrado — reintentando…
2026-05-13 19:13:55 [DEBUG] browser — Frame de juego no encontrado — reintentando…
2026-05-13 19:13:57 [DEBUG] browser — Frame de juego no encontrado — reintentando…
2026-05-13 19:13:58 [DEBUG] browser — Frame de juego no encontrado — reintentando…
2026-05-13 19:14:01 [DEBUG] browser — Frame de juego no encontrado — reintentando…
2026-05-13 19:14:09 [DEBUG] main_v3 — Calibrando… 33/60 rondas
2026-05-13 19:14:19 [DEBUG] main_v3 — Calibrando… 34/60 rondas
2026-05-13 19:14:33 [DEBUG] main_v3 — Calibrando… 35/60 rondas
2026-05-13 19:14:46 [DEBUG] main_v3 — Calibrando… 36/60 rondas
2026-05-13 19:15:14 [INFO] analyzer — Anti-FOMO: spike 5.71x → bloqueando 3 rondas.
2026-05-13 19:15:14 [INFO] advanced_stats — [POST_SPIKE_COOLDOWN] 5.71x >= 5x → bloqueando 2 rondas
2026-05-13 19:15:14 [DEBUG] db_advanced — spike_distances: nivel=5x dist=5 val=5.71
2026-05-13 19:15:14 [INFO] spike_tracker — [SPIKE] 5.71x >= 5x | distancia=5 rondas
2026-05-13 19:15:14 [DEBUG] main_v3 — Calibrando… 37/60 rondas
2026-05-13 19:15:26 [DEBUG] main_v3 — Calibrando… 38/60 rondas
2026-05-13 19:16:04 [INFO] analyzer — Anti-FOMO: spike 13.65x → bloqueando 3 rondas.
2026-05-13 19:16:04 [INFO] advanced_stats — [POST_SPIKE_COOLDOWN] 13.65x >= 5x → bloqueando 2 rondas
2026-05-13 19:16:04 [INFO] advanced_stats — [POST_SPIKE_COOLDOWN] 13.65x >= 8x → bloqueando 2 rondas
2026-05-13 19:16:04 [INFO] advanced_stats — [POST_SPIKE_COOLDOWN] 13.65x >= 10x → bloqueando 3 rondas
2026-05-13 19:16:04 [DEBUG] db_advanced — spike_distances: nivel=5x dist=2 val=13.65
2026-05-13 19:16:04 [DEBUG] db_advanced — pre_spike_context guardado: 13.65x (nivel=5x)
2026-05-13 19:16:04 [INFO] spike_tracker — [SPIKE] 13.65x >= 5x | distancia=2 rondas
2026-05-13 19:16:04 [DEBUG] db_advanced — spike_distances: nivel=8x dist=7 val=13.65
2026-05-13 19:16:04 [DEBUG] db_advanced — pre_spike_context guardado: 13.65x (nivel=8x)
2026-05-13 19:16:04 [INFO] spike_tracker — [SPIKE] 13.65x >= 8x | distancia=7 rondas
2026-05-13 19:16:04 [DEBUG] db_advanced — spike_distances: nivel=10x dist=7 val=13.65
2026-05-13 19:16:04 [DEBUG] db_advanced — pre_spike_context guardado: 13.65x (nivel=10x)
2026-05-13 19:16:04 [INFO] spike_tracker — [SPIKE] 13.65x >= 10x | distancia=7 rondas
2026-05-13 19:16:04 [DEBUG] main_v3 — Calibrando… 39/60 rondas
2026-05-13 19:16:23 [DEBUG] main_v3 — Calibrando… 40/60 rondas
2026-05-13 19:16:41 [DEBUG] main_v3 — Calibrando… 41/60 rondas
2026-05-13 19:16:50 [DEBUG] main_v3 — Calibrando… 42/60 rondas
2026-05-13 19:17:11 [DEBUG] main_v3 — Calibrando… 43/60 rondas
2026-05-13 19:17:20 [DEBUG] main_v3 — Calibrando… 44/60 rondas
2026-05-13 19:17:30 [DEBUG] main_v3 — Calibrando… 45/60 rondas
2026-05-13 19:17:43 [DEBUG] main_v3 — Calibrando… 46/60 rondas
2026-05-13 19:17:55 [DEBUG] main_v3 — Calibrando… 47/60 rondas
2026-05-13 19:18:15 [DEBUG] main_v3 — Calibrando… 48/60 rondas
2026-05-13 19:18:32 [DEBUG] main_v3 — Calibrando… 49/60 rondas
2026-05-13 19:19:01 [DEBUG] main_v3 — Calibrando… 50/60 rondas
2026-05-13 19:19:10 [DEBUG] main_v3 — Calibrando… 51/60 rondas
2026-05-13 19:19:35 [DEBUG] main_v3 — Calibrando… 52/60 rondas
2026-05-13 19:19:45 [DEBUG] main_v3 — Calibrando… 53/60 rondas
2026-05-13 19:20:02 [DEBUG] main_v3 — Calibrando… 54/60 rondas
2026-05-13 19:20:25 [DEBUG] main_v3 — Calibrando… 55/60 rondas
2026-05-13 19:20:58 [INFO] analyzer — Anti-FOMO: spike 9.69x → bloqueando 3 rondas.
2026-05-13 19:20:58 [INFO] advanced_stats — [POST_SPIKE_COOLDOWN] 9.69x >= 5x → bloqueando 2 rondas
2026-05-13 19:20:58 [INFO] advanced_stats — [POST_SPIKE_COOLDOWN] 9.69x >= 8x → bloqueando 2 rondas
2026-05-13 19:20:58 [DEBUG] db_advanced — spike_distances: nivel=5x dist=17 val=9.69
2026-05-13 19:20:58 [DEBUG] db_advanced — pre_spike_context guardado: 9.69x (nivel=5x)
2026-05-13 19:20:58 [INFO] spike_tracker — [SPIKE] 9.69x >= 5x | distancia=17 rondas
2026-05-13 19:20:58 [DEBUG] db_advanced — spike_distances: nivel=8x dist=17 val=9.69
2026-05-13 19:20:58 [DEBUG] db_advanced — pre_spike_context guardado: 9.69x (nivel=8x)
2026-05-13 19:20:58 [INFO] spike_tracker — [SPIKE] 9.69x >= 8x | distancia=17 rondas
2026-05-13 19:20:58 [DEBUG] main_v3 — Calibrando… 56/60 rondas
2026-05-13 19:21:21 [DEBUG] main_v3 — Calibrando… 57/60 rondas
2026-05-13 19:21:47 [DEBUG] main_v3 — Calibrando… 58/60 rondas
2026-05-13 19:21:59 [DEBUG] main_v3 — Calibrando… 59/60 rondas
2026-05-13 19:22:14 [DEBUG] entropy — [ENTROPÍA] score=0.115 label=estructurado structured=True dead=False
2026-05-13 19:22:14 [DEBUG] ml_clustering — [ML] contexto=neutral score=81 anomalía=0.000 similar=0 buffer=1
2026-05-13 19:22:14 [INFO] dual_engine — [DUAL ENGINE] mode=none emit=False target=0.00x safe=44 hunter=20 moon=23 entropy=0.115
2026-05-13 19:22:14 [INFO] main_v3 — [19:22:14] 1.74x | mode=none | safe=44 | hunter=20 | moon=23 | entropy=0.115 | comp=0.349 | tension=31
2026-05-13 19:22:14 [INFO] main_v3 — [ENTROPÍA] Entropía baja (0.115) con run-length=0.440. Posible compresión estadística activa.
2026-05-13 19:22:14 [INFO] main_v3 — [DISTANCIA 20x SOBRE MEDIA] hace=37r | avg=18r
2026-05-13 19:22:58 [INFO] analyzer — Anti-FOMO: spike 26.34x → bloqueando 3 rondas.
2026-05-13 19:22:58 [INFO] advanced_stats — [POST_SPIKE_COOLDOWN] 26.34x >= 5x → bloqueando 2 rondas
2026-05-13 19:22:58 [INFO] advanced_stats — [POST_SPIKE_COOLDOWN] 26.34x >= 8x → bloqueando 2 rondas
2026-05-13 19:22:58 [INFO] advanced_stats — [POST_SPIKE_COOLDOWN] 26.34x >= 10x → bloqueando 3 rondas
2026-05-13 19:22:58 [INFO] advanced_stats — [POST_SPIKE_COOLDOWN] 26.34x >= 20x → bloqueando 4 rondas
2026-05-13 19:22:58 [DEBUG] db_advanced — spike_distances: nivel=5x dist=5 val=26.34
2026-05-13 19:22:58 [DEBUG] db_advanced — pre_spike_context guardado: 26.34x (nivel=5x)
2026-05-13 19:22:58 [INFO] spike_tracker — [SPIKE] 26.34x >= 5x | distancia=5 rondas
2026-05-13 19:22:58 [DEBUG] db_advanced — spike_distances: nivel=8x dist=5 val=26.34
2026-05-13 19:22:58 [DEBUG] db_advanced — pre_spike_context guardado: 26.34x (nivel=8x)
2026-05-13 19:22:58 [INFO] spike_tracker — [SPIKE] 26.34x >= 8x | distancia=5 rondas
2026-05-13 19:22:58 [DEBUG] db_advanced — spike_distances: nivel=10x dist=22 val=26.34
2026-05-13 19:22:59 [DEBUG] db_advanced — pre_spike_context guardado: 26.34x (nivel=10x)
2026-05-13 19:22:59 [INFO] spike_tracker — [SPIKE] 26.34x >= 10x | distancia=22 rondas
2026-05-13 19:22:59 [DEBUG] db_advanced — spike_distances: nivel=20x dist=29 val=26.34
2026-05-13 19:22:59 [DEBUG] db_advanced — pre_spike_context guardado: 26.34x (nivel=20x)
2026-05-13 19:22:59 [INFO] spike_tracker — [SPIKE] 26.34x >= 20x | distancia=29 rondas
2026-05-13 19:22:59 [DEBUG] entropy — [ENTROPÍA] score=0.157 label=estructurado structured=True dead=False
2026-05-13 19:22:59 [DEBUG] ml_clustering — [ML] contexto=neutral score=78 anomalía=0.000 similar=0 buffer=2
2026-05-13 19:22:59 [INFO] dual_engine — [DUAL ENGINE] mode=none emit=False target=0.00x safe=33 hunter=8 moon=0 entropy=0.157
2026-05-13 19:22:59 [INFO] main_v3 — [19:22:58] 26.34x | mode=none | safe=33 | hunter=8 | moon=0 | entropy=0.157 | comp=0.253 | tension=10
2026-05-13 19:22:59 [INFO] main_v3 — [ENTROPÍA] Entropía baja (0.157) con run-length=0.440. Posible compresión estadística activa.
2026-05-13 19:22:59 [INFO] main_v3 — [POST_SPIKE_COOLDOWN] Bloqueado 3 rondas tras 20x
2026-05-13 19:23:08 [DEBUG] entropy — [ENTROPÍA] score=0.157 label=estructurado structured=True dead=False
2026-05-13 19:23:08 [DEBUG] ml_clustering — [ML] contexto=neutral score=78 anomalía=0.000 similar=0 buffer=3
2026-05-13 19:23:08 [INFO] dual_engine — [DUAL ENGINE] mode=none emit=False target=0.00x safe=32 hunter=10 moon=0 entropy=0.157
2026-05-13 19:23:08 [INFO] main_v3 — [19:23:08] 1.00x | mode=none | safe=32 | hunter=10 | moon=0 | entropy=0.157 | comp=0.349 | tension=14
2026-05-13 19:23:08 [INFO] main_v3 — [ENTROPÍA] Entropía baja (0.157) con run-length=0.420. Posible compresión estadística activa.
2026-05-13 19:23:08 [INFO] main_v3 — [POST_SPIKE_COOLDOWN] Bloqueado 2 rondas tras 20x
2026-05-13 19:23:22 [DEBUG] entropy — [ENTROPÍA] score=0.157 label=estructurado structured=True dead=False
2026-05-13 19:23:22 [DEBUG] ml_clustering — [ML] contexto=neutral score=78 anomalía=0.000 similar=0 buffer=4
2026-05-13 19:23:22 [INFO] dual_engine — [DUAL ENGINE] mode=none emit=False target=0.00x safe=32 hunter=8 moon=0 entropy=0.157
2026-05-13 19:23:22 [INFO] main_v3 — [19:23:22] 1.62x | mode=none | safe=32 | hunter=8 | moon=0 | entropy=0.157 | comp=0.253 | tension=11
2026-05-13 19:23:22 [INFO] main_v3 — [ENTROPÍA] Entropía baja (0.157) con run-length=0.420. Posible compresión estadística activa.
2026-05-13 19:23:22 [INFO] main_v3 — [POST_SPIKE_COOLDOWN] Bloqueado 1 rondas tras 20x
2026-05-13 19:23:34 [INFO] advanced_stats — [PRE-SPIKE DETECTADO] Contexto similar a previo a 10x (n=3 muestras | avg_low=42.20%)
2026-05-13 19:23:34 [DEBUG] entropy — [ENTROPÍA] score=0.157 label=estructurado structured=True dead=False
2026-05-13 19:23:34 [DEBUG] ml_clustering — [ML] contexto=neutral score=77 anomalía=0.000 similar=0 buffer=5
2026-05-13 19:23:34 [INFO] dual_engine — [DUAL ENGINE] mode=none emit=False target=0.00x safe=24 hunter=26 moon=28 entropy=0.157
2026-05-13 19:23:34 [INFO] main_v3 — [19:23:34] 1.42x | mode=none | safe=24 | hunter=26 | moon=28 | entropy=0.157 | comp=0.278 | tension=12
2026-05-13 19:23:34 [INFO] main_v3 — [ENTROPÍA] Entropía baja (0.157) con run-length=0.420. Posible compresión estadística activa.
2026-05-13 19:23:34 [INFO] main_v3 — [PRE-SPIKE DETECTADO] Contexto similar a previo a 10x (n=3 muestras | avg_low=42.20%)
2026-05-13 19:23:56 [INFO] advanced_stats — [PRE-SPIKE DETECTADO] Contexto similar a previo a 10x (n=3 muestras | avg_low=42.20%)
2026-05-13 19:23:56 [DEBUG] entropy — [ENTROPÍA] score=0.157 label=estructurado structured=True dead=False
2026-05-13 19:23:56 [DEBUG] ml_clustering — [ML] contexto=neutral score=77 anomalía=0.000 similar=0 buffer=6
2026-05-13 19:23:56 [INFO] dual_engine — [DUAL ENGINE] mode=none emit=False target=0.00x safe=25 hunter=26 moon=28 entropy=0.157
2026-05-13 19:23:56 [INFO] main_v3 — [19:23:56] 2.79x | mode=none | safe=25 | hunter=26 | moon=28 | entropy=0.157 | comp=0.278 | tension=12
2026-05-13 19:23:56 [INFO] main_v3 — [ENTROPÍA] Entropía baja (0.157) con run-length=0.400. Posible compresión estadística activa.
2026-05-13 19:23:56 [INFO] main_v3 — [PRE-SPIKE DETECTADO] Contexto similar a previo a 10x (n=3 muestras | avg_low=42.20%)
2026-05-13 19:24:31 [INFO] analyzer — Anti-FOMO: spike 11.50x → bloqueando 3 rondas.
2026-05-13 19:24:31 [INFO] advanced_stats — [POST_SPIKE_COOLDOWN] 11.50x >= 5x → bloqueando 2 rondas
2026-05-13 19:24:31 [INFO] advanced_stats — [POST_SPIKE_COOLDOWN] 11.50x >= 8x → bloqueando 2 rondas
2026-05-13 19:24:31 [INFO] advanced_stats — [POST_SPIKE_COOLDOWN] 11.50x >= 10x → bloqueando 3 rondas
2026-05-13 19:24:31 [DEBUG] db_advanced — spike_distances: nivel=5x dist=5 val=11.50
2026-05-13 19:24:31 [DEBUG] db_advanced — pre_spike_context guardado: 11.50x (nivel=5x)
2026-05-13 19:24:31 [INFO] spike_tracker — [SPIKE] 11.50x >= 5x | distancia=5 rondas
2026-05-13 19:24:31 [DEBUG] db_advanced — spike_distances: nivel=8x dist=5 val=11.50
2026-05-13 19:24:32 [DEBUG] db_advanced — pre_spike_context guardado: 11.50x (nivel=8x)
2026-05-13 19:24:32 [INFO] spike_tracker — [SPIKE] 11.50x >= 8x | distancia=5 rondas
2026-05-13 19:24:32 [DEBUG] db_advanced — spike_distances: nivel=10x dist=5 val=11.50
2026-05-13 19:24:32 [DEBUG] db_advanced — pre_spike_context guardado: 11.50x (nivel=10x)
2026-05-13 19:24:32 [INFO] spike_tracker — [SPIKE] 11.50x >= 10x | distancia=5 rondas
2026-05-13 19:24:32 [INFO] advanced_stats — [PRE-SPIKE DETECTADO] Contexto similar a previo a 10x (n=4 muestras | avg_low=40.00%)
2026-05-13 19:24:32 [DEBUG] entropy — [ENTROPÍA] score=0.182 label=estructurado structured=True dead=False
2026-05-13 19:24:32 [DEBUG] ml_clustering — [ML] contexto=neutral score=77 anomalía=0.000 similar=0 buffer=7
2026-05-13 19:24:32 [INFO] dual_engine — [DUAL ENGINE] mode=none emit=False target=0.00x safe=30 hunter=23 moon=20 entropy=0.182
2026-05-13 19:24:32 [INFO] main_v3 — [19:24:31] 11.50x | mode=none | safe=30 | hunter=23 | moon=20 | entropy=0.182 | comp=0.278 | tension=12
2026-05-13 19:24:32 [INFO] main_v3 — [ENTROPÍA] Entropía baja (0.182) con run-length=0.420. Posible compresión estadística activa.
2026-05-13 19:24:32 [INFO] main_v3 — [POST_SPIKE_COOLDOWN] Bloqueado 2 rondas tras 10x
2026-05-13 19:24:32 [INFO] main_v3 — [PRE-SPIKE DETECTADO] Contexto similar a previo a 10x (n=4 muestras | avg_low=40.00%)
2026-05-13 19:24:48 [INFO] advanced_stats — [PRE-SPIKE DETECTADO] Contexto similar a previo a 10x (n=4 muestras | avg_low=40.00%)
2026-05-13 19:24:48 [DEBUG] entropy — [ENTROPÍA] score=0.182 label=estructurado structured=True dead=False
2026-05-13 19:24:48 [DEBUG] ml_clustering — [ML] contexto=neutral score=77 anomalía=0.000 similar=0 buffer=8
2026-05-13 19:24:48 [INFO] dual_engine — [DUAL ENGINE] mode=none emit=False target=0.00x safe=29 hunter=23 moon=20 entropy=0.182
2026-05-13 19:24:48 [INFO] main_v3 — [19:24:48] 1.82x | mode=none | safe=29 | hunter=23 | moon=20 | entropy=0.182 | comp=0.278 | tension=12
2026-05-13 19:24:48 [INFO] main_v3 — [ENTROPÍA] Entropía baja (0.182) con run-length=0.420. Posible compresión estadística activa.
2026-05-13 19:24:48 [INFO] main_v3 — [POST_SPIKE_COOLDOWN] Bloqueado 1 rondas tras 10x
2026-05-13 19:24:48 [INFO] main_v3 — [PRE-SPIKE DETECTADO] Contexto similar a previo a 10x (n=4 muestras | avg_low=40.00%)
2026-05-13 19:24:57 [INFO] advanced_stats — [PRE-SPIKE DETECTADO] Contexto similar a previo a 10x (n=4 muestras | avg_low=40.00%)
2026-05-13 19:24:57 [DEBUG] entropy — [ENTROPÍA] score=0.182 label=estructurado structured=True dead=False
2026-05-13 19:24:57 [DEBUG] ml_clustering — [ML] contexto=neutral score=77 anomalía=0.000 similar=0 buffer=9
2026-05-13 19:24:57 [INFO] dual_engine — [DUAL ENGINE] mode=none emit=False target=0.00x safe=27 hunter=27 moon=20 entropy=0.182
2026-05-13 19:24:57 [INFO] main_v3 — [19:24:57] 1.22x | mode=none | safe=27 | hunter=27 | moon=20 | entropy=0.182 | comp=0.374 | tension=16
2026-05-13 19:24:57 [INFO] main_v3 — [ENTROPÍA] Entropía baja (0.182) con run-length=0.440. Posible compresión estadística activa.
2026-05-13 19:24:57 [INFO] main_v3 — [PRE-SPIKE DETECTADO] Contexto similar a previo a 10x (n=4 muestras | avg_low=40.00%)
2026-05-13 19:25:22 [INFO] advanced_stats — [PRE-SPIKE DETECTADO] Contexto similar a previo a 10x (n=4 muestras | avg_low=40.00%)
2026-05-13 19:25:22 [DEBUG] entropy — [ENTROPÍA] score=0.182 label=estructurado structured=True dead=False
2026-05-13 19:25:22 [DEBUG] ml_clustering — [ML] contexto=neutral score=77 anomalía=0.000 similar=0 buffer=10
2026-05-13 19:25:22 [INFO] dual_engine — [DUAL ENGINE] mode=none emit=False target=0.00x safe=25 hunter=27 moon=28 entropy=0.182
2026-05-13 19:25:22 [INFO] main_v3 — [19:25:22] 4.48x | mode=none | safe=25 | hunter=27 | moon=28 | entropy=0.182 | comp=0.278 | tension=19
2026-05-13 19:25:22 [INFO] main_v3 — [ENTROPÍA] Entropía baja (0.182) con run-length=0.440. Posible compresión estadística activa.
2026-05-13 19:25:22 [INFO] main_v3 — [PRE-SPIKE DETECTADO] Contexto similar a previo a 10x (n=4 muestras | avg_low=40.00%)
2026-05-13 19:25:45 [INFO] advanced_stats — [PRE-SPIKE DETECTADO] Contexto similar a previo a 10x (n=4 muestras | avg_low=40.00%)
2026-05-13 19:25:45 [DEBUG] entropy — [ENTROPÍA] score=0.182 label=estructurado structured=True dead=False
2026-05-13 19:25:45 [DEBUG] ml_clustering — [ML] contexto=neutral score=77 anomalía=0.000 similar=0 buffer=11
2026-05-13 19:25:45 [INFO] dual_engine — [DUAL ENGINE] mode=none emit=False target=0.00x safe=29 hunter=27 moon=28 entropy=0.182
2026-05-13 19:25:45 [INFO] main_v3 — [19:25:44] 2.87x | mode=none | safe=29 | hunter=27 | moon=28 | entropy=0.182 | comp=0.278 | tension=19
2026-05-13 19:25:45 [INFO] main_v3 — [ENTROPÍA] Entropía baja (0.182) con run-length=0.460. Posible compresión estadística activa.
2026-05-13 19:25:45 [INFO] main_v3 — [PRE-SPIKE DETECTADO] Contexto similar a previo a 10x (n=4 muestras | avg_low=40.00%)
2026-05-13 19:26:43 [INFO] analyzer — Anti-FOMO: spike 99.48x → bloqueando 3 rondas.
2026-05-13 19:26:43 [INFO] advanced_stats — [POST_SPIKE_COOLDOWN] 99.48x >= 5x → bloqueando 2 rondas
2026-05-13 19:26:43 [INFO] advanced_stats — [POST_SPIKE_COOLDOWN] 99.48x >= 8x → bloqueando 2 rondas
2026-05-13 19:26:43 [INFO] advanced_stats — [POST_SPIKE_COOLDOWN] 99.48x >= 10x → bloqueando 3 rondas
2026-05-13 19:26:43 [INFO] advanced_stats — [POST_SPIKE_COOLDOWN] 99.48x >= 20x → bloqueando 4 rondas
2026-05-13 19:26:43 [INFO] advanced_stats — [POST_SPIKE_COOLDOWN] 99.48x >= 50x → bloqueando 5 rondas
2026-05-13 19:26:43 [DEBUG] db_advanced — spike_distances: nivel=5x dist=5 val=99.48
2026-05-13 19:26:43 [DEBUG] db_advanced — pre_spike_context guardado: 99.48x (nivel=5x)
2026-05-13 19:26:43 [INFO] spike_tracker — [SPIKE] 99.48x >= 5x | distancia=5 rondas
2026-05-13 19:26:43 [DEBUG] db_advanced — spike_distances: nivel=8x dist=5 val=99.48
2026-05-13 19:26:43 [DEBUG] db_advanced — pre_spike_context guardado: 99.48x (nivel=8x)
2026-05-13 19:26:43 [INFO] spike_tracker — [SPIKE] 99.48x >= 8x | distancia=5 rondas
2026-05-13 19:26:43 [DEBUG] db_advanced — spike_distances: nivel=10x dist=5 val=99.48
2026-05-13 19:26:43 [DEBUG] db_advanced — pre_spike_context guardado: 99.48x (nivel=10x)
2026-05-13 19:26:43 [INFO] spike_tracker — [SPIKE] 99.48x >= 10x | distancia=5 rondas
2026-05-13 19:26:44 [DEBUG] db_advanced — spike_distances: nivel=20x dist=10 val=99.48
2026-05-13 19:26:44 [DEBUG] db_advanced — pre_spike_context guardado: 99.48x (nivel=20x)
2026-05-13 19:26:44 [INFO] spike_tracker — [SPIKE] 99.48x >= 20x | distancia=10 rondas
2026-05-13 19:26:44 [DEBUG] db_advanced — spike_distances: nivel=50x dist=39 val=99.48
2026-05-13 19:26:44 [DEBUG] db_advanced — pre_spike_context guardado: 99.48x (nivel=50x)
2026-05-13 19:26:44 [INFO] spike_tracker — [SPIKE] 99.48x >= 50x | distancia=39 rondas
2026-05-13 19:26:44 [INFO] advanced_stats — [PRE-SPIKE DETECTADO] Contexto similar a previo a 10x (n=5 muestras | avg_low=37.30%)
2026-05-13 19:26:44 [INFO] advanced_stats — [PRE-SPIKE DETECTADO] Contexto similar a previo a 20x (n=3 muestras | avg_low=35.60%)
2026-05-13 19:26:44 [DEBUG] entropy — [ENTROPÍA] score=0.199 label=estructurado structured=True dead=False
2026-05-13 19:26:44 [DEBUG] ml_clustering — [ML] contexto=neutral score=67 anomalía=0.000 similar=0 buffer=12
2026-05-13 19:26:44 [INFO] dual_engine — [DUAL ENGINE] mode=none emit=False target=0.00x safe=26 hunter=38 moon=40 entropy=0.199
2026-05-13 19:26:45 [INFO] main_v3 — [19:26:43] 99.48x | mode=none | safe=26 | hunter=38 | moon=40 | entropy=0.199 | comp=0.278 | tension=11
2026-05-13 19:26:45 [INFO] main_v3 — [ENTROPÍA] Entropía baja (0.199) con run-length=0.480. Posible compresión estadística activa.
2026-05-13 19:26:45 [INFO] main_v3 — [POST_SPIKE_COOLDOWN] Bloqueado 4 rondas tras 50x
2026-05-13 19:26:45 [INFO] main_v3 — [PRE-SPIKE DETECTADO] Contexto similar a previo a 10x (n=5 muestras | avg_low=37.30%)
2026-05-13 19:26:46 [INFO] main_v3 — [PRE-SPIKE DETECTADO] Contexto similar a previo a 20x (n=3 muestras | avg_low=35.60%)
2026-05-13 19:27:23 [INFO] analyzer — Anti-FOMO: spike 17.41x → bloqueando 3 rondas.
2026-05-13 19:27:23 [INFO] advanced_stats — [POST_SPIKE_COOLDOWN] 17.41x >= 5x → bloqueando 2 rondas
2026-05-13 19:27:23 [INFO] advanced_stats — [POST_SPIKE_COOLDOWN] 17.41x >= 8x → bloqueando 2 rondas
2026-05-13 19:27:23 [INFO] advanced_stats — [POST_SPIKE_COOLDOWN] 17.41x >= 10x → bloqueando 3 rondas
2026-05-13 19:27:23 [DEBUG] db_advanced — spike_distances: nivel=5x dist=1 val=17.41
2026-05-13 19:27:23 [DEBUG] db_advanced — pre_spike_context guardado: 17.41x (nivel=5x)
2026-05-13 19:27:23 [INFO] spike_tracker — [SPIKE] 17.41x >= 5x | distancia=1 rondas
2026-05-13 19:27:23 [DEBUG] db_advanced — spike_distances: nivel=8x dist=1 val=17.41
2026-05-13 19:27:23 [DEBUG] db_advanced — pre_spike_context guardado: 17.41x (nivel=8x)
2026-05-13 19:27:23 [INFO] spike_tracker — [SPIKE] 17.41x >= 8x | distancia=1 rondas
2026-05-13 19:27:23 [DEBUG] db_advanced — spike_distances: nivel=10x dist=1 val=17.41
2026-05-13 19:27:23 [DEBUG] db_advanced — pre_spike_context guardado: 17.41x (nivel=10x)
2026-05-13 19:27:23 [INFO] spike_tracker — [SPIKE] 17.41x >= 10x | distancia=1 rondas
2026-05-13 19:27:23 [INFO] advanced_stats — [PRE-SPIKE DETECTADO] Contexto similar a previo a 10x (n=6 muestras | avg_low=35.60%)
2026-05-13 19:27:23 [INFO] advanced_stats — [PRE-SPIKE DETECTADO] Contexto similar a previo a 20x (n=3 muestras | avg_low=35.60%)
2026-05-13 19:27:23 [DEBUG] entropy — [ENTROPÍA] score=0.224 label=estructurado structured=True dead=False
2026-05-13 19:27:23 [WARNING] entropy — [DEAD MARKET] Bloqueando todas las señales. toxicity=0.60 | 2 spikes ≥8x en últimas 5 rondas | Volatilidad absurda (std=30.3 en 10r)
2026-05-13 19:27:23 [DEBUG] ml_clustering — [ML] contexto=neutral score=66 anomalía=0.000 similar=0 buffer=13
2026-05-13 19:27:23 [INFO] dual_engine — [DUAL ENGINE] mode=dead emit=False target=0.00x safe=28 hunter=35 moon=40 entropy=0.224
2026-05-13 19:27:23 [INFO] main_v3 — [19:27:23] 17.41x | mode=dead | safe=28 | hunter=35 | moon=40 | entropy=0.224 | comp=0.181 | tension=8
2026-05-13 19:27:23 [INFO] main_v3 — [DEAD MARKET] 2 spikes ≥8x en últimas 5 rondas | Volatilidad absurda (std=30.3 en 10r)
2026-05-13 19:27:23 [INFO] main_v3 — [ENTROPÍA] Entropía baja (0.224) con run-length=0.500. Posible compresión estadística activa.
2026-05-13 19:27:23 [INFO] main_v3 — [POST_SPIKE_COOLDOWN] Bloqueado 3 rondas tras 50x
2026-05-13 19:27:23 [INFO] main_v3 — [PRE-SPIKE DETECTADO] Contexto similar a previo a 10x (n=6 muestras | avg_low=35.60%)
2026-05-13 19:27:23 [INFO] main_v3 — [PRE-SPIKE DETECTADO] Contexto similar a previo a 20x (n=3 muestras | avg_low=35.60%)
2026-05-13 19:27:54 [INFO] analyzer — Anti-FOMO: spike 6.78x → bloqueando 3 rondas.
2026-05-13 19:27:54 [INFO] advanced_stats — [POST_SPIKE_COOLDOWN] 6.78x >= 5x → bloqueando 2 rondas
2026-05-13 19:27:54 [DEBUG] db_advanced — spike_distances: nivel=5x dist=1 val=6.78
2026-05-13 19:27:54 [DEBUG] db_advanced — pre_spike_context guardado: 6.78x (nivel=5x)
2026-05-13 19:27:54 [INFO] spike_tracker — [SPIKE] 6.78x >= 5x | distancia=1 rondas
2026-05-13 19:27:54 [INFO] advanced_stats — [PRE-SPIKE DETECTADO] Contexto similar a previo a 10x (n=6 muestras | avg_low=35.60%)
2026-05-13 19:27:54 [INFO] advanced_stats — [PRE-SPIKE DETECTADO] Contexto similar a previo a 20x (n=3 muestras | avg_low=35.60%)
2026-05-13 19:27:54 [DEBUG] entropy — [ENTROPÍA] score=0.182 label=estructurado structured=True dead=False
2026-05-13 19:27:54 [WARNING] entropy — [DEAD MARKET] Bloqueando todas las señales. toxicity=0.60 | 2 spikes ≥8x en últimas 5 rondas | Volatilidad absurda (std=30.1 en 10r)
2026-05-13 19:27:54 [DEBUG] ml_clustering — [ML] contexto=neutral score=67 anomalía=0.000 similar=0 buffer=14
2026-05-13 19:27:54 [INFO] dual_engine — [DUAL ENGINE] mode=dead emit=False target=0.00x safe=29 hunter=35 moon=40 entropy=0.182
2026-05-13 19:27:54 [INFO] main_v3 — [19:27:54] 6.78x | mode=dead | safe=29 | hunter=35 | moon=40 | entropy=0.182 | comp=0.181 | tension=8
2026-05-13 19:27:54 [INFO] main_v3 — [DEAD MARKET] 2 spikes ≥8x en últimas 5 rondas | Volatilidad absurda (std=30.1 en 10r)
2026-05-13 19:27:54 [INFO] main_v3 — [ENTROPÍA] Entropía baja (0.182) con run-length=0.500. Posible compresión estadística activa.
2026-05-13 19:27:54 [INFO] main_v3 — [POST_SPIKE_COOLDOWN] Bloqueado 2 rondas tras 50x
2026-05-13 19:27:54 [INFO] main_v3 — [PRE-SPIKE DETECTADO] Contexto similar a previo a 10x (n=6 muestras | avg_low=35.60%)
2026-05-13 19:27:54 [INFO] main_v3 — [PRE-SPIKE DETECTADO] Contexto similar a previo a 20x (n=3 muestras | avg_low=35.60%)
2026-05-13 19:28:11 [DEBUG] entropy — [ENTROPÍA] score=0.182 label=estructurado structured=True dead=False
2026-05-13 19:28:11 [WARNING] entropy — [DEAD MARKET] Bloqueando todas las señales. toxicity=0.60 | 2 spikes ≥8x en últimas 5 rondas | Volatilidad absurda (std=30.1 en 10r)
2026-05-13 19:28:11 [DEBUG] ml_clustering — [ML] contexto=neutral score=68 anomalía=0.000 similar=0 buffer=15
2026-05-13 19:28:11 [INFO] dual_engine — [DUAL ENGINE] mode=dead emit=False target=0.00x safe=31 hunter=4 moon=0 entropy=0.182
2026-05-13 19:28:11 [INFO] main_v3 — [19:28:11] 2.04x | mode=dead | safe=31 | hunter=4 | moon=0 | entropy=0.182 | comp=0.156 | tension=7
2026-05-13 19:28:11 [INFO] main_v3 — [DEAD MARKET] 2 spikes ≥8x en últimas 5 rondas | Volatilidad absurda (std=30.1 en 10r)
2026-05-13 19:28:11 [INFO] main_v3 — [ENTROPÍA] Entropía baja (0.182) con run-length=0.520. Posible compresión estadística activa.
2026-05-13 19:28:11 [INFO] main_v3 — [POST_SPIKE_COOLDOWN] Bloqueado 1 rondas tras 50x
2026-05-13 19:28:30 [DEBUG] entropy — [ENTROPÍA] score=0.182 label=estructurado structured=True dead=False
2026-05-13 19:28:30 [WARNING] entropy — [DEAD MARKET] Bloqueando todas las señales. toxicity=0.60 | 2 spikes ≥8x en últimas 5 rondas | Volatilidad absurda (std=30.1 en 10r)
2026-05-13 19:28:30 [DEBUG] ml_clustering — [ML] contexto=neutral score=68 anomalía=0.000 similar=0 buffer=16
2026-05-13 19:28:30 [INFO] dual_engine — [DUAL ENGINE] mode=dead emit=False target=0.00x safe=31 hunter=4 moon=0 entropy=0.182
2026-05-13 19:28:30 [INFO] main_v3 — [19:28:30] 2.49x | mode=dead | safe=31 | hunter=4 | moon=0 | entropy=0.182 | comp=0.156 | tension=7
2026-05-13 19:28:30 [INFO] main_v3 — [DEAD MARKET] 2 spikes ≥8x en últimas 5 rondas | Volatilidad absurda (std=30.1 en 10r)
2026-05-13 19:28:30 [INFO] main_v3 — [ENTROPÍA] Entropía baja (0.182) con run-length=0.540. Posible compresión estadística activa.
2026-05-13 19:28:44 [DEBUG] entropy — [ENTROPÍA] score=0.182 label=estructurado structured=True dead=False
2026-05-13 19:28:44 [DEBUG] ml_clustering — [ML] contexto=neutral score=68 anomalía=0.000 similar=0 buffer=17
2026-05-13 19:28:44 [INFO] dual_engine — [DUAL ENGINE] mode=none emit=False target=0.00x safe=40 hunter=8 moon=12 entropy=0.182
2026-05-13 19:28:44 [INFO] main_v3 — [19:28:44] 1.62x | mode=none | safe=40 | hunter=8 | moon=12 | entropy=0.182 | comp=0.156 | tension=7
2026-05-13 19:28:44 [INFO] main_v3 — [ENTROPÍA] Entropía baja (0.182) con run-length=0.520. Posible compresión estadística activa.
2026-05-13 19:29:17 [INFO] analyzer — Anti-FOMO: spike 8.16x → bloqueando 3 rondas.
2026-05-13 19:29:17 [INFO] advanced_stats — [POST_SPIKE_COOLDOWN] 8.16x >= 5x → bloqueando 2 rondas
2026-05-13 19:29:17 [INFO] advanced_stats — [POST_SPIKE_COOLDOWN] 8.16x >= 8x → bloqueando 2 rondas
2026-05-13 19:29:17 [DEBUG] db_advanced — spike_distances: nivel=5x dist=4 val=8.16
2026-05-13 19:29:17 [DEBUG] db_advanced — pre_spike_context guardado: 8.16x (nivel=5x)
2026-05-13 19:29:17 [INFO] spike_tracker — [SPIKE] 8.16x >= 5x | distancia=4 rondas
2026-05-13 19:29:17 [DEBUG] db_advanced — spike_distances: nivel=8x dist=5 val=8.16
2026-05-13 19:29:17 [DEBUG] db_advanced — pre_spike_context guardado: 8.16x (nivel=8x)
2026-05-13 19:29:17 [INFO] spike_tracker — [SPIKE] 8.16x >= 8x | distancia=5 rondas
2026-05-13 19:29:17 [DEBUG] entropy — [ENTROPÍA] score=0.182 label=estructurado structured=True dead=False
2026-05-13 19:29:17 [DEBUG] ml_clustering — [ML] contexto=neutral score=69 anomalía=0.000 similar=0 buffer=18
2026-05-13 19:29:17 [INFO] dual_engine — [DUAL ENGINE] mode=none emit=False target=0.00x safe=31 hunter=4 moon=0 entropy=0.182
2026-05-13 19:29:17 [INFO] main_v3 — [19:29:17] 8.16x | mode=none | safe=31 | hunter=4 | moon=0 | entropy=0.182 | comp=0.156 | tension=7
2026-05-13 19:29:17 [INFO] main_v3 — [ENTROPÍA] Entropía baja (0.182) con run-length=0.520. Posible compresión estadística activa.
2026-05-13 19:29:17 [INFO] main_v3 — [POST_SPIKE_COOLDOWN] Bloqueado 1 rondas tras 8x
2026-05-13 19:29:30 [DEBUG] entropy — [ENTROPÍA] score=0.182 label=estructurado structured=True dead=False
2026-05-13 19:29:30 [DEBUG] ml_clustering — [ML] contexto=neutral score=69 anomalía=0.000 similar=0 buffer=19
2026-05-13 19:29:30 [INFO] dual_engine — [DUAL ENGINE] mode=none emit=False target=0.00x safe=31 hunter=0 moon=0 entropy=0.182
2026-05-13 19:29:30 [INFO] main_v3 — [19:29:30] 1.55x | mode=none | safe=31 | hunter=0 | moon=0 | entropy=0.182 | comp=0.000 | tension=2
2026-05-13 19:29:30 [INFO] main_v3 — [ENTROPÍA] Entropía baja (0.182) con run-length=0.520. Posible compresión estadística activa.
2026-05-13 19:29:44 [DEBUG] entropy — [ENTROPÍA] score=0.182 label=estructurado structured=True dead=False
2026-05-13 19:29:44 [DEBUG] ml_clustering — [CLUSTERING] Modelos re-entrenados con 20 muestras
2026-05-13 19:29:44 [DEBUG] ml_clustering — [ML] contexto=neutral score=70 anomalía=0.000 similar=0 buffer=20
2026-05-13 19:29:44 [INFO] dual_engine — [DUAL ENGINE] mode=none emit=False target=0.00x safe=29 hunter=0 moon=0 entropy=0.182
2026-05-13 19:29:44 [INFO] main_v3 — [19:29:44] 1.64x | mode=none | safe=29 | hunter=0 | moon=0 | entropy=0.182 | comp=0.000 | tension=2
2026-05-13 19:29:44 [INFO] main_v3 — [ENTROPÍA] Entropía baja (0.182) con run-length=0.540. Posible compresión estadística activa.
2026-05-13 19:30:00 [DEBUG] entropy — [ENTROPÍA] score=0.182 label=estructurado structured=True dead=False
2026-05-13 19:30:00 [DEBUG] ml_clustering — [ML] contexto=neutral score=70 anomalía=0.188 similar=6 buffer=21
2026-05-13 19:30:00 [INFO] dual_engine — [DUAL ENGINE] mode=none emit=False target=0.00x safe=47 hunter=4 moon=14 entropy=0.182
2026-05-13 19:30:00 [INFO] main_v3 — [19:30:00] 1.92x | mode=none | safe=47 | hunter=4 | moon=14 | entropy=0.182 | comp=0.000 | tension=2
2026-05-13 19:30:00 [INFO] main_v3 — [ENTROPÍA] Entropía baja (0.182) con run-length=0.540. Posible compresión estadística activa.
2026-05-13 19:30:15 [DEBUG] entropy — [ENTROPÍA] score=0.182 label=estructurado structured=True dead=False
2026-05-13 19:30:15 [DEBUG] ml_clustering — [ML] contexto=neutral score=70 anomalía=0.205 similar=6 buffer=22
2026-05-13 19:30:15 [INFO] dual_engine — [DUAL ENGINE] mode=none emit=False target=0.00x safe=42 hunter=4 moon=10 entropy=0.182
2026-05-13 19:30:15 [INFO] main_v3 — [19:30:15] 1.74x | mode=none | safe=42 | hunter=4 | moon=10 | entropy=0.182 | comp=0.000 | tension=2
2026-05-13 19:30:15 [INFO] main_v3 — [ENTROPÍA] Entropía baja (0.182) con run-length=0.540. Posible compresión estadística activa.
2026-05-13 19:30:24 [DEBUG] entropy — [ENTROPÍA] score=0.182 label=estructurado structured=True dead=False
2026-05-13 19:30:24 [DEBUG] ml_clustering — [ML] contexto=neutral score=69 anomalía=0.133 similar=10 buffer=23
2026-05-13 19:30:24 [INFO] dual_engine — [DUAL ENGINE] mode=none emit=False target=0.00x safe=41 hunter=10 moon=6 entropy=0.182
2026-05-13 19:30:24 [INFO] main_v3 — [19:30:24] 1.00x | mode=none | safe=41 | hunter=10 | moon=6 | entropy=0.182 | comp=0.156 | tension=8
2026-05-13 19:30:24 [INFO] main_v3 — [ENTROPÍA] Entropía baja (0.182) con run-length=0.540. Posible compresión estadística activa.
2026-05-13 19:30:35 [DEBUG] entropy — [ENTROPÍA] score=0.182 label=estructurado structured=True dead=False
2026-05-13 19:30:35 [DEBUG] ml_clustering — [ML] contexto=neutral score=69 anomalía=0.279 similar=7 buffer=24
2026-05-13 19:30:35 [INFO] dual_engine — [DUAL ENGINE] mode=none emit=False target=0.00x safe=37 hunter=16 moon=6 entropy=0.182
2026-05-13 19:30:35 [INFO] main_v3 — [19:30:35] 1.23x | mode=none | safe=37 | hunter=16 | moon=6 | entropy=0.182 | comp=0.313 | tension=14
2026-05-13 19:30:35 [INFO] main_v3 — [ENTROPÍA] Entropía baja (0.182) con run-length=0.560. Posible compresión estadística activa.
2026-05-13 19:30:35 [INFO] main_v3 — [BINARIO] rareness=0.400 | longest_zero_run=6
2026-05-13 19:31:00 [DEBUG] entropy — [ENTROPÍA] score=0.182 label=estructurado structured=True dead=False
2026-05-13 19:31:00 [DEBUG] ml_clustering — [ML] contexto=neutral score=69 anomalía=0.282 similar=8 buffer=25
2026-05-13 19:31:00 [INFO] dual_engine — [DUAL ENGINE] mode=none emit=False target=0.00x safe=37 hunter=16 moon=6 entropy=0.182
2026-05-13 19:31:00 [INFO] main_v3 — [19:31:00] 3.61x | mode=none | safe=37 | hunter=16 | moon=6 | entropy=0.182 | comp=0.313 | tension=15
2026-05-13 19:31:00 [INFO] main_v3 — [ENTROPÍA] Entropía baja (0.182) con run-length=0.560. Posible compresión estadística activa.
2026-05-13 19:31:00 [INFO] main_v3 — [BINARIO] rareness=0.400 | longest_zero_run=6
2026-05-13 19:31:23 [DEBUG] entropy — [ENTROPÍA] score=0.182 label=estructurado structured=True dead=False
2026-05-13 19:31:23 [DEBUG] ml_clustering — [ML] contexto=neutral score=69 anomalía=0.292 similar=9 buffer=26
2026-05-13 19:31:23 [INFO] dual_engine — [DUAL ENGINE] mode=none emit=False target=0.00x safe=38 hunter=22 moon=6 entropy=0.182
2026-05-13 19:31:23 [INFO] main_v3 — [19:31:23] 3.82x | mode=none | safe=38 | hunter=22 | moon=6 | entropy=0.182 | comp=0.313 | tension=17
2026-05-13 19:31:23 [INFO] main_v3 — [ENTROPÍA] Entropía baja (0.182) con run-length=0.560. Posible compresión estadística activa.
2026-05-13 19:31:23 [INFO] main_v3 — [BINARIO] rareness=0.400 | longest_zero_run=6
2026-05-13 19:31:23 [INFO] main_v3 — [DISTANCIA 5x SOBRE MEDIA] hace=8r | avg=4r
2026-05-13 19:32:01 [INFO] analyzer — Anti-FOMO: spike 15.53x → bloqueando 3 rondas.
2026-05-13 19:32:01 [INFO] advanced_stats — [POST_SPIKE_COOLDOWN] 15.53x >= 5x → bloqueando 2 rondas
2026-05-13 19:32:01 [INFO] advanced_stats — [POST_SPIKE_COOLDOWN] 15.53x >= 8x → bloqueando 2 rondas
2026-05-13 19:32:01 [INFO] advanced_stats — [POST_SPIKE_COOLDOWN] 15.53x >= 10x → bloqueando 3 rondas
2026-05-13 19:32:01 [DEBUG] db_advanced — spike_distances: nivel=5x dist=9 val=15.53
2026-05-13 19:32:02 [DEBUG] db_advanced — pre_spike_context guardado: 15.53x (nivel=5x)
2026-05-13 19:32:02 [INFO] spike_tracker — [SPIKE] 15.53x >= 5x | distancia=9 rondas
2026-05-13 19:32:02 [DEBUG] db_advanced — spike_distances: nivel=8x dist=9 val=15.53
2026-05-13 19:32:02 [DEBUG] db_advanced — pre_spike_context guardado: 15.53x (nivel=8x)
2026-05-13 19:32:02 [INFO] spike_tracker — [SPIKE] 15.53x >= 8x | distancia=9 rondas
2026-05-13 19:32:02 [DEBUG] db_advanced — spike_distances: nivel=10x dist=14 val=15.53
2026-05-13 19:32:02 [DEBUG] db_advanced — pre_spike_context guardado: 15.53x (nivel=10x)
2026-05-13 19:32:02 [INFO] spike_tracker — [SPIKE] 15.53x >= 10x | distancia=14 rondas
2026-05-13 19:32:02 [DEBUG] entropy — [ENTROPÍA] score=0.205 label=estructurado structured=True dead=False
2026-05-13 19:32:02 [DEBUG] ml_clustering — [ML] contexto=neutral score=80 anomalía=0.994 similar=0 buffer=27
2026-05-13 19:32:02 [INFO] dual_engine — [DUAL ENGINE] mode=none emit=False target=0.00x safe=30 hunter=18 moon=0 entropy=0.205
2026-05-13 19:32:02 [INFO] main_v3 — [19:32:01] 15.53x | mode=none | safe=30 | hunter=18 | moon=0 | entropy=0.205 | comp=0.313 | tension=13
2026-05-13 19:32:02 [INFO] main_v3 — [ENTROPÍA] Entropía baja (0.205) con run-length=0.580. Posible compresión estadística activa.
2026-05-13 19:32:02 [INFO] main_v3 — [BINARIO] rareness=0.400 | longest_zero_run=6
2026-05-13 19:32:02 [INFO] main_v3 — [ANOMALÍA] Contexto: NEUTRAL (score=80) | Crash density 15r=13.33% | Compresión=0.313 | Entropía=0.205 | Anomalía=0.994
2026-05-13 19:32:02 [INFO] main_v3 — [POST_SPIKE_COOLDOWN] Bloqueado 2 rondas tras 10x
2026-05-13 19:32:14 [INFO] main_v3 — Señal de sistema 2 — deteniendo bot…
2026-05-13 19:32:14 [INFO] browser — Cerrando navegador (sesión #1)…
2026-05-13 19:32:14 [INFO] main_v3 — Señal de sistema 2 — deteniendo bot…
2026-05-13 19:32:14 [INFO] main_v3 — Cierre limpio completado.
2026-05-13 19:58:33 [INFO] main_v3 — ═══════════════════════════════════════════════════════
2026-05-13 19:58:33 [INFO] main_v3 —   JetX Bot v3 — Motor Dual Estadístico
2026-05-13 19:58:33 [INFO] main_v3 —   SAFE MODE + HUNTER MODE + MOON MODE
2026-05-13 19:58:33 [INFO] main_v3 —   Entropía | Fibonacci | ML Clustering | Dead Market
2026-05-13 19:58:33 [INFO] main_v3 — ═══════════════════════════════════════════════════════
2026-05-13 19:58:33 [INFO] database — Base de datos inicializada: jetx_data.db
2026-05-13 19:58:33 [INFO] db_advanced — Tablas avanzadas inicializadas correctamente.
2026-05-13 19:58:33 [INFO] db_v2 — Tablas DB v2 inicializadas correctamente.
2026-05-13 19:58:33 [INFO] browser — Lanzando navegador (sesión #1)…
2026-05-13 19:58:36 [INFO] browser — Navegando a https://betplay.com.co — esperando login manual si es necesario.
2026-05-13 19:58:42 [DEBUG] browser — Frame no encontrado — reintentando…
2026-05-13 19:58:45 [DEBUG] browser — Frame no encontrado — reintentando…
2026-05-13 19:58:48 [DEBUG] browser — Frame no encontrado — reintentando…
2026-05-13 19:58:50 [DEBUG] browser — Frame no encontrado — reintentando…
2026-05-13 19:58:52 [DEBUG] browser — Frame no encontrado — reintentando…
2026-05-13 19:58:54 [DEBUG] browser — Frame no encontrado — reintentando…
2026-05-13 19:58:56 [DEBUG] browser — Frame no encontrado — reintentando…
2026-05-13 19:58:58 [DEBUG] browser — Frame no encontrado — reintentando…
2026-05-13 19:59:00 [DEBUG] browser — Frame no encontrado — reintentando…
2026-05-13 19:59:02 [DEBUG] browser — Frame no encontrado — reintentando…
2026-05-13 19:59:03 [DEBUG] browser — Frame no encontrado — reintentando…
2026-05-13 19:59:05 [DEBUG] browser — Frame no encontrado — reintentando…
2026-05-13 19:59:06 [DEBUG] browser — Frame no encontrado — reintentando…
2026-05-13 19:59:08 [DEBUG] browser — Frame no encontrado — reintentando…
2026-05-13 19:59:10 [DEBUG] browser — Frame no encontrado — reintentando…
2026-05-13 19:59:12 [DEBUG] browser — Frame no encontrado — reintentando…
2026-05-13 19:59:15 [INFO] browser — Historial inicial leído: 0 valores (0.00x – 0.00x)
2026-05-13 19:59:18 [INFO] advanced_stats — [PRE-SPIKE DETECTADO] Contexto similar a previo a 10x (n=7 muestras | avg_low=32.40%)
2026-05-13 19:59:18 [DEBUG] entropy — [ENTROPÍA] score=0.205 label=estructurado structured=True dead=False
2026-05-13 19:59:18 [DEBUG] ml_clustering — [ML] contexto=safe score=92 anomalía=0.000 similar=0 buffer=1
2026-05-13 19:59:18 [INFO] dual_engine — [DUAL ENGINE] mode=moon emit=True target=10.00x safe=37 hunter=32 moon=29 entropy=0.205
2026-05-13 19:59:18 [INFO] main_v3 — [19:59:18] 1.42x | mode=moon | safe=37 | hunter=32 | moon=29 | entropy=0.205 | comp=0.338 | tension=14
2026-05-13 19:59:18 [INFO] main_v3 — [MOON] target=10.0x score=29 | binary_rareness=0.400
2026-05-13 19:59:18 [INFO] main_v3 — [ENTROPÍA] Entropía baja (0.205) con run-length=0.580. Posible compresión estadística activa.
2026-05-13 19:59:18 [INFO] main_v3 — [BINARIO] rareness=0.400 | longest_zero_run=6
2026-05-13 19:59:18 [INFO] main_v3 — [PRE-SPIKE DETECTADO] Contexto similar a previo a 10x (n=7 muestras | avg_low=32.40%)
2026-05-13 19:59:25 [INFO] advanced_stats — [PRE-SPIKE DETECTADO] Contexto similar a previo a 10x (n=7 muestras | avg_low=32.40%)
2026-05-13 19:59:25 [DEBUG] entropy — [ENTROPÍA] score=0.205 label=estructurado structured=True dead=False
2026-05-13 19:59:25 [DEBUG] ml_clustering — [ML] contexto=safe score=92 anomalía=0.000 similar=0 buffer=2
2026-05-13 19:59:25 [INFO] dual_engine — [DUAL ENGINE] mode=moon emit=True target=10.00x safe=42 hunter=32 moon=29 entropy=0.205
2026-05-13 19:59:25 [INFO] main_v3 — [19:59:24] 2.35x | mode=moon | safe=42 | hunter=32 | moon=29 | entropy=0.205 | comp=0.338 | tension=14
2026-05-13 19:59:25 [INFO] main_v3 — [MOON] target=10.0x score=29 | binary_rareness=0.400
2026-05-13 19:59:25 [INFO] main_v3 — [ENTROPÍA] Entropía baja (0.205) con run-length=0.580. Posible compresión estadística activa.
2026-05-13 19:59:25 [INFO] main_v3 — [BINARIO] rareness=0.400 | longest_zero_run=6
2026-05-13 19:59:25 [INFO] main_v3 — [PRE-SPIKE DETECTADO] Contexto similar a previo a 10x (n=7 muestras | avg_low=32.40%)
2026-05-13 19:59:57 [INFO] analyzer — Anti-FOMO: spike 6.78x → bloqueando 3 rondas.
2026-05-13 19:59:57 [INFO] advanced_stats — [POST_SPIKE_COOLDOWN] 6.78x >= 5x → bloqueando 2 rondas
2026-05-13 19:59:57 [DEBUG] db_advanced — spike_distances: nivel=5x dist=3 val=6.78
2026-05-13 19:59:57 [INFO] spike_tracker — [SPIKE] 6.78x >= 5x | distancia=3 rondas
2026-05-13 19:59:57 [INFO] advanced_stats — [PRE-SPIKE DETECTADO] Contexto similar a previo a 10x (n=7 muestras | avg_low=32.40%)
2026-05-13 19:59:57 [DEBUG] entropy — [ENTROPÍA] score=0.182 label=estructurado structured=True dead=False
2026-05-13 19:59:57 [DEBUG] ml_clustering — [ML] contexto=safe score=92 anomalía=0.000 similar=0 buffer=3
2026-05-13 19:59:57 [INFO] dual_engine — [DUAL ENGINE] mode=none emit=False target=0.00x safe=38 hunter=29 moon=20 entropy=0.182
2026-05-13 19:59:57 [INFO] main_v3 — [19:59:57] 6.78x | mode=none | safe=38 | hunter=29 | moon=20 | entropy=0.182 | comp=0.338 | tension=14
2026-05-13 19:59:57 [INFO] main_v3 — [ENTROPÍA] Entropía baja (0.182) con run-length=0.580. Posible compresión estadística activa.
2026-05-13 19:59:57 [INFO] main_v3 — [BINARIO] rareness=0.400 | longest_zero_run=6
2026-05-13 19:59:57 [INFO] main_v3 — [POST_SPIKE_COOLDOWN] Bloqueado 1 rondas tras 5x
2026-05-13 19:59:57 [INFO] main_v3 — [PRE-SPIKE DETECTADO] Contexto similar a previo a 10x (n=7 muestras | avg_low=32.40%)
2026-05-13 20:00:23 [INFO] advanced_stats — [PRE-SPIKE DETECTADO] Contexto similar a previo a 10x (n=7 muestras | avg_low=32.40%)
2026-05-13 20:00:23 [DEBUG] entropy — [ENTROPÍA] score=0.182 label=estructurado structured=True dead=False
2026-05-13 20:00:23 [DEBUG] ml_clustering — [ML] contexto=safe score=92 anomalía=0.000 similar=0 buffer=4
2026-05-13 20:00:23 [INFO] dual_engine — [DUAL ENGINE] mode=moon emit=True target=10.00x safe=38 hunter=29 moon=20 entropy=0.182
2026-05-13 20:00:23 [INFO] main_v3 — [20:00:23] 4.95x | mode=moon | safe=38 | hunter=29 | moon=20 | entropy=0.182 | comp=0.338 | tension=15
2026-05-13 20:00:23 [INFO] main_v3 — [MOON] target=10.0x score=20 | binary_rareness=0.400
2026-05-13 20:00:23 [INFO] main_v3 — [ENTROPÍA] Entropía baja (0.182) con run-length=0.580. Posible compresión estadística activa.
2026-05-13 20:00:23 [INFO] main_v3 — [BINARIO] rareness=0.400 | longest_zero_run=6
2026-05-13 20:00:23 [INFO] main_v3 — [PRE-SPIKE DETECTADO] Contexto similar a previo a 10x (n=7 muestras | avg_low=32.40%)
2026-05-13 20:00:36 [INFO] advanced_stats — [PRE-SPIKE DETECTADO] Contexto similar a previo a 10x (n=7 muestras | avg_low=32.40%)
2026-05-13 20:00:36 [DEBUG] entropy — [ENTROPÍA] score=0.182 label=estructurado structured=True dead=False
2026-05-13 20:00:36 [DEBUG] ml_clustering — [ML] contexto=safe score=92 anomalía=0.000 similar=0 buffer=5
2026-05-13 20:00:36 [INFO] dual_engine — [DUAL ENGINE] mode=moon emit=True target=10.00x safe=38 hunter=30 moon=20 entropy=0.182
2026-05-13 20:00:36 [INFO] main_v3 — [20:00:36] 1.60x | mode=moon | safe=38 | hunter=30 | moon=20 | entropy=0.182 | comp=0.338 | tension=15
2026-05-13 20:00:36 [INFO] main_v3 — [MOON] target=10.0x score=20 | binary_rareness=0.400
2026-05-13 20:00:36 [INFO] main_v3 — [ENTROPÍA] Entropía baja (0.182) con run-length=0.580. Posible compresión estadística activa.
2026-05-13 20:00:36 [INFO] main_v3 — [BINARIO] rareness=0.400 | longest_zero_run=6
2026-05-13 20:00:36 [INFO] main_v3 — [PRE-SPIKE DETECTADO] Contexto similar a previo a 10x (n=7 muestras | avg_low=32.40%)
2026-05-13 20:00:42 [DEBUG] main_v3 — IA timeout — continuando sin interpretación
2026-05-13 20:00:42 [INFO] db_v2 — [DUAL SIGNAL] id=1 mode=moon target=10.00x conf=10%
2026-05-13 20:00:46 [INFO] main_v3 — ❌ Dual señal #1 (moon 10.0x) → 1.01x en 1 ronda
2026-05-13 20:00:46 [INFO] advanced_stats — [PRE-SPIKE DETECTADO] Contexto similar a previo a 5x (n=15 muestras | avg_low=37.10%)
2026-05-13 20:00:46 [INFO] advanced_stats — [PRE-SPIKE DETECTADO] Contexto similar a previo a 10x (n=7 muestras | avg_low=32.40%)
2026-05-13 20:00:46 [INFO] advanced_stats — [PRE-SPIKE DETECTADO] Contexto similar a previo a 20x (n=3 muestras | avg_low=35.60%)
2026-05-13 20:00:46 [DEBUG] entropy — [ENTROPÍA] score=0.182 label=estructurado structured=True dead=False
2026-05-13 20:00:46 [DEBUG] ml_clustering — [ML] contexto=neutral score=80 anomalía=0.000 similar=0 buffer=6
2026-05-13 20:00:46 [INFO] dual_engine — [DUAL ENGINE] mode=moon emit=True target=10.00x safe=42 hunter=55 moon=49 entropy=0.182
2026-05-13 20:00:46 [INFO] main_v3 — [20:00:45] 1.01x | mode=moon | safe=42 | hunter=55 | moon=49 | entropy=0.182 | comp=0.278 | tension=13
2026-05-13 20:00:46 [INFO] main_v3 — [MOON] target=10.0x score=49 | binary_rareness=0.400
2026-05-13 20:00:46 [INFO] main_v3 — [ENTROPÍA] Entropía baja (0.182) con run-length=0.600. Posible compresión estadística activa.
2026-05-13 20:00:46 [INFO] main_v3 — [BINARIO] rareness=0.400 | longest_zero_run=6
2026-05-13 20:00:46 [INFO] main_v3 — [PRE-SPIKE DETECTADO] Contexto similar a previo a 5x (n=15 muestras | avg_low=37.10%)
2026-05-13 20:00:46 [INFO] main_v3 — [PRE-SPIKE DETECTADO] Contexto similar a previo a 10x (n=7 muestras | avg_low=32.40%)
2026-05-13 20:00:46 [INFO] main_v3 — [PRE-SPIKE DETECTADO] Contexto similar a previo a 20x (n=3 muestras | avg_low=35.60%)
2026-05-13 20:00:49 [INFO] main_v3 — [IA] Entropía baja (0.182) indica estructura estadística en la distribución reciente.
2026-05-13 20:00:49 [INFO] db_v2 — [DUAL SIGNAL] id=2 mode=moon target=10.00x conf=29%
2026-05-13 20:00:56 [INFO] main_v3 — ❌ Dual señal #2 (moon 10.0x) → 1.34x en 1 ronda
2026-05-13 20:00:56 [INFO] advanced_stats — [PRE-SPIKE DETECTADO] Contexto similar a previo a 5x (n=15 muestras | avg_low=37.10%)
2026-05-13 20:00:56 [INFO] advanced_stats — [PRE-SPIKE DETECTADO] Contexto similar a previo a 10x (n=7 muestras | avg_low=32.40%)
2026-05-13 20:00:56 [INFO] advanced_stats — [PRE-SPIKE DETECTADO] Contexto similar a previo a 20x (n=3 muestras | avg_low=35.60%)
2026-05-13 20:00:56 [DEBUG] entropy — [ENTROPÍA] score=0.182 label=estructurado structured=True dead=False
2026-05-13 20:00:56 [DEBUG] ml_clustering — [ML] contexto=neutral score=78 anomalía=0.000 similar=0 buffer=7
2026-05-13 20:00:56 [INFO] dual_engine — [DUAL ENGINE] mode=moon emit=True target=10.00x safe=38 hunter=54 moon=49 entropy=0.182
2026-05-13 20:00:56 [INFO] main_v3 — [20:00:56] 1.34x | mode=moon | safe=38 | hunter=54 | moon=49 | entropy=0.182 | comp=0.206 | tension=11
2026-05-13 20:00:56 [INFO] main_v3 — [MOON] target=10.0x score=49 | binary_rareness=0.400
2026-05-13 20:00:56 [INFO] main_v3 — [ENTROPÍA] Entropía baja (0.182) con run-length=0.620. Posible compresión estadística activa.
2026-05-13 20:00:56 [INFO] main_v3 — [BINARIO] rareness=0.400 | longest_zero_run=6
2026-05-13 20:00:56 [INFO] main_v3 — [PRE-SPIKE DETECTADO] Contexto similar a previo a 5x (n=15 muestras | avg_low=37.10%)
2026-05-13 20:00:56 [INFO] main_v3 — [PRE-SPIKE DETECTADO] Contexto similar a previo a 10x (n=7 muestras | avg_low=32.40%)
2026-05-13 20:00:56 [INFO] main_v3 — [PRE-SPIKE DETECTADO] Contexto similar a previo a 20x (n=3 muestras | avg_low=35.60%)
2026-05-13 20:00:59 [INFO] main_v3 — [IA] Entropía baja (0.182) indica estructura estadística en la distribución reciente.
2026-05-13 20:00:59 [INFO] db_v2 — [DUAL SIGNAL] id=3 mode=moon target=10.00x conf=29%
2026-05-13 20:07:27 [INFO] main_v3 — ❌ Dual señal #3 (moon 10.0x) → 1.33x en 1 ronda
2026-05-13 20:07:28 [INFO] advanced_stats — [PRE-SPIKE DETECTADO] Contexto similar a previo a 5x (n=15 muestras | avg_low=37.10%)
2026-05-13 20:07:28 [INFO] advanced_stats — [PRE-SPIKE DETECTADO] Contexto similar a previo a 10x (n=7 muestras | avg_low=32.40%)
2026-05-13 20:07:28 [INFO] advanced_stats — [PRE-SPIKE DETECTADO] Contexto similar a previo a 20x (n=3 muestras | avg_low=35.60%)
2026-05-13 20:07:28 [DEBUG] entropy — [ENTROPÍA] score=0.182 label=estructurado structured=True dead=False
2026-05-13 20:07:28 [DEBUG] ml_clustering — [ML] contexto=neutral score=78 anomalía=0.000 similar=0 buffer=8
2026-05-13 20:07:28 [INFO] dual_engine — [DUAL ENGINE] mode=moon emit=True target=10.00x safe=37 hunter=54 moon=39 entropy=0.182
2026-05-13 20:07:28 [INFO] main_v3 — [20:07:27] 1.33x | mode=moon | safe=37 | hunter=54 | moon=39 | entropy=0.182 | comp=0.231 | tension=14
2026-05-13 20:07:28 [INFO] main_v3 — [MOON] target=10.0x score=39 | binary_rareness=0.400
2026-05-13 20:07:28 [INFO] main_v3 — [ENTROPÍA] Entropía baja (0.182) con run-length=0.620. Posible compresión estadística activa.
2026-05-13 20:07:28 [INFO] main_v3 — [BINARIO] rareness=0.400 | longest_zero_run=6
2026-05-13 20:07:28 [INFO] main_v3 — [PRE-SPIKE DETECTADO] Contexto similar a previo a 5x (n=15 muestras | avg_low=37.10%)
2026-05-13 20:07:28 [INFO] main_v3 — [PRE-SPIKE DETECTADO] Contexto similar a previo a 10x (n=7 muestras | avg_low=32.40%)
2026-05-13 20:07:28 [INFO] main_v3 — [PRE-SPIKE DETECTADO] Contexto similar a previo a 20x (n=3 muestras | avg_low=35.60%)
2026-05-13 20:07:28 [INFO] main_v3 — [IA] Entropía baja (0.182) indica estructura estadística en la distribución reciente.
2026-05-13 20:07:28 [INFO] db_v2 — [DUAL SIGNAL] id=4 mode=moon target=10.00x conf=24%
2026-05-13 20:07:32 [DEBUG] browser — Frame no encontrado — reintentando…
2026-05-13 20:07:42 [INFO] main_v3 — ✅ Dual señal #4 (moon 10.0x) → 43.44x en 1 ronda
2026-05-13 20:07:42 [INFO] analyzer — Anti-FOMO: spike 43.44x → bloqueando 3 rondas.
2026-05-13 20:07:42 [INFO] advanced_stats — [POST_SPIKE_COOLDOWN] 43.44x >= 5x → bloqueando 2 rondas
2026-05-13 20:07:42 [INFO] advanced_stats — [POST_SPIKE_COOLDOWN] 43.44x >= 8x → bloqueando 2 rondas
2026-05-13 20:07:42 [INFO] advanced_stats — [POST_SPIKE_COOLDOWN] 43.44x >= 10x → bloqueando 3 rondas
2026-05-13 20:07:42 [INFO] advanced_stats — [POST_SPIKE_COOLDOWN] 43.44x >= 20x → bloqueando 4 rondas
2026-05-13 20:07:42 [DEBUG] db_advanced — spike_distances: nivel=5x dist=6 val=43.44
2026-05-13 20:07:42 [DEBUG] db_advanced — pre_spike_context guardado: 43.44x (nivel=5x)
2026-05-13 20:07:42 [INFO] spike_tracker — [SPIKE] 43.44x >= 5x | distancia=6 rondas
2026-05-13 20:07:42 [DEBUG] db_advanced — spike_distances: nivel=8x dist=9 val=43.44
2026-05-13 20:07:42 [DEBUG] db_advanced — pre_spike_context guardado: 43.44x (nivel=8x)
2026-05-13 20:07:42 [INFO] spike_tracker — [SPIKE] 43.44x >= 8x | distancia=9 rondas
2026-05-13 20:07:42 [DEBUG] db_advanced — spike_distances: nivel=10x dist=9 val=43.44
2026-05-13 20:07:42 [DEBUG] db_advanced — pre_spike_context guardado: 43.44x (nivel=10x)
2026-05-13 20:07:42 [INFO] spike_tracker — [SPIKE] 43.44x >= 10x | distancia=9 rondas
2026-05-13 20:07:42 [DEBUG] db_advanced — spike_distances: nivel=20x dist=9 val=43.44
2026-05-13 20:07:42 [DEBUG] db_advanced — pre_spike_context guardado: 43.44x (nivel=20x)
2026-05-13 20:07:42 [INFO] spike_tracker — [SPIKE] 43.44x >= 20x | distancia=9 rondas
2026-05-13 20:07:42 [INFO] advanced_stats — [PRE-SPIKE DETECTADO] Contexto similar a previo a 5x (n=16 muestras | avg_low=37.20%)
2026-05-13 20:07:42 [INFO] advanced_stats — [PRE-SPIKE DETECTADO] Contexto similar a previo a 10x (n=8 muestras | avg_low=33.30%)
2026-05-13 20:07:42 [INFO] advanced_stats — [PRE-SPIKE DETECTADO] Contexto similar a previo a 20x (n=4 muestras | avg_low=36.70%)
2026-05-13 20:07:43 [DEBUG] entropy — [ENTROPÍA] score=0.224 label=estructurado structured=True dead=False
2026-05-13 20:07:43 [DEBUG] ml_clustering — [ML] contexto=neutral score=71 anomalía=0.000 similar=0 buffer=9
2026-05-13 20:07:43 [INFO] dual_engine — [DUAL ENGINE] mode=none emit=False target=0.00x safe=26 hunter=51 moon=40 entropy=0.224
2026-05-13 20:07:43 [INFO] main_v3 — [20:07:42] 43.44x | mode=none | safe=26 | hunter=51 | moon=40 | entropy=0.224 | comp=0.231 | tension=11
2026-05-13 20:07:43 [INFO] main_v3 — [ENTROPÍA] Entropía baja (0.224) con run-length=0.600. Posible compresión estadística activa.
2026-05-13 20:07:43 [INFO] main_v3 — [BINARIO] rareness=0.400 | longest_zero_run=6
2026-05-13 20:07:43 [INFO] main_v3 — [POST_SPIKE_COOLDOWN] Bloqueado 3 rondas tras 20x
2026-05-13 20:07:43 [INFO] main_v3 — [PRE-SPIKE DETECTADO] Contexto similar a previo a 5x (n=16 muestras | avg_low=37.20%)
2026-05-13 20:07:43 [INFO] main_v3 — [PRE-SPIKE DETECTADO] Contexto similar a previo a 10x (n=8 muestras | avg_low=33.30%)
2026-05-13 20:07:43 [INFO] main_v3 — [PRE-SPIKE DETECTADO] Contexto similar a previo a 20x (n=4 muestras | avg_low=36.70%)
2026-05-13 20:09:00 [INFO] analyzer — Anti-FOMO: spike 56.18x → bloqueando 3 rondas.
2026-05-13 20:09:00 [INFO] advanced_stats — [POST_SPIKE_COOLDOWN] 56.18x >= 5x → bloqueando 2 rondas
2026-05-13 20:09:00 [INFO] advanced_stats — [POST_SPIKE_COOLDOWN] 56.18x >= 8x → bloqueando 2 rondas
2026-05-13 20:09:00 [INFO] advanced_stats — [POST_SPIKE_COOLDOWN] 56.18x >= 10x → bloqueando 3 rondas
2026-05-13 20:09:00 [INFO] advanced_stats — [POST_SPIKE_COOLDOWN] 56.18x >= 20x → bloqueando 4 rondas
2026-05-13 20:09:00 [INFO] advanced_stats — [POST_SPIKE_COOLDOWN] 56.18x >= 50x → bloqueando 5 rondas
2026-05-13 20:09:01 [DEBUG] db_advanced — spike_distances: nivel=5x dist=1 val=56.18
2026-05-13 20:09:01 [DEBUG] db_advanced — pre_spike_context guardado: 56.18x (nivel=5x)
2026-05-13 20:09:01 [INFO] spike_tracker — [SPIKE] 56.18x >= 5x | distancia=1 rondas
2026-05-13 20:09:01 [DEBUG] db_advanced — spike_distances: nivel=8x dist=1 val=56.18
2026-05-13 20:09:01 [DEBUG] db_advanced — pre_spike_context guardado: 56.18x (nivel=8x)
2026-05-13 20:09:01 [INFO] spike_tracker — [SPIKE] 56.18x >= 8x | distancia=1 rondas
2026-05-13 20:09:01 [DEBUG] db_advanced — spike_distances: nivel=10x dist=1 val=56.18
2026-05-13 20:09:01 [DEBUG] db_advanced — pre_spike_context guardado: 56.18x (nivel=10x)
2026-05-13 20:09:01 [INFO] spike_tracker — [SPIKE] 56.18x >= 10x | distancia=1 rondas
2026-05-13 20:09:01 [DEBUG] db_advanced — spike_distances: nivel=20x dist=1 val=56.18
2026-05-13 20:09:01 [DEBUG] db_advanced — pre_spike_context guardado: 56.18x (nivel=20x)
2026-05-13 20:09:01 [INFO] spike_tracker — [SPIKE] 56.18x >= 20x | distancia=1 rondas
2026-05-13 20:09:01 [DEBUG] db_advanced — spike_distances: nivel=50x dist=10 val=56.18
2026-05-13 20:09:01 [DEBUG] db_advanced — pre_spike_context guardado: 56.18x (nivel=50x)
2026-05-13 20:09:01 [INFO] spike_tracker — [SPIKE] 56.18x >= 50x | distancia=10 rondas
2026-05-13 20:09:01 [INFO] advanced_stats — [PRE-SPIKE DETECTADO] Contexto similar a previo a 5x (n=17 muestras | avg_low=37.40%)
2026-05-13 20:09:01 [INFO] advanced_stats — [PRE-SPIKE DETECTADO] Contexto similar a previo a 10x (n=9 muestras | avg_low=34.10%)
2026-05-13 20:09:01 [INFO] advanced_stats — [PRE-SPIKE DETECTADO] Contexto similar a previo a 20x (n=5 muestras | avg_low=37.30%)
2026-05-13 20:09:01 [DEBUG] entropy — [ENTROPÍA] score=0.266 label=estructurado structured=True dead=False
2026-05-13 20:09:01 [WARNING] entropy — [DEAD MARKET] Bloqueando todas las señales. toxicity=0.60 | 2 spikes ≥8x en últimas 5 rondas | Volatilidad absurda (std=20.2 en 10r)
2026-05-13 20:09:01 [DEBUG] ml_clustering — [ML] contexto=neutral score=66 anomalía=0.000 similar=0 buffer=10
2026-05-13 20:09:01 [INFO] dual_engine — [DUAL ENGINE] mode=dead emit=False target=0.00x safe=26 hunter=51 moon=40 entropy=0.266
2026-05-13 20:09:01 [INFO] main_v3 — [20:09:00] 56.18x | mode=dead | safe=26 | hunter=51 | moon=40 | entropy=0.266 | comp=0.231 | tension=11
2026-05-13 20:09:01 [INFO] main_v3 — [DEAD MARKET] 2 spikes ≥8x en últimas 5 rondas | Volatilidad absurda (std=20.2 en 10r)
2026-05-13 20:09:01 [INFO] main_v3 — [ENTROPÍA] Entropía baja (0.266) con run-length=0.600. Posible compresión estadística activa.
2026-05-13 20:09:01 [INFO] main_v3 — [BINARIO] rareness=0.400 | longest_zero_run=6
2026-05-13 20:09:01 [INFO] main_v3 — [POST_SPIKE_COOLDOWN] Bloqueado 4 rondas tras 50x
2026-05-13 20:09:01 [INFO] main_v3 — [PRE-SPIKE DETECTADO] Contexto similar a previo a 5x (n=17 muestras | avg_low=37.40%)
2026-05-13 20:09:01 [INFO] main_v3 — [PRE-SPIKE DETECTADO] Contexto similar a previo a 10x (n=9 muestras | avg_low=34.10%)
2026-05-13 20:09:01 [INFO] main_v3 — [PRE-SPIKE DETECTADO] Contexto similar a previo a 20x (n=5 muestras | avg_low=37.30%)
2026-05-13 20:09:14 [INFO] advanced_stats — [PRE-SPIKE DETECTADO] Contexto similar a previo a 5x (n=17 muestras | avg_low=37.40%)
2026-05-13 20:09:14 [INFO] advanced_stats — [PRE-SPIKE DETECTADO] Contexto similar a previo a 10x (n=9 muestras | avg_low=34.10%)
2026-05-13 20:09:14 [INFO] advanced_stats — [PRE-SPIKE DETECTADO] Contexto similar a previo a 20x (n=5 muestras | avg_low=37.30%)
2026-05-13 20:09:14 [DEBUG] entropy — [ENTROPÍA] score=0.266 label=estructurado structured=True dead=False
2026-05-13 20:09:14 [WARNING] entropy — [DEAD MARKET] Bloqueando todas las señales. toxicity=0.60 | 2 spikes ≥8x en últimas 5 rondas | Volatilidad absurda (std=20.2 en 10r)
2026-05-13 20:09:14 [DEBUG] ml_clustering — [ML] contexto=neutral score=66 anomalía=0.000 similar=0 buffer=11
2026-05-13 20:09:14 [INFO] dual_engine — [DUAL ENGINE] mode=dead emit=False target=0.00x safe=26 hunter=51 moon=40 entropy=0.266
2026-05-13 20:09:14 [INFO] main_v3 — [20:09:14] 1.47x | mode=dead | safe=26 | hunter=51 | moon=40 | entropy=0.266 | comp=0.231 | tension=11
2026-05-13 20:09:14 [INFO] main_v3 — [DEAD MARKET] 2 spikes ≥8x en últimas 5 rondas | Volatilidad absurda (std=20.2 en 10r)
2026-05-13 20:09:14 [INFO] main_v3 — [ENTROPÍA] Entropía baja (0.266) con run-length=0.600. Posible compresión estadística activa.
2026-05-13 20:09:14 [INFO] main_v3 — [BINARIO] rareness=0.400 | longest_zero_run=6
2026-05-13 20:09:14 [INFO] main_v3 — [POST_SPIKE_COOLDOWN] Bloqueado 3 rondas tras 50x
2026-05-13 20:09:14 [INFO] main_v3 — [PRE-SPIKE DETECTADO] Contexto similar a previo a 5x (n=17 muestras | avg_low=37.40%)
2026-05-13 20:09:14 [INFO] main_v3 — [PRE-SPIKE DETECTADO] Contexto similar a previo a 10x (n=9 muestras | avg_low=34.10%)
2026-05-13 20:09:14 [INFO] main_v3 — [PRE-SPIKE DETECTADO] Contexto similar a previo a 20x (n=5 muestras | avg_low=37.30%)
2026-05-13 20:09:34 [DEBUG] entropy — [ENTROPÍA] score=0.266 label=estructurado structured=True dead=False
2026-05-13 20:09:34 [WARNING] entropy — [DEAD MARKET] Bloqueando todas las señales. toxicity=0.60 | 2 spikes ≥8x en últimas 5 rondas | Volatilidad absurda (std=20.2 en 10r)
2026-05-13 20:09:34 [DEBUG] ml_clustering — [ML] contexto=neutral score=67 anomalía=0.000 similar=0 buffer=12
2026-05-13 20:09:34 [INFO] dual_engine — [DUAL ENGINE] mode=dead emit=False target=0.00x safe=26 hunter=11 moon=0 entropy=0.266
2026-05-13 20:09:34 [INFO] main_v3 — [20:09:34] 2.79x | mode=dead | safe=26 | hunter=11 | moon=0 | entropy=0.266 | comp=0.231 | tension=11
2026-05-13 20:09:34 [INFO] main_v3 — [DEAD MARKET] 2 spikes ≥8x en últimas 5 rondas | Volatilidad absurda (std=20.2 en 10r)
2026-05-13 20:09:34 [INFO] main_v3 — [ENTROPÍA] Entropía baja (0.266) con run-length=0.580. Posible compresión estadística activa.
2026-05-13 20:09:34 [INFO] main_v3 — [BINARIO] rareness=0.400 | longest_zero_run=6
2026-05-13 20:09:34 [INFO] main_v3 — [POST_SPIKE_COOLDOWN] Bloqueado 2 rondas tras 50x
2026-05-13 20:09:42 [DEBUG] browser — Frame no encontrado — reintentando…
2026-05-13 20:09:47 [DEBUG] entropy — [ENTROPÍA] score=0.266 label=estructurado structured=True dead=False
2026-05-13 20:09:47 [WARNING] entropy — [DEAD MARKET] Bloqueando todas las señales. toxicity=0.60 | 2 spikes ≥8x en últimas 5 rondas | Volatilidad absurda (std=20.4 en 10r)
2026-05-13 20:09:47 [DEBUG] ml_clustering — [ML] contexto=neutral score=67 anomalía=0.000 similar=0 buffer=13
2026-05-13 20:09:47 [INFO] dual_engine — [DUAL ENGINE] mode=dead emit=False target=0.00x safe=18 hunter=15 moon=15 entropy=0.266
2026-05-13 20:09:47 [INFO] main_v3 — [20:09:47] 1.51x | mode=dead | safe=18 | hunter=15 | moon=15 | entropy=0.266 | comp=0.231 | tension=11
2026-05-13 20:09:47 [INFO] main_v3 — [DEAD MARKET] 2 spikes ≥8x en últimas 5 rondas | Volatilidad absurda (std=20.4 en 10r)
2026-05-13 20:09:47 [INFO] main_v3 — [ENTROPÍA] Entropía baja (0.266) con run-length=0.560. Posible compresión estadística activa.
2026-05-13 20:09:47 [INFO] main_v3 — [BINARIO] rareness=0.400 | longest_zero_run=6
2026-05-13 20:09:47 [INFO] main_v3 — [POST_SPIKE_COOLDOWN] Bloqueado 1 rondas tras 50x
2026-05-13 20:09:58 [INFO] advanced_stats — [PRE-SPIKE DETECTADO] Contexto similar a previo a 5x (n=17 muestras | avg_low=37.40%)
2026-05-13 20:09:58 [INFO] advanced_stats — [PRE-SPIKE DETECTADO] Contexto similar a previo a 10x (n=9 muestras | avg_low=34.10%)
2026-05-13 20:09:58 [INFO] advanced_stats — [PRE-SPIKE DETECTADO] Contexto similar a previo a 20x (n=5 muestras | avg_low=37.30%)
2026-05-13 20:09:58 [DEBUG] entropy — [ENTROPÍA] score=0.266 label=estructurado structured=True dead=False
2026-05-13 20:09:58 [DEBUG] ml_clustering — [ML] contexto=neutral score=66 anomalía=0.000 similar=0 buffer=14
2026-05-13 20:09:58 [INFO] dual_engine — [DUAL ENGINE] mode=moon emit=True target=10.00x safe=10 hunter=58 moon=45 entropy=0.266
2026-05-13 20:09:58 [INFO] main_v3 — [20:09:58] 1.25x | mode=moon | safe=10 | hunter=58 | moon=45 | entropy=0.266 | comp=0.328 | tension=14
2026-05-13 20:09:58 [INFO] main_v3 — [MOON] target=10.0x score=45 | binary_rareness=0.400
2026-05-13 20:09:58 [INFO] main_v3 — [ENTROPÍA] Entropía baja (0.266) con run-length=0.580. Posible compresión estadística activa.
2026-05-13 20:09:58 [INFO] main_v3 — [BINARIO] rareness=0.400 | longest_zero_run=6
2026-05-13 20:09:58 [INFO] main_v3 — [PRE-SPIKE DETECTADO] Contexto similar a previo a 5x (n=17 muestras | avg_low=37.40%)
2026-05-13 20:09:58 [INFO] main_v3 — [PRE-SPIKE DETECTADO] Contexto similar a previo a 10x (n=9 muestras | avg_low=34.10%)
2026-05-13 20:09:58 [INFO] main_v3 — [PRE-SPIKE DETECTADO] Contexto similar a previo a 20x (n=5 muestras | avg_low=37.30%)
2026-05-13 20:09:59 [INFO] main_v3 — [IA] Entropía baja (0.266) indica estructura estadística en la distribución reciente. Compresión moderada (0.328) con tensión=14/100.
2026-05-13 20:09:59 [INFO] db_v2 — [DUAL SIGNAL] id=5 mode=moon target=10.00x conf=28%
2026-05-13 20:10:02 [DEBUG] browser — Frame no encontrado — reintentando…
2026-05-13 20:10:14 [INFO] main_v3 — ❌ Dual señal #5 (moon 10.0x) → 1.72x en 1 ronda
2026-05-13 20:10:14 [INFO] advanced_stats — [PRE-SPIKE DETECTADO] Contexto similar a previo a 5x (n=17 muestras | avg_low=37.40%)
2026-05-13 20:10:14 [INFO] advanced_stats — [PRE-SPIKE DETECTADO] Contexto similar a previo a 10x (n=9 muestras | avg_low=34.10%)
2026-05-13 20:10:14 [INFO] advanced_stats — [PRE-SPIKE DETECTADO] Contexto similar a previo a 20x (n=5 muestras | avg_low=37.30%)
2026-05-13 20:10:14 [DEBUG] entropy — [ENTROPÍA] score=0.266 label=estructurado structured=True dead=False
2026-05-13 20:10:14 [DEBUG] ml_clustering — [ML] contexto=neutral score=66 anomalía=0.000 similar=0 buffer=15
2026-05-13 20:10:14 [INFO] dual_engine — [DUAL ENGINE] mode=moon emit=True target=10.00x safe=18 hunter=59 moon=44 entropy=0.266
2026-05-13 20:10:14 [INFO] main_v3 — [20:10:13] 1.72x | mode=moon | safe=18 | hunter=59 | moon=44 | entropy=0.266 | comp=0.328 | tension=15
2026-05-13 20:10:14 [INFO] main_v3 — [MOON] target=10.0x score=44 | binary_rareness=0.400
2026-05-13 20:10:14 [INFO] main_v3 — [ENTROPÍA] Entropía baja (0.266) con run-length=0.600. Posible compresión estadística activa.
2026-05-13 20:10:14 [INFO] main_v3 — [BINARIO] rareness=0.400 | longest_zero_run=6
2026-05-13 20:10:14 [INFO] main_v3 — [PRE-SPIKE DETECTADO] Contexto similar a previo a 5x (n=17 muestras | avg_low=37.40%)
2026-05-13 20:10:14 [INFO] main_v3 — [PRE-SPIKE DETECTADO] Contexto similar a previo a 10x (n=9 muestras | avg_low=34.10%)
2026-05-13 20:10:14 [INFO] main_v3 — [PRE-SPIKE DETECTADO] Contexto similar a previo a 20x (n=5 muestras | avg_low=37.30%)
2026-05-13 20:10:14 [INFO] main_v3 — [IA] Entropía baja (0.266) indica estructura estadística en la distribución reciente. Compresión moderada (0.328) con tensión=15/100.
2026-05-13 20:10:14 [INFO] db_v2 — [DUAL SIGNAL] id=6 mode=moon target=10.00x conf=27%
2026-05-13 20:10:19 [INFO] main_v3 — Señal de sistema 2 — deteniendo bot…
2026-05-13 20:10:19 [INFO] browser — Cerrando navegador (sesión #1)…
2026-05-13 20:10:19 [INFO] main_v3 — Señal de sistema 2 — deteniendo bot…
2026-05-13 20:10:19 [INFO] main_v3 — Cierre limpio completado.
2026-05-13 20:27:34 [INFO] main_v3 — ═══════════════════════════════════════════════════════
2026-05-13 20:27:34 [INFO] main_v3 —   JetX Bot v3 — Motor Dual Estadístico
2026-05-13 20:27:34 [INFO] main_v3 —   SAFE MODE + HUNTER MODE + MOON MODE
2026-05-13 20:27:34 [INFO] main_v3 —   Entropía | Fibonacci | ML Clustering | Dead Market
2026-05-13 20:27:34 [INFO] main_v3 — ═══════════════════════════════════════════════════════
2026-05-13 20:27:34 [INFO] database — Base de datos inicializada: jetx_data.db
2026-05-13 20:27:34 [INFO] db_advanced — Tablas avanzadas inicializadas correctamente.
2026-05-13 20:27:34 [INFO] db_v2 — Tablas DB v2 inicializadas correctamente.
2026-05-13 20:27:34 [INFO] browser — Lanzando navegador (sesión #1)…
2026-05-13 20:27:44 [INFO] browser — Navegando a https://betplay.com.co — esperando login manual si es necesario.
2026-05-13 20:27:51 [DEBUG] browser — Frame no encontrado — reintentando…
2026-05-13 20:27:53 [DEBUG] browser — Frame no encontrado — reintentando…
2026-05-13 20:27:55 [DEBUG] browser — Frame no encontrado — reintentando…
2026-05-13 20:27:58 [DEBUG] browser — Frame no encontrado — reintentando…
2026-05-13 20:28:00 [DEBUG] browser — Frame no encontrado — reintentando…
2026-05-13 20:28:03 [DEBUG] browser — Frame no encontrado — reintentando…
2026-05-13 20:28:04 [DEBUG] browser — Frame no encontrado — reintentando…
2026-05-13 20:28:06 [DEBUG] browser — Frame no encontrado — reintentando…
2026-05-13 20:28:08 [DEBUG] browser — Frame no encontrado — reintentando…
2026-05-13 20:28:09 [DEBUG] browser — Frame no encontrado — reintentando…
2026-05-13 20:28:11 [DEBUG] browser — Frame no encontrado — reintentando…
2026-05-13 20:28:12 [DEBUG] browser — Frame no encontrado — reintentando…
2026-05-13 20:28:14 [DEBUG] browser — Frame no encontrado — reintentando…
2026-05-13 20:28:16 [DEBUG] browser — Frame no encontrado — reintentando…
2026-05-13 20:28:17 [DEBUG] browser — Frame no encontrado — reintentando…
2026-05-13 20:28:19 [DEBUG] browser — Frame no encontrado — reintentando…
2026-05-13 20:28:21 [INFO] browser — Historial inicial leído: 0 valores (0.00x – 0.00x)
2026-05-13 20:28:31 [INFO] main_v3 — ❌ Dual señal #6 (moon 10.0x) → 1.23x en 1 ronda
2026-05-13 20:28:31 [INFO] advanced_stats — [PRE-SPIKE DETECTADO] Contexto similar a previo a 5x (n=17 muestras | avg_low=37.40%)
2026-05-13 20:28:31 [INFO] advanced_stats — [PRE-SPIKE DETECTADO] Contexto similar a previo a 10x (n=9 muestras | avg_low=34.10%)
2026-05-13 20:28:31 [INFO] advanced_stats — [PRE-SPIKE DETECTADO] Contexto similar a previo a 20x (n=5 muestras | avg_low=37.30%)
2026-05-13 20:28:31 [DEBUG] entropy — [ENTROPÍA] score=0.266 label=estructurado structured=True dead=False
2026-05-13 20:28:31 [DEBUG] ml_clustering — [ML] contexto=neutral score=66 anomalía=0.000 similar=0 buffer=1
2026-05-13 20:28:31 [INFO] dual_engine — [DUAL ENGINE] mode=moon emit=True target=10.00x safe=17 hunter=59 moon=44 entropy=0.266
2026-05-13 20:28:31 [INFO] main_v3 — [20:28:30] 1.23x | mode=moon | safe=17 | hunter=59 | moon=44 | entropy=0.266 | comp=0.328 | tension=16
2026-05-13 20:28:31 [INFO] main_v3 — [MOON] target=10.0x score=44 | binary_rareness=0.400
2026-05-13 20:28:31 [INFO] main_v3 — [ENTROPÍA] Entropía baja (0.266) con run-length=0.620. Posible compresión estadística activa.
2026-05-13 20:28:31 [INFO] main_v3 — [BINARIO] rareness=0.400 | longest_zero_run=6
2026-05-13 20:28:31 [INFO] main_v3 — [PRE-SPIKE DETECTADO] Contexto similar a previo a 5x (n=17 muestras | avg_low=37.40%)
2026-05-13 20:28:31 [INFO] main_v3 — [PRE-SPIKE DETECTADO] Contexto similar a previo a 10x (n=9 muestras | avg_low=34.10%)
2026-05-13 20:28:31 [INFO] main_v3 — [PRE-SPIKE DETECTADO] Contexto similar a previo a 20x (n=5 muestras | avg_low=37.30%)
2026-05-13 20:28:40 [INFO] advanced_stats — [PRE-SPIKE DETECTADO] Contexto similar a previo a 5x (n=17 muestras | avg_low=37.40%)
2026-05-13 20:28:40 [INFO] advanced_stats — [PRE-SPIKE DETECTADO] Contexto similar a previo a 10x (n=9 muestras | avg_low=34.10%)
2026-05-13 20:28:40 [INFO] advanced_stats — [PRE-SPIKE DETECTADO] Contexto similar a previo a 20x (n=5 muestras | avg_low=37.30%)
2026-05-13 20:28:40 [DEBUG] entropy — [ENTROPÍA] score=0.266 label=estructurado structured=True dead=False
2026-05-13 20:28:40 [DEBUG] ml_clustering — [ML] contexto=neutral score=65 anomalía=0.000 similar=0 buffer=2
2026-05-13 20:28:40 [INFO] dual_engine — [DUAL ENGINE] mode=moon emit=True target=10.00x safe=14 hunter=54 moon=43 entropy=0.266
2026-05-13 20:28:40 [INFO] main_v3 — [20:28:40] 1.25x | mode=moon | safe=14 | hunter=54 | moon=43 | entropy=0.266 | comp=0.459 | tension=21
2026-05-13 20:28:40 [INFO] main_v3 — [MOON] target=10.0x score=43 | compresión=0.46 | binary_rareness=0.400
2026-05-13 20:28:40 [INFO] main_v3 — [ENTROPÍA] Entropía baja (0.266) con run-length=0.640. Posible compresión estadística activa.
2026-05-13 20:28:40 [INFO] main_v3 — [BINARIO] rareness=0.400 | longest_zero_run=6
2026-05-13 20:28:40 [INFO] main_v3 — [PRE-SPIKE DETECTADO] Contexto similar a previo a 5x (n=17 muestras | avg_low=37.40%)
2026-05-13 20:28:40 [INFO] main_v3 — [PRE-SPIKE DETECTADO] Contexto similar a previo a 10x (n=9 muestras | avg_low=34.10%)
2026-05-13 20:28:40 [INFO] main_v3 — [PRE-SPIKE DETECTADO] Contexto similar a previo a 20x (n=5 muestras | avg_low=37.30%)
2026-05-13 20:28:51 [INFO] advanced_stats — [PRE-SPIKE DETECTADO] Contexto similar a previo a 5x (n=17 muestras | avg_low=37.40%)
2026-05-13 20:28:51 [INFO] advanced_stats — [PRE-SPIKE DETECTADO] Contexto similar a previo a 10x (n=9 muestras | avg_low=34.10%)
2026-05-13 20:28:51 [INFO] advanced_stats — [PRE-SPIKE DETECTADO] Contexto similar a previo a 20x (n=5 muestras | avg_low=37.30%)
2026-05-13 20:28:51 [DEBUG] entropy — [ENTROPÍA] score=0.266 label=estructurado structured=True dead=False
2026-05-13 20:28:51 [DEBUG] ml_clustering — [ML] contexto=neutral score=65 anomalía=0.000 similar=0 buffer=3
2026-05-13 20:28:51 [INFO] dual_engine — [DUAL ENGINE] mode=moon emit=True target=10.00x safe=14 hunter=58 moon=43 entropy=0.266
2026-05-13 20:28:51 [INFO] main_v3 — [20:28:51] 1.64x | mode=moon | safe=14 | hunter=58 | moon=43 | entropy=0.266 | comp=0.434 | tension=22
2026-05-13 20:28:51 [INFO] main_v3 — [MOON] target=10.0x score=43 | compresión=0.43 | overdue_levels=[5] | binary_rareness=0.425
2026-05-13 20:28:51 [INFO] main_v3 — [ENTROPÍA] Entropía baja (0.266) con run-length=0.640. Posible compresión estadística activa.
2026-05-13 20:28:51 [INFO] main_v3 — [BINARIO] rareness=0.425 | longest_zero_run=6
2026-05-13 20:28:51 [INFO] main_v3 — [DISTANCIA 5x SOBRE MEDIA] hace=8r | avg=4r
2026-05-13 20:28:51 [INFO] main_v3 — [PRE-SPIKE DETECTADO] Contexto similar a previo a 5x (n=17 muestras | avg_low=37.40%)
2026-05-13 20:28:51 [INFO] main_v3 — [PRE-SPIKE DETECTADO] Contexto similar a previo a 10x (n=9 muestras | avg_low=34.10%)
2026-05-13 20:28:51 [INFO] main_v3 — [PRE-SPIKE DETECTADO] Contexto similar a previo a 20x (n=5 muestras | avg_low=37.30%)
2026-05-13 20:29:06 [INFO] advanced_stats — [PRE-SPIKE DETECTADO] Contexto similar a previo a 5x (n=17 muestras | avg_low=37.40%)
2026-05-13 20:29:06 [INFO] advanced_stats — [PRE-SPIKE DETECTADO] Contexto similar a previo a 10x (n=9 muestras | avg_low=34.10%)
2026-05-13 20:29:06 [INFO] advanced_stats — [PRE-SPIKE DETECTADO] Contexto similar a previo a 20x (n=5 muestras | avg_low=37.30%)
2026-05-13 20:29:06 [DEBUG] entropy — [ENTROPÍA] score=0.266 label=estructurado structured=True dead=False
2026-05-13 20:29:06 [DEBUG] ml_clustering — [ML] contexto=neutral score=65 anomalía=0.000 similar=0 buffer=4
2026-05-13 20:29:06 [INFO] dual_engine — [DUAL ENGINE] mode=moon emit=True target=10.00x safe=10 hunter=57 moon=39 entropy=0.266
2026-05-13 20:29:06 [INFO] main_v3 — [20:29:06] 1.87x | mode=moon | safe=10 | hunter=57 | moon=39 | entropy=0.266 | comp=0.434 | tension=23
2026-05-13 20:29:06 [INFO] main_v3 — [MOON] target=10.0x score=39 | compresión=0.43 | overdue_levels=[5] | binary_rareness=0.450
2026-05-13 20:29:06 [INFO] main_v3 — [ENTROPÍA] Entropía baja (0.266) con run-length=0.640. Posible compresión estadística activa.
2026-05-13 20:29:06 [INFO] main_v3 — [BINARIO] rareness=0.450 | longest_zero_run=7
2026-05-13 20:29:06 [INFO] main_v3 — [DISTANCIA 5x SOBRE MEDIA] hace=9r | avg=4r
2026-05-13 20:29:06 [INFO] main_v3 — [PRE-SPIKE DETECTADO] Contexto similar a previo a 5x (n=17 muestras | avg_low=37.40%)
2026-05-13 20:29:06 [INFO] main_v3 — [PRE-SPIKE DETECTADO] Contexto similar a previo a 10x (n=9 muestras | avg_low=34.10%)
2026-05-13 20:29:06 [INFO] main_v3 — [PRE-SPIKE DETECTADO] Contexto similar a previo a 20x (n=5 muestras | avg_low=37.30%)
2026-05-13 20:29:20 [DEBUG] entropy — [ENTROPÍA] score=0.266 label=estructurado structured=True dead=False
2026-05-13 20:29:20 [DEBUG] ml_clustering — [ML] contexto=neutral score=64 anomalía=0.000 similar=0 buffer=5
2026-05-13 20:29:20 [INFO] dual_engine — [DUAL ENGINE] mode=none emit=False target=0.00x safe=4 hunter=21 moon=0 entropy=0.266
2026-05-13 20:29:20 [INFO] main_v3 — [20:29:20] 1.49x | mode=none | safe=4 | hunter=21 | moon=0 | entropy=0.266 | comp=0.459 | tension=25
2026-05-13 20:29:20 [INFO] main_v3 — [ENTROPÍA] Entropía baja (0.266) con run-length=0.640. Posible compresión estadística activa.
2026-05-13 20:29:20 [INFO] main_v3 — [BINARIO] rareness=0.450 | longest_zero_run=8
2026-05-13 20:29:20 [INFO] main_v3 — [DISTANCIA 5x SOBRE MEDIA] hace=10r | avg=4r
2026-05-13 20:29:20 [INFO] main_v3 — [DISTANCIA 100x SOBRE MEDIA] hace=106r | avg=55r
2026-05-13 20:29:45 [DEBUG] entropy — [ENTROPÍA] score=0.266 label=estructurado structured=True dead=False
2026-05-13 20:29:45 [DEBUG] ml_clustering — [ML] contexto=neutral score=64 anomalía=0.000 similar=0 buffer=6
2026-05-13 20:29:45 [INFO] dual_engine — [DUAL ENGINE] mode=hunter emit=True target=5.00x safe=4 hunter=23 moon=0 entropy=0.266
2026-05-13 20:29:45 [INFO] main_v3 — [20:29:45] 1.10x | mode=hunter | safe=4 | hunter=23 | moon=0 | entropy=0.266 | comp=0.531 | tension=29
2026-05-13 20:29:45 [INFO] main_v3 — [HUNTER] target=5.0x score=23 | compresión=0.53 | overdue_levels=[5, 100] | binary_rareness=0.475
2026-05-13 20:29:46 [INFO] main_v3 — [ENTROPÍA] Entropía baja (0.266) con run-length=0.640. Posible compresión estadística activa.
2026-05-13 20:29:46 [INFO] main_v3 — [BINARIO] rareness=0.475 | longest_zero_run=9
2026-05-13 20:29:46 [INFO] main_v3 — [DISTANCIA 5x SOBRE MEDIA] hace=11r | avg=4r
2026-05-13 20:29:46 [INFO] main_v3 — [DISTANCIA 100x SOBRE MEDIA] hace=107r | avg=55r
2026-05-13 20:30:04 [INFO] db_v2 — [DUAL SIGNAL] id=7 mode=hunter target=5.00x conf=22%
2026-05-13 20:30:05 [INFO] main_v3 — ✅ Señal #7 emitida | mode=hunter target=5.0x conf=22% safe=4 hunter=23 moon=0
2026-05-13 20:30:09 [INFO] main_v3 — ❌ Dual señal #7 (hunter 5.0x) → 1.13x en 1 ronda
2026-05-13 20:30:09 [INFO] advanced_stats — [COMPRESIÓN] COMPRESIÓN ALTA | score=0.63 | ultra_low=5/10 | racha=2
2026-05-13 20:30:09 [INFO] advanced_stats — [DISTANCIA 5x ELEVADA] hace=12r | avg=4r | z=2.3σ | presión=1.00
2026-05-13 20:30:09 [DEBUG] entropy — [ENTROPÍA] score=0.266 label=estructurado structured=True dead=False
2026-05-13 20:30:09 [DEBUG] ml_clustering — [ML] contexto=neutral score=64 anomalía=0.000 similar=0 buffer=7
2026-05-13 20:30:09 [INFO] dual_engine — [DUAL ENGINE] mode=hunter emit=True target=5.00x safe=2 hunter=31 moon=8 entropy=0.266
2026-05-13 20:30:09 [INFO] main_v3 — [20:30:08] 1.13x | mode=hunter | safe=2 | hunter=31 | moon=8 | entropy=0.266 | comp=0.627 | tension=33
2026-05-13 20:30:09 [INFO] main_v3 — [HUNTER] target=5.0x score=31 | compresión=0.63 | overdue_levels=[5, 100] | binary_rareness=0.475
2026-05-13 20:30:09 [INFO] main_v3 — [ENTROPÍA] Entropía baja (0.266) con run-length=0.660. Posible compresión estadística activa.
2026-05-13 20:30:09 [INFO] main_v3 — [BINARIO] rareness=0.475 | longest_zero_run=10
2026-05-13 20:30:09 [INFO] main_v3 — [COMPRESIÓN ALTA] score=0.63 ultra_low=5/10 racha_max=2
2026-05-13 20:30:09 [INFO] main_v3 — [DISTANCIA 5x ELEVADA] hace=12r | avg=4r | z=2.3σ | presión=1.00
2026-05-13 20:30:09 [INFO] main_v3 — [DISTANCIA 100x SOBRE MEDIA] hace=108r | avg=55r
2026-05-13 20:30:09 [INFO] db_advanced — [COMPRESIÓN GUARDADA] id=1 score=0.63 label=COMPRESIÓN ALTA
2026-05-13 20:30:23 [INFO] analyzer — Anti-FOMO: spike 7.07x → bloqueando 3 rondas.
2026-05-13 20:30:23 [INFO] advanced_stats — [POST_SPIKE_COOLDOWN] 7.07x >= 5x → bloqueando 2 rondas
2026-05-13 20:30:23 [DEBUG] db_advanced — spike_distances: nivel=5x dist=8 val=7.07
2026-05-13 20:30:23 [DEBUG] db_advanced — pre_spike_context guardado: 7.07x (nivel=5x)
2026-05-13 20:30:23 [INFO] spike_tracker — [SPIKE] 7.07x >= 5x | distancia=8 rondas
2026-05-13 20:30:23 [INFO] advanced_stats — [COMPRESIÓN] COMPRESIÓN ALTA | score=0.63 | ultra_low=5/10 | racha=2
2026-05-13 20:30:23 [INFO] advanced_stats — [PRE-SPIKE DETECTADO] Contexto similar a previo a 5x (n=18 muestras | avg_low=38.30%)
2026-05-13 20:30:23 [INFO] advanced_stats — [PRE-SPIKE DETECTADO] Contexto similar a previo a 10x (n=9 muestras | avg_low=34.10%)
2026-05-13 20:30:23 [INFO] advanced_stats — [PRE-SPIKE DETECTADO] Contexto similar a previo a 20x (n=5 muestras | avg_low=37.30%)
2026-05-13 20:30:23 [DEBUG] entropy — [ENTROPÍA] score=0.266 label=estructurado structured=True dead=False
2026-05-13 20:30:23 [DEBUG] ml_clustering — [ML] contexto=neutral score=65 anomalía=0.000 similar=0 buffer=8
2026-05-13 20:30:23 [INFO] dual_engine — [DUAL ENGINE] mode=none emit=False target=0.00x safe=20 hunter=69 moon=55 entropy=0.266
2026-05-13 20:30:23 [INFO] main_v3 — [20:30:23] 7.07x | mode=none | safe=20 | hunter=69 | moon=55 | entropy=0.266 | comp=0.627 | tension=30
2026-05-13 20:30:23 [INFO] main_v3 — [ENTROPÍA] Entropía baja (0.266) con run-length=0.640. Posible compresión estadística activa.
2026-05-13 20:30:23 [INFO] main_v3 — [BINARIO] rareness=0.450 | longest_zero_run=10
2026-05-13 20:30:23 [INFO] main_v3 — [POST_SPIKE_COOLDOWN] Bloqueado 1 rondas tras 5x
2026-05-13 20:30:23 [INFO] main_v3 — [COMPRESIÓN ALTA] score=0.63 ultra_low=5/10 racha_max=2
2026-05-13 20:30:23 [INFO] main_v3 — [DISTANCIA 100x SOBRE MEDIA] hace=109r | avg=55r
2026-05-13 20:30:23 [INFO] main_v3 — [PRE-SPIKE DETECTADO] Contexto similar a previo a 5x (n=18 muestras | avg_low=38.30%)
2026-05-13 20:30:23 [INFO] main_v3 — [PRE-SPIKE DETECTADO] Contexto similar a previo a 10x (n=9 muestras | avg_low=34.10%)
2026-05-13 20:30:23 [INFO] main_v3 — [PRE-SPIKE DETECTADO] Contexto similar a previo a 20x (n=5 muestras | avg_low=37.30%)
2026-05-13 20:30:23 [INFO] db_advanced — [COMPRESIÓN GUARDADA] id=2 score=0.63 label=COMPRESIÓN ALTA
2026-05-13 20:30:33 [INFO] advanced_stats — [COMPRESIÓN] COMPRESIÓN ALTA | score=0.63 | ultra_low=5/10 | racha=2
2026-05-13 20:30:33 [DEBUG] entropy — [ENTROPÍA] score=0.266 label=estructurado structured=True dead=False
2026-05-13 20:30:33 [DEBUG] ml_clustering — [ML] contexto=neutral score=66 anomalía=0.000 similar=0 buffer=9
2026-05-13 20:30:33 [INFO] dual_engine — [DUAL ENGINE] mode=hunter emit=True target=8.00x safe=20 hunter=35 moon=15 entropy=0.266
2026-05-13 20:30:33 [INFO] main_v3 — [20:30:32] 1.04x | mode=hunter | safe=20 | hunter=35 | moon=15 | entropy=0.266 | comp=0.627 | tension=31
2026-05-13 20:30:33 [INFO] main_v3 — [HUNTER] target=8.0x score=35 | compresión=0.63 | overdue_levels=[8, 100] | binary_rareness=0.450
2026-05-13 20:30:33 [INFO] main_v3 — [ENTROPÍA] Entropía baja (0.266) con run-length=0.640. Posible compresión estadística activa.
2026-05-13 20:30:33 [INFO] main_v3 — [BINARIO] rareness=0.450 | longest_zero_run=10
2026-05-13 20:30:33 [INFO] main_v3 — [COMPRESIÓN ALTA] score=0.63 ultra_low=5/10 racha_max=2
2026-05-13 20:30:33 [INFO] main_v3 — [DISTANCIA 8x SOBRE MEDIA] hace=14r | avg=7r
2026-05-13 20:30:33 [INFO] main_v3 — [DISTANCIA 100x SOBRE MEDIA] hace=110r | avg=55r
2026-05-13 20:30:33 [INFO] db_advanced — [COMPRESIÓN GUARDADA] id=3 score=0.63 label=COMPRESIÓN ALTA
2026-05-13 20:30:52 [INFO] advanced_stats — [COMPRESIÓN] COMPRESIÓN ALTA | score=0.63 | ultra_low=5/10 | racha=2
2026-05-13 20:30:52 [DEBUG] entropy — [ENTROPÍA] score=0.224 label=estructurado structured=True dead=False
2026-05-13 20:30:52 [DEBUG] ml_clustering — [ML] contexto=neutral score=76 anomalía=0.000 similar=0 buffer=10
2026-05-13 20:30:52 [INFO] dual_engine — [DUAL ENGINE] mode=hunter emit=True target=8.00x safe=40 hunter=35 moon=15 entropy=0.224
2026-05-13 20:30:52 [INFO] main_v3 — [20:30:52] 2.53x | mode=hunter | safe=40 | hunter=35 | moon=15 | entropy=0.224 | comp=0.627 | tension=32
2026-05-13 20:30:52 [INFO] main_v3 — [HUNTER] target=8.0x score=35 | compresión=0.63 | overdue_levels=[8, 100] | binary_rareness=0.425
2026-05-13 20:30:52 [INFO] main_v3 — [ENTROPÍA] Entropía baja (0.224) con run-length=0.640. Posible compresión estadística activa.
2026-05-13 20:30:52 [INFO] main_v3 — [BINARIO] rareness=0.425 | longest_zero_run=10
2026-05-13 20:30:52 [INFO] main_v3 — [COMPRESIÓN ALTA] score=0.63 ultra_low=5/10 racha_max=2
2026-05-13 20:30:52 [INFO] main_v3 — [DISTANCIA 8x SOBRE MEDIA] hace=15r | avg=7r
2026-05-13 20:30:52 [INFO] main_v3 — [DISTANCIA 100x SOBRE MEDIA] hace=111r | avg=55r
2026-05-13 20:30:52 [INFO] db_advanced — [COMPRESIÓN GUARDADA] id=4 score=0.63 label=COMPRESIÓN ALTA
2026-05-13 20:31:02 [INFO] advanced_stats — [COMPRESIÓN] COMPRESIÓN ALTA | score=0.63 | ultra_low=5/10 | racha=2
2026-05-13 20:31:02 [DEBUG] entropy — [ENTROPÍA] score=0.224 label=estructurado structured=True dead=False
2026-05-13 20:31:02 [DEBUG] ml_clustering — [ML] contexto=neutral score=76 anomalía=0.000 similar=0 buffer=11
2026-05-13 20:31:02 [INFO] dual_engine — [DUAL ENGINE] mode=hunter emit=True target=8.00x safe=18 hunter=27 moon=7 entropy=0.224
2026-05-13 20:31:02 [INFO] main_v3 — [20:31:02] 1.01x | mode=hunter | safe=18 | hunter=27 | moon=7 | entropy=0.224 | comp=0.627 | tension=33
2026-05-13 20:31:02 [INFO] main_v3 — [HUNTER] target=8.0x score=27 | compresión=0.63 | overdue_levels=[8, 100] | binary_rareness=0.425
2026-05-13 20:31:02 [INFO] main_v3 — [ENTROPÍA] Entropía baja (0.224) con run-length=0.620. Posible compresión estadística activa.
2026-05-13 20:31:02 [INFO] main_v3 — [BINARIO] rareness=0.425 | longest_zero_run=10
2026-05-13 20:31:02 [INFO] main_v3 — [COMPRESIÓN ALTA] score=0.63 ultra_low=5/10 racha_max=2
2026-05-13 20:31:02 [INFO] main_v3 — [DISTANCIA 8x SOBRE MEDIA] hace=16r | avg=7r
2026-05-13 20:31:02 [INFO] main_v3 — [DISTANCIA 100x SOBRE MEDIA] hace=112r | avg=55r
2026-05-13 20:31:02 [INFO] db_advanced — [COMPRESIÓN GUARDADA] id=5 score=0.63 label=COMPRESIÓN ALTA
2026-05-13 20:31:15 [DEBUG] entropy — [ENTROPÍA] score=0.224 label=estructurado structured=True dead=False
2026-05-13 20:31:15 [DEBUG] ml_clustering — [ML] contexto=neutral score=76 anomalía=0.000 similar=0 buffer=12
2026-05-13 20:31:15 [INFO] dual_engine — [DUAL ENGINE] mode=hunter emit=True target=8.00x safe=17 hunter=25 moon=0 entropy=0.224
2026-05-13 20:31:15 [INFO] main_v3 — [20:31:15] 1.72x | mode=hunter | safe=17 | hunter=25 | moon=0 | entropy=0.224 | comp=0.531 | tension=31
2026-05-13 20:31:15 [INFO] main_v3 — [HUNTER] target=8.0x score=25 | compresión=0.53 | overdue_levels=[8, 100] | binary_rareness=0.425
2026-05-13 20:31:15 [INFO] main_v3 — [ENTROPÍA] Entropía baja (0.224) con run-length=0.620. Posible compresión estadística activa.
2026-05-13 20:31:15 [INFO] main_v3 — [BINARIO] rareness=0.425 | longest_zero_run=10
2026-05-13 20:31:15 [INFO] main_v3 — [DISTANCIA 8x SOBRE MEDIA] hace=17r | avg=7r
2026-05-13 20:31:15 [INFO] main_v3 — [DISTANCIA 100x SOBRE MEDIA] hace=113r | avg=55r
2026-05-13 20:31:28 [INFO] advanced_stats — [COMPRESIÓN] COMPRESIÓN ALTA | score=0.63 | ultra_low=5/10 | racha=2
2026-05-13 20:31:28 [DEBUG] entropy — [ENTROPÍA] score=0.224 label=estructurado structured=True dead=False
2026-05-13 20:31:28 [DEBUG] ml_clustering — [ML] contexto=neutral score=75 anomalía=0.000 similar=0 buffer=13
2026-05-13 20:31:28 [INFO] dual_engine — [DUAL ENGINE] mode=none emit=False target=0.00x safe=25 hunter=26 moon=5 entropy=0.224
2026-05-13 20:31:28 [INFO] main_v3 — [20:31:27] 1.18x | mode=none | safe=25 | hunter=26 | moon=5 | entropy=0.224 | comp=0.627 | tension=36
2026-05-13 20:31:28 [INFO] main_v3 — [ENTROPÍA] Entropía baja (0.224) con run-length=0.640. Posible compresión estadística activa.
2026-05-13 20:31:28 [INFO] main_v3 — [BINARIO] rareness=0.450 | longest_zero_run=10
2026-05-13 20:31:28 [INFO] main_v3 — [COMPRESIÓN ALTA] score=0.63 ultra_low=5/10 racha_max=2
2026-05-13 20:31:28 [INFO] main_v3 — [DISTANCIA 8x SOBRE MEDIA] hace=18r | avg=7r
2026-05-13 20:31:28 [INFO] main_v3 — [DISTANCIA 100x SOBRE MEDIA] hace=114r | avg=55r
2026-05-13 20:31:28 [INFO] db_advanced — [COMPRESIÓN GUARDADA] id=6 score=0.63 label=COMPRESIÓN ALTA
2026-05-13 20:31:37 [INFO] advanced_stats — [COMPRESIÓN] COMPRESIÓN ALTA | score=0.65 | ultra_low=5/10 | racha=2
2026-05-13 20:31:37 [DEBUG] entropy — [ENTROPÍA] score=0.224 label=estructurado structured=True dead=False
2026-05-13 20:31:37 [DEBUG] ml_clustering — [ML] contexto=neutral score=75 anomalía=0.000 similar=0 buffer=14
2026-05-13 20:31:37 [INFO] dual_engine — [DUAL ENGINE] mode=none emit=False target=0.00x safe=24 hunter=27 moon=6 entropy=0.224
2026-05-13 20:31:37 [INFO] main_v3 — [20:31:37] 1.31x | mode=none | safe=24 | hunter=27 | moon=6 | entropy=0.224 | comp=0.652 | tension=39
2026-05-13 20:31:37 [INFO] main_v3 — [ENTROPÍA] Entropía baja (0.224) con run-length=0.640. Posible compresión estadística activa.
2026-05-13 20:31:37 [INFO] main_v3 — [BINARIO] rareness=0.475 | longest_zero_run=10
2026-05-13 20:31:37 [INFO] main_v3 — [COMPRESIÓN ALTA] score=0.65 ultra_low=5/10 racha_max=2
2026-05-13 20:31:37 [INFO] main_v3 — [DISTANCIA 8x SOBRE MEDIA] hace=19r | avg=7r
2026-05-13 20:31:37 [INFO] main_v3 — [DISTANCIA 100x SOBRE MEDIA] hace=115r | avg=55r
2026-05-13 20:31:37 [INFO] db_advanced — [COMPRESIÓN GUARDADA] id=7 score=0.65 label=COMPRESIÓN ALTA
2026-05-13 20:31:50 [INFO] advanced_stats — [COMPRESIÓN] COMPRESIÓN ALTA | score=0.72 | ultra_low=6/10 | racha=2
2026-05-13 20:31:50 [INFO] advanced_stats — [DISTANCIA 8x ELEVADA] hace=20r | avg=7r | z=2.2σ | presión=1.00
2026-05-13 20:31:50 [DEBUG] entropy — [ENTROPÍA] score=0.199 label=estructurado structured=True dead=False
2026-05-13 20:31:50 [DEBUG] ml_clustering — [ML] contexto=neutral score=75 anomalía=0.000 similar=0 buffer=15
2026-05-13 20:31:50 [INFO] dual_engine — [DUAL ENGINE] mode=none emit=False target=0.00x safe=24 hunter=35 moon=7 entropy=0.199
2026-05-13 20:31:50 [INFO] main_v3 — [20:31:50] 1.10x | mode=none | safe=24 | hunter=35 | moon=7 | entropy=0.199 | comp=0.724 | tension=43
2026-05-13 20:31:50 [INFO] main_v3 — [ENTROPÍA] Entropía baja (0.199) con run-length=0.660. Posible compresión estadística activa.
2026-05-13 20:31:50 [INFO] main_v3 — [BINARIO] rareness=0.500 | longest_zero_run=10
2026-05-13 20:31:50 [INFO] main_v3 — [COMPRESIÓN ALTA] score=0.72 ultra_low=6/10 racha_max=2
2026-05-13 20:31:50 [INFO] main_v3 — [DISTANCIA 8x ELEVADA] hace=20r | avg=7r | z=2.2σ | presión=1.00
2026-05-13 20:31:50 [INFO] main_v3 — [DISTANCIA 100x SOBRE MEDIA] hace=116r | avg=55r
2026-05-13 20:31:50 [INFO] db_advanced — [COMPRESIÓN GUARDADA] id=8 score=0.72 label=COMPRESIÓN ALTA
2026-05-13 20:32:04 [INFO] advanced_stats — [COMPRESIÓN] COMPRESIÓN ALTA | score=0.57 | ultra_low=5/10 | racha=1
2026-05-13 20:32:04 [INFO] advanced_stats — [DISTANCIA 8x ELEVADA] hace=21r | avg=7r | z=2.3σ | presión=1.00
2026-05-13 20:32:04 [DEBUG] entropy — [ENTROPÍA] score=0.199 label=estructurado structured=True dead=False
2026-05-13 20:32:04 [DEBUG] ml_clustering — [ML] contexto=neutral score=76 anomalía=0.000 similar=0 buffer=16
2026-05-13 20:32:04 [INFO] dual_engine — [DUAL ENGINE] mode=none emit=False target=0.00x safe=23 hunter=35 moon=0 entropy=0.199
2026-05-13 20:32:04 [INFO] main_v3 — [20:32:04] 1.84x | mode=none | safe=23 | hunter=35 | moon=0 | entropy=0.199 | comp=0.567 | tension=39
2026-05-13 20:32:04 [INFO] main_v3 — [ENTROPÍA] Entropía baja (0.199) con run-length=0.660. Posible compresión estadística activa.
2026-05-13 20:32:04 [INFO] main_v3 — [BINARIO] rareness=0.500 | longest_zero_run=10
2026-05-13 20:32:04 [INFO] main_v3 — [COMPRESIÓN ALTA] score=0.57 ultra_low=5/10 racha_max=1
2026-05-13 20:32:04 [INFO] main_v3 — [DISTANCIA 5x SOBRE MEDIA] hace=8r | avg=4r
2026-05-13 20:32:04 [INFO] main_v3 — [DISTANCIA 8x ELEVADA] hace=21r | avg=7r | z=2.3σ | presión=1.00
2026-05-13 20:32:04 [INFO] main_v3 — [DISTANCIA 100x SOBRE MEDIA] hace=117r | avg=55r
2026-05-13 20:32:04 [INFO] db_advanced — [COMPRESIÓN GUARDADA] id=9 score=0.57 label=COMPRESIÓN ALTA
2026-05-13 20:32:14 [INFO] advanced_stats — [COMPRESIÓN] COMPRESIÓN ALTA | score=0.57 | ultra_low=5/10 | racha=1
2026-05-13 20:32:14 [INFO] advanced_stats — [DISTANCIA 8x ELEVADA] hace=22r | avg=7r | z=2.5σ | presión=1.00
2026-05-13 20:32:14 [DEBUG] entropy — [ENTROPÍA] score=0.199 label=estructurado structured=True dead=False
2026-05-13 20:32:14 [DEBUG] ml_clustering — [ML] contexto=neutral score=76 anomalía=0.000 similar=0 buffer=17
2026-05-13 20:32:14 [INFO] dual_engine — [DUAL ENGINE] mode=none emit=False target=0.00x safe=23 hunter=36 moon=9 entropy=0.199
2026-05-13 20:32:14 [INFO] main_v3 — [20:32:14] 1.12x | mode=none | safe=23 | hunter=36 | moon=9 | entropy=0.199 | comp=0.567 | tension=41
2026-05-13 20:32:14 [INFO] main_v3 — [ENTROPÍA] Entropía baja (0.199) con run-length=0.680. Posible compresión estadística activa.
2026-05-13 20:32:14 [INFO] main_v3 — [BINARIO] rareness=0.525 | longest_zero_run=10
2026-05-13 20:32:14 [INFO] main_v3 — [COMPRESIÓN ALTA] score=0.57 ultra_low=5/10 racha_max=1
2026-05-13 20:32:14 [INFO] main_v3 — [DISTANCIA 5x SOBRE MEDIA] hace=9r | avg=4r
2026-05-13 20:32:14 [INFO] main_v3 — [DISTANCIA 8x ELEVADA] hace=22r | avg=7r | z=2.5σ | presión=1.00
2026-05-13 20:32:14 [INFO] main_v3 — [DISTANCIA 10x SOBRE MEDIA] hace=22r | avg=12r
2026-05-13 20:32:14 [INFO] main_v3 — [DISTANCIA 100x SOBRE MEDIA] hace=118r | avg=55r
2026-05-13 20:32:14 [INFO] db_advanced — [COMPRESIÓN GUARDADA] id=10 score=0.57 label=COMPRESIÓN ALTA
2026-05-13 20:32:24 [INFO] advanced_stats — [COMPRESIÓN] COMPRESIÓN ALTA | score=0.72 | ultra_low=6/10 | racha=2
2026-05-13 20:32:24 [INFO] advanced_stats — [DISTANCIA 8x ELEVADA] hace=23r | avg=7r | z=2.7σ | presión=1.00
2026-05-13 20:32:24 [DEBUG] entropy — [ENTROPÍA] score=0.199 label=estructurado structured=True dead=False
2026-05-13 20:32:24 [DEBUG] ml_clustering — [ML] contexto=neutral score=75 anomalía=0.000 similar=0 buffer=18
2026-05-13 20:32:24 [INFO] dual_engine — [DUAL ENGINE] mode=none emit=False target=0.00x safe=21 hunter=43 moon=26 entropy=0.199
2026-05-13 20:32:24 [INFO] main_v3 — [20:32:24] 1.23x | mode=none | safe=21 | hunter=43 | moon=26 | entropy=0.199 | comp=0.724 | tension=48
2026-05-13 20:32:24 [INFO] main_v3 — [ENTROPÍA] Entropía baja (0.199) con run-length=0.680. Posible compresión estadística activa.
2026-05-13 20:32:24 [INFO] main_v3 — [BINARIO] rareness=0.850 | longest_zero_run=10
2026-05-13 20:32:24 [INFO] main_v3 — [COMPRESIÓN ALTA] score=0.72 ultra_low=6/10 racha_max=2
2026-05-13 20:32:24 [INFO] main_v3 — [DISTANCIA 5x SOBRE MEDIA] hace=10r | avg=4r
2026-05-13 20:32:24 [INFO] main_v3 — [DISTANCIA 8x ELEVADA] hace=23r | avg=7r | z=2.7σ | presión=1.00
2026-05-13 20:32:24 [INFO] main_v3 — [DISTANCIA 10x SOBRE MEDIA] hace=23r | avg=12r
2026-05-13 20:32:24 [INFO] main_v3 — [DISTANCIA 100x SOBRE MEDIA] hace=119r | avg=55r
2026-05-13 20:32:24 [INFO] db_advanced — [COMPRESIÓN GUARDADA] id=11 score=0.72 label=COMPRESIÓN ALTA
2026-05-13 20:32:46 [INFO] advanced_stats — [COMPRESIÓN] COMPRESIÓN ALTA | score=0.63 | ultra_low=5/10 | racha=2
2026-05-13 20:32:46 [INFO] advanced_stats — [DISTANCIA 8x ELEVADA] hace=24r | avg=7r | z=2.8σ | presión=1.00
2026-05-13 20:32:46 [DEBUG] entropy — [ENTROPÍA] score=0.199 label=estructurado structured=True dead=False
2026-05-13 20:32:46 [DEBUG] ml_clustering — [ML] contexto=neutral score=75 anomalía=0.000 similar=0 buffer=19
2026-05-13 20:32:46 [INFO] dual_engine — [DUAL ENGINE] mode=none emit=False target=0.00x safe=23 hunter=40 moon=23 entropy=0.199
2026-05-13 20:32:46 [INFO] main_v3 — [20:32:45] 2.96x | mode=none | safe=23 | hunter=40 | moon=23 | entropy=0.199 | comp=0.627 | tension=46
2026-05-13 20:32:46 [INFO] main_v3 — [ENTROPÍA] Entropía baja (0.199) con run-length=0.660. Posible compresión estadística activa.
2026-05-13 20:32:46 [INFO] main_v3 — [BINARIO] rareness=0.850 | longest_zero_run=10
2026-05-13 20:32:46 [INFO] main_v3 — [COMPRESIÓN ALTA] score=0.63 ultra_low=5/10 racha_max=2
2026-05-13 20:32:46 [INFO] main_v3 — [DISTANCIA 5x SOBRE MEDIA] hace=11r | avg=4r
2026-05-13 20:32:46 [INFO] main_v3 — [DISTANCIA 8x ELEVADA] hace=24r | avg=7r | z=2.8σ | presión=1.00
2026-05-13 20:32:46 [INFO] main_v3 — [DISTANCIA 10x SOBRE MEDIA] hace=24r | avg=12r
2026-05-13 20:32:46 [INFO] main_v3 — [DISTANCIA 100x SOBRE MEDIA] hace=120r | avg=55r
2026-05-13 20:32:47 [INFO] db_advanced — [COMPRESIÓN GUARDADA] id=12 score=0.63 label=COMPRESIÓN ALTA
2026-05-13 20:33:02 [INFO] advanced_stats — [COMPRESIÓN] COMPRESIÓN ALTA | score=0.63 | ultra_low=5/10 | racha=2
2026-05-13 20:33:02 [INFO] advanced_stats — [DISTANCIA 5x ELEVADA] hace=12r | avg=4r | z=2.3σ | presión=1.00
2026-05-13 20:33:02 [INFO] advanced_stats — [DISTANCIA 8x ELEVADA] hace=25r | avg=7r | z=3.0σ | presión=1.00
2026-05-13 20:33:02 [DEBUG] entropy — [ENTROPÍA] score=0.275 label=estructurado structured=True dead=False
2026-05-13 20:33:02 [DEBUG] ml_clustering — [CLUSTERING] Modelos re-entrenados con 20 muestras
2026-05-13 20:33:02 [DEBUG] ml_clustering — [ML] contexto=neutral score=74 anomalía=0.000 similar=0 buffer=20
2026-05-13 20:33:02 [INFO] dual_engine — [DUAL ENGINE] mode=none emit=False target=0.00x safe=21 hunter=46 moon=24 entropy=0.275
2026-05-13 20:33:02 [INFO] main_v3 — [20:33:02] 1.57x | mode=none | safe=21 | hunter=46 | moon=24 | entropy=0.275 | comp=0.627 | tension=47
2026-05-13 20:33:02 [INFO] main_v3 — [ENTROPÍA] Entropía baja (0.275) con run-length=0.640. Posible compresión estadística activa.
2026-05-13 20:33:02 [INFO] main_v3 — [BINARIO] rareness=0.850 | longest_zero_run=10
2026-05-13 20:33:02 [INFO] main_v3 — [COMPRESIÓN ALTA] score=0.63 ultra_low=5/10 racha_max=2
2026-05-13 20:33:02 [INFO] main_v3 — [DISTANCIA 5x ELEVADA] hace=12r | avg=4r | z=2.3σ | presión=1.00
2026-05-13 20:33:02 [INFO] main_v3 — [DISTANCIA 8x ELEVADA] hace=25r | avg=7r | z=3.0σ | presión=1.00
2026-05-13 20:33:02 [INFO] main_v3 — [DISTANCIA 10x SOBRE MEDIA] hace=25r | avg=12r
2026-05-13 20:33:02 [INFO] main_v3 — [DISTANCIA 100x SOBRE MEDIA] hace=121r | avg=55r
2026-05-13 20:33:02 [INFO] db_advanced — [COMPRESIÓN GUARDADA] id=13 score=0.63 label=COMPRESIÓN ALTA
2026-05-13 20:33:09 [INFO] advanced_stats — [COMPRESIÓN] COMPRESIÓN ALTA | score=0.63 | ultra_low=5/10 | racha=2
2026-05-13 20:33:09 [INFO] advanced_stats — [DISTANCIA 5x ELEVADA] hace=13r | avg=4r | z=2.6σ | presión=1.00
2026-05-13 20:33:09 [INFO] advanced_stats — [DISTANCIA 8x ELEVADA] hace=26r | avg=7r | z=3.2σ | presión=1.00
2026-05-13 20:33:09 [DEBUG] entropy — [ENTROPÍA] score=0.246 label=estructurado structured=True dead=False
2026-05-13 20:33:09 [DEBUG] ml_clustering — [ML] contexto=neutral score=75 anomalía=0.126 similar=10 buffer=21
2026-05-13 20:33:09 [INFO] dual_engine — [DUAL ENGINE] mode=none emit=False target=0.00x safe=21 hunter=46 moon=24 entropy=0.246
2026-05-13 20:33:09 [INFO] main_v3 — [20:33:09] 1.00x | mode=none | safe=21 | hunter=46 | moon=24 | entropy=0.246 | comp=0.627 | tension=48
2026-05-13 20:33:09 [INFO] main_v3 — [ENTROPÍA] Entropía baja (0.246) con run-length=0.640. Posible compresión estadística activa.
2026-05-13 20:33:09 [INFO] main_v3 — [BINARIO] rareness=0.850 | longest_zero_run=10
2026-05-13 20:33:09 [INFO] main_v3 — [COMPRESIÓN ALTA] score=0.63 ultra_low=5/10 racha_max=2
2026-05-13 20:33:09 [INFO] main_v3 — [DISTANCIA 5x ELEVADA] hace=13r | avg=4r | z=2.6σ | presión=1.00
2026-05-13 20:33:09 [INFO] main_v3 — [DISTANCIA 8x ELEVADA] hace=26r | avg=7r | z=3.2σ | presión=1.00
2026-05-13 20:33:09 [INFO] main_v3 — [DISTANCIA 10x SOBRE MEDIA] hace=26r | avg=12r
2026-05-13 20:33:09 [INFO] main_v3 — [DISTANCIA 100x SOBRE MEDIA] hace=122r | avg=55r
2026-05-13 20:33:09 [INFO] db_advanced — [COMPRESIÓN GUARDADA] id=14 score=0.63 label=COMPRESIÓN ALTA
2026-05-13 20:33:21 [INFO] advanced_stats — [COMPRESIÓN] COMPRESIÓN ALTA | score=0.72 | ultra_low=6/10 | racha=2
2026-05-13 20:33:21 [INFO] advanced_stats — [DISTANCIA 5x ELEVADA] hace=14r | avg=4r | z=2.9σ | presión=1.00
2026-05-13 20:33:21 [INFO] advanced_stats — [DISTANCIA 8x ELEVADA] hace=27r | avg=7r | z=3.3σ | presión=1.00
2026-05-13 20:33:22 [DEBUG] entropy — [ENTROPÍA] score=0.224 label=estructurado structured=True dead=False
2026-05-13 20:33:22 [DEBUG] ml_clustering — [ML] contexto=neutral score=75 anomalía=0.165 similar=9 buffer=22
2026-05-13 20:33:22 [INFO] dual_engine — [DUAL ENGINE] mode=none emit=False target=0.00x safe=21 hunter=50 moon=27 entropy=0.224
2026-05-13 20:33:22 [INFO] main_v3 — [20:33:21] 1.01x | mode=none | safe=21 | hunter=50 | moon=27 | entropy=0.224 | comp=0.724 | tension=52
2026-05-13 20:33:22 [INFO] main_v3 — [ENTROPÍA] Entropía baja (0.224) con run-length=0.640. Posible compresión estadística activa.
2026-05-13 20:33:22 [INFO] main_v3 — [BINARIO] rareness=0.850 | longest_zero_run=10
2026-05-13 20:33:22 [INFO] main_v3 — [COMPRESIÓN ALTA] score=0.72 ultra_low=6/10 racha_max=2
2026-05-13 20:33:22 [INFO] main_v3 — [DISTANCIA 5x ELEVADA] hace=14r | avg=4r | z=2.9σ | presión=1.00
2026-05-13 20:33:22 [INFO] main_v3 — [DISTANCIA 8x ELEVADA] hace=27r | avg=7r | z=3.3σ | presión=1.00
2026-05-13 20:33:22 [INFO] main_v3 — [DISTANCIA 10x SOBRE MEDIA] hace=27r | avg=12r
2026-05-13 20:33:22 [INFO] main_v3 — [DISTANCIA 100x SOBRE MEDIA] hace=123r | avg=55r
2026-05-13 20:33:22 [INFO] db_advanced — [COMPRESIÓN GUARDADA] id=15 score=0.72 label=COMPRESIÓN ALTA
2026-05-13 20:33:28 [INFO] advanced_stats — [COMPRESIÓN] COMPRESIÓN ALTA | score=0.78 | ultra_low=6/10 | racha=3
2026-05-13 20:33:28 [INFO] advanced_stats — [DISTANCIA 5x ELEVADA] hace=15r | avg=4r | z=3.1σ | presión=1.00
2026-05-13 20:33:28 [INFO] advanced_stats — [DISTANCIA 8x ELEVADA] hace=28r | avg=7r | z=3.5σ | presión=1.00
2026-05-13 20:33:28 [DEBUG] entropy — [ENTROPÍA] score=0.224 label=estructurado structured=True dead=False
2026-05-13 20:33:28 [DEBUG] ml_clustering — [ML] contexto=neutral score=75 anomalía=0.259 similar=6 buffer=23
2026-05-13 20:33:28 [INFO] dual_engine — [DUAL ENGINE] mode=none emit=False target=0.00x safe=21 hunter=60 moon=27 entropy=0.224
2026-05-13 20:33:28 [INFO] main_v3 — [20:33:28] 1.08x | mode=none | safe=21 | hunter=60 | moon=27 | entropy=0.224 | comp=0.784 | tension=55
2026-05-13 20:33:28 [INFO] main_v3 — [ENTROPÍA] Entropía baja (0.224) con run-length=0.640. Posible compresión estadística activa.
2026-05-13 20:33:28 [INFO] main_v3 — [BINARIO] rareness=0.850 | longest_zero_run=10
2026-05-13 20:33:28 [INFO] main_v3 — [COMPRESIÓN ALTA] score=0.78 ultra_low=6/10 racha_max=3
2026-05-13 20:33:28 [INFO] main_v3 — [DISTANCIA 5x ELEVADA] hace=15r | avg=4r | z=3.1σ | presión=1.00
2026-05-13 20:33:28 [INFO] main_v3 — [DISTANCIA 8x ELEVADA] hace=28r | avg=7r | z=3.5σ | presión=1.00
2026-05-13 20:33:28 [INFO] main_v3 — [DISTANCIA 10x SOBRE MEDIA] hace=28r | avg=12r
2026-05-13 20:33:28 [INFO] main_v3 — [DISTANCIA 100x SOBRE MEDIA] hace=124r | avg=55r
2026-05-13 20:33:29 [INFO] db_advanced — [COMPRESIÓN GUARDADA] id=16 score=0.78 label=COMPRESIÓN ALTA
2026-05-13 20:33:48 [INFO] advanced_stats — [COMPRESIÓN] COMPRESIÓN ALTA | score=0.76 | ultra_low=6/10 | racha=3
2026-05-13 20:33:48 [INFO] advanced_stats — [DISTANCIA 5x ELEVADA] hace=16r | avg=4r | z=3.4σ | presión=1.00
2026-05-13 20:33:48 [INFO] advanced_stats — [DISTANCIA 8x ELEVADA] hace=29r | avg=7r | z=3.7σ | presión=1.00
2026-05-13 20:33:48 [DEBUG] entropy — [ENTROPÍA] score=0.224 label=estructurado structured=True dead=False
2026-05-13 20:33:48 [DEBUG] ml_clustering — [ML] contexto=neutral score=76 anomalía=0.296 similar=7 buffer=24
2026-05-13 20:33:48 [INFO] dual_engine — [DUAL ENGINE] mode=none emit=False target=0.00x safe=23 hunter=60 moon=27 entropy=0.224
2026-05-13 20:33:48 [INFO] main_v3 — [20:33:48] 2.45x | mode=none | safe=23 | hunter=60 | moon=27 | entropy=0.224 | comp=0.759 | tension=55
2026-05-13 20:33:48 [INFO] main_v3 — [ENTROPÍA] Entropía baja (0.224) con run-length=0.640. Posible compresión estadística activa.
2026-05-13 20:33:48 [INFO] main_v3 — [BINARIO] rareness=0.850 | longest_zero_run=10
2026-05-13 20:33:48 [INFO] main_v3 — [COMPRESIÓN ALTA] score=0.76 ultra_low=6/10 racha_max=3
2026-05-13 20:33:48 [INFO] main_v3 — [DISTANCIA 5x ELEVADA] hace=16r | avg=4r | z=3.4σ | presión=1.00
2026-05-13 20:33:48 [INFO] main_v3 — [DISTANCIA 8x ELEVADA] hace=29r | avg=7r | z=3.7σ | presión=1.00
2026-05-13 20:33:48 [INFO] main_v3 — [DISTANCIA 10x SOBRE MEDIA] hace=29r | avg=12r
2026-05-13 20:33:48 [INFO] main_v3 — [DISTANCIA 100x SOBRE MEDIA] hace=125r | avg=55r
2026-05-13 20:33:48 [INFO] db_advanced — [COMPRESIÓN GUARDADA] id=17 score=0.76 label=COMPRESIÓN ALTA
2026-05-13 20:34:18 [INFO] analyzer — Anti-FOMO: spike 6.13x → bloqueando 3 rondas.
2026-05-13 20:34:18 [INFO] advanced_stats — [POST_SPIKE_COOLDOWN] 6.13x >= 5x → bloqueando 2 rondas
2026-05-13 20:34:18 [DEBUG] db_advanced — spike_distances: nivel=5x dist=17 val=6.13
2026-05-13 20:34:18 [DEBUG] db_advanced — pre_spike_context guardado: 6.13x (nivel=5x)
2026-05-13 20:34:18 [INFO] spike_tracker — [SPIKE] 6.13x >= 5x | distancia=17 rondas
2026-05-13 20:34:18 [INFO] advanced_stats — [COMPRESIÓN] COMPRESIÓN ALTA | score=0.66 | ultra_low=5/10 | racha=3
2026-05-13 20:34:18 [INFO] advanced_stats — [DISTANCIA 8x ELEVADA] hace=30r | avg=7r | z=3.8σ | presión=1.00
2026-05-13 20:34:18 [INFO] advanced_stats — [TENSIÓN ALTA] tension_index=60.4 | TENSIÓN ALTA
2026-05-13 20:34:18 [DEBUG] entropy — [ENTROPÍA] score=0.224 label=estructurado structured=True dead=False
2026-05-13 20:34:18 [DEBUG] ml_clustering — [ML] contexto=neutral score=76 anomalía=0.741 similar=0 buffer=25
2026-05-13 20:34:18 [INFO] dual_engine — [DUAL ENGINE] mode=none emit=False target=0.00x safe=41 hunter=70 moon=44 entropy=0.224
2026-05-13 20:34:18 [INFO] main_v3 — [20:34:18] 6.13x | mode=none | safe=41 | hunter=70 | moon=44 | entropy=0.224 | comp=0.662 | tension=60
2026-05-13 20:34:18 [INFO] main_v3 — [ENTROPÍA] Entropía baja (0.224) con run-length=0.660. Posible compresión estadística activa.
2026-05-13 20:34:18 [INFO] main_v3 — [BINARIO] rareness=0.850 | longest_zero_run=10
2026-05-13 20:34:18 [INFO] main_v3 — [ANOMALÍA] Contexto: NEUTRAL (score=76) | Crash density 15r=60.00% | Compresión=0.662 | Entropía=0.224 | Anomalía=0.741
2026-05-13 20:34:18 [INFO] main_v3 — [POST_SPIKE_COOLDOWN] Bloqueado 1 rondas tras 5x
2026-05-13 20:34:18 [INFO] main_v3 — [COMPRESIÓN ALTA] score=0.66 ultra_low=5/10 racha_max=3
2026-05-13 20:34:18 [INFO] main_v3 — [DISTANCIA 8x ELEVADA] hace=30r | avg=7r | z=3.8σ | presión=1.00
2026-05-13 20:34:18 [INFO] main_v3 — [DISTANCIA 10x SOBRE MEDIA] hace=30r | avg=12r
2026-05-13 20:34:18 [INFO] main_v3 — [DISTANCIA 100x SOBRE MEDIA] hace=126r | avg=55r
2026-05-13 20:34:18 [INFO] main_v3 — [TENSIÓN ALTA] tension_index=60.4 | TENSIÓN ALTA
2026-05-13 20:34:18 [INFO] main_v3 — [COMPRESIÓN ALTA]
2026-05-13 20:34:18 [INFO] main_v3 — [DISTANCIA 8x ELEVADA]
2026-05-13 20:34:18 [INFO] main_v3 — [TENSIÓN ALTA]
2026-05-13 20:34:18 [INFO] db_advanced — [COMPRESIÓN GUARDADA] id=18 score=0.66 label=COMPRESIÓN ALTA
2026-05-13 20:34:31 [INFO] advanced_stats — [COMPRESIÓN] COMPRESIÓN ALTA | score=0.69 | ultra_low=5/10 | racha=3
2026-05-13 20:34:31 [INFO] advanced_stats — [DISTANCIA 8x ELEVADA] hace=31r | avg=7r | z=4.0σ | presión=1.00
2026-05-13 20:34:31 [INFO] advanced_stats — [DISTANCIA 10x ELEVADA] hace=31r | avg=12r | z=2.1σ | presión=1.00
2026-05-13 20:34:31 [INFO] advanced_stats — [TENSIÓN ALTA] tension_index=61.8 | TENSIÓN ALTA
2026-05-13 20:34:31 [DEBUG] entropy — [ENTROPÍA] score=0.199 label=estructurado structured=True dead=False
2026-05-13 20:34:31 [DEBUG] ml_clustering — [ML] contexto=neutral score=76 anomalía=0.748 similar=1 buffer=26
2026-05-13 20:34:31 [INFO] dual_engine — [DUAL ENGINE] mode=moon emit=True target=20.00x safe=41 hunter=76 moon=60 entropy=0.199
2026-05-13 20:34:31 [INFO] main_v3 — [20:34:31] 1.31x | mode=moon | safe=41 | hunter=76 | moon=60 | entropy=0.199 | comp=0.687 | tension=62
2026-05-13 20:34:31 [INFO] main_v3 — [MOON] target=20.0x score=60 | compresión=0.69 | tensión=62 | overdue_levels=[8, 10, 100] | binary_rareness=0.850
2026-05-13 20:34:31 [INFO] main_v3 — [ENTROPÍA] Entropía baja (0.199) con run-length=0.660. Posible compresión estadística activa.
2026-05-13 20:34:31 [INFO] main_v3 — [BINARIO] rareness=0.850 | longest_zero_run=10
2026-05-13 20:34:31 [INFO] main_v3 — [ANOMALÍA] Contexto: NEUTRAL (score=76) | Crash density 15r=60.00% | Compresión=0.687 | Entropía=0.199 | Anomalía=0.748
2026-05-13 20:34:31 [INFO] main_v3 — [COMPRESIÓN ALTA] score=0.69 ultra_low=5/10 racha_max=3
2026-05-13 20:34:31 [INFO] main_v3 — [DISTANCIA 8x ELEVADA] hace=31r | avg=7r | z=4.0σ | presión=1.00
2026-05-13 20:34:31 [INFO] main_v3 — [DISTANCIA 10x ELEVADA] hace=31r | avg=12r | z=2.1σ | presión=1.00
2026-05-13 20:34:31 [INFO] main_v3 — [DISTANCIA 100x SOBRE MEDIA] hace=127r | avg=55r
2026-05-13 20:34:31 [INFO] main_v3 — [TENSIÓN ALTA] tension_index=61.8 | TENSIÓN ALTA
2026-05-13 20:34:31 [INFO] main_v3 — [COMPRESIÓN ALTA]
2026-05-13 20:34:31 [INFO] main_v3 — [DISTANCIA 8x/10x ELEVADA]
2026-05-13 20:34:31 [INFO] main_v3 — [TENSIÓN ALTA]
2026-05-13 20:34:32 [INFO] db_advanced — [COMPRESIÓN GUARDADA] id=19 score=0.69 label=COMPRESIÓN ALTA
2026-05-13 20:34:34 [INFO] db_v2 — [DUAL SIGNAL] id=8 mode=moon target=20.00x conf=45%
2026-05-13 20:34:35 [INFO] main_v3 — ✅ Señal #8 emitida | mode=moon target=20.0x conf=45% safe=41 hunter=76 moon=60
2026-05-13 20:35:05 [INFO] main_v3 — ❌ Dual señal #8 (moon 20.0x) → 9.28x en 1 ronda
2026-05-13 20:35:05 [INFO] analyzer — Anti-FOMO: spike 9.28x → bloqueando 3 rondas.
2026-05-13 20:35:05 [INFO] advanced_stats — [POST_SPIKE_COOLDOWN] 9.28x >= 5x → bloqueando 2 rondas
2026-05-13 20:35:05 [INFO] advanced_stats — [POST_SPIKE_COOLDOWN] 9.28x >= 8x → bloqueando 2 rondas
2026-05-13 20:35:05 [DEBUG] db_advanced — spike_distances: nivel=5x dist=2 val=9.28
2026-05-13 20:35:05 [DEBUG] db_advanced — pre_spike_context guardado: 9.28x (nivel=5x)
2026-05-13 20:35:05 [INFO] spike_tracker — [SPIKE] 9.28x >= 5x | distancia=2 rondas
2026-05-13 20:35:05 [DEBUG] db_advanced — spike_distances: nivel=8x dist=27 val=9.28
2026-05-13 20:35:05 [DEBUG] db_advanced — pre_spike_context guardado: 9.28x (nivel=8x)
2026-05-13 20:35:05 [INFO] spike_tracker — [SPIKE] 9.28x >= 8x | distancia=27 rondas
2026-05-13 20:35:05 [INFO] advanced_stats — [COMPRESIÓN] COMPRESIÓN ALTA | score=0.59 | ultra_low=4/10 | racha=3
2026-05-13 20:35:05 [INFO] advanced_stats — [DISTANCIA 10x ELEVADA] hace=32r | avg=12r | z=2.2σ | presión=1.00
2026-05-13 20:35:05 [DEBUG] entropy — [ENTROPÍA] score=0.224 label=estructurado structured=True dead=False
2026-05-13 20:35:05 [DEBUG] ml_clustering — [ML] contexto=neutral score=75 anomalía=0.693 similar=2 buffer=27
2026-05-13 20:35:05 [INFO] dual_engine — [DUAL ENGINE] mode=none emit=False target=0.00x safe=43 hunter=61 moon=35 entropy=0.224
2026-05-13 20:35:05 [INFO] main_v3 — [20:35:04] 9.28x | mode=none | safe=43 | hunter=61 | moon=35 | entropy=0.224 | comp=0.591 | tension=52
2026-05-13 20:35:05 [INFO] main_v3 — [ENTROPÍA] Entropía baja (0.224) con run-length=0.640. Posible compresión estadística activa.
2026-05-13 20:35:05 [INFO] main_v3 — [BINARIO] rareness=0.850 | longest_zero_run=10
2026-05-13 20:35:05 [INFO] main_v3 — [ANOMALÍA] Contexto: NEUTRAL (score=75) | Crash density 15r=60.00% | Compresión=0.591 | Entropía=0.224 | Anomalía=0.693
2026-05-13 20:35:05 [INFO] main_v3 — [POST_SPIKE_COOLDOWN] Bloqueado 1 rondas tras 8x
2026-05-13 20:35:05 [INFO] main_v3 — [COMPRESIÓN ALTA] score=0.59 ultra_low=4/10 racha_max=3
2026-05-13 20:35:05 [INFO] main_v3 — [DISTANCIA 10x ELEVADA] hace=32r | avg=12r | z=2.2σ | presión=1.00
2026-05-13 20:35:05 [INFO] main_v3 — [DISTANCIA 100x SOBRE MEDIA] hace=128r | avg=55r
2026-05-13 20:35:05 [INFO] db_advanced — [COMPRESIÓN GUARDADA] id=20 score=0.59 label=COMPRESIÓN ALTA
2026-05-13 20:35:17 [INFO] advanced_stats — [DISTANCIA 10x ELEVADA] hace=33r | avg=12r | z=2.3σ | presión=1.00
2026-05-13 20:35:17 [INFO] advanced_stats — [PRE-SPIKE DETECTADO] Contexto similar a previo a 5x (n=20 muestras | avg_low=40.50%)
2026-05-13 20:35:17 [DEBUG] entropy — [ENTROPÍA] score=0.224 label=estructurado structured=True dead=False
2026-05-13 20:35:17 [DEBUG] ml_clustering — [ML] contexto=neutral score=76 anomalía=0.712 similar=2 buffer=28
2026-05-13 20:35:17 [INFO] dual_engine — [DUAL ENGINE] mode=moon emit=True target=10.00x safe=43 hunter=68 moon=35 entropy=0.224
2026-05-13 20:35:17 [INFO] main_v3 — [20:35:17] 1.53x | mode=moon | safe=43 | hunter=68 | moon=35 | entropy=0.224 | comp=0.494 | tension=50
2026-05-13 20:35:17 [INFO] main_v3 — [MOON] target=10.0x score=35 | compresión=0.49 | tensión=50 | overdue_levels=[10, 100] | binary_rareness=0.850
2026-05-13 20:35:17 [INFO] main_v3 — [ENTROPÍA] Entropía baja (0.224) con run-length=0.620. Posible compresión estadística activa.
2026-05-13 20:35:17 [INFO] main_v3 — [BINARIO] rareness=0.850 | longest_zero_run=9
2026-05-13 20:35:17 [INFO] main_v3 — [ANOMALÍA] Contexto: NEUTRAL (score=76) | Crash density 15r=53.33% | Compresión=0.494 | Entropía=0.224 | Anomalía=0.712
2026-05-13 20:35:17 [INFO] main_v3 — [DISTANCIA 10x ELEVADA] hace=33r | avg=12r | z=2.3σ | presión=1.00
2026-05-13 20:35:17 [INFO] main_v3 — [DISTANCIA 100x SOBRE MEDIA] hace=129r | avg=55r
2026-05-13 20:35:17 [INFO] main_v3 — [PRE-SPIKE DETECTADO] Contexto similar a previo a 5x (n=20 muestras | avg_low=40.50%)
2026-05-13 20:35:30 [INFO] advanced_stats — [DISTANCIA 10x ELEVADA] hace=34r | avg=12r | z=2.4σ | presión=1.00
2026-05-13 20:35:30 [INFO] advanced_stats — [PRE-SPIKE DETECTADO] Contexto similar a previo a 5x (n=20 muestras | avg_low=40.50%)
2026-05-13 20:35:30 [DEBUG] entropy — [ENTROPÍA] score=0.224 label=estructurado structured=True dead=False
2026-05-13 20:35:30 [DEBUG] ml_clustering — [ML] contexto=neutral score=76 anomalía=0.709 similar=4 buffer=29
2026-05-13 20:35:30 [INFO] dual_engine — [DUAL ENGINE] mode=moon emit=True target=50.00x safe=41 hunter=74 moon=55 entropy=0.224
2026-05-13 20:35:30 [INFO] main_v3 — [20:35:30] 1.49x | mode=moon | safe=41 | hunter=74 | moon=55 | entropy=0.224 | comp=0.519 | tension=51
2026-05-13 20:35:30 [INFO] main_v3 — [MOON] target=50.0x score=55 | compresión=0.52 | tensión=51 | overdue_levels=[10, 20, 100] | binary_rareness=0.850
2026-05-13 20:35:30 [INFO] main_v3 — [ENTROPÍA] Entropía baja (0.224) con run-length=0.620. Posible compresión estadística activa.
2026-05-13 20:35:30 [INFO] main_v3 — [BINARIO] rareness=0.850 | longest_zero_run=8
2026-05-13 20:35:30 [INFO] main_v3 — [ANOMALÍA] Contexto: NEUTRAL (score=76) | Crash density 15r=53.33% | Compresión=0.519 | Entropía=0.224 | Anomalía=0.709
2026-05-13 20:35:30 [INFO] main_v3 — [DISTANCIA 10x ELEVADA] hace=34r | avg=12r | z=2.4σ | presión=1.00
2026-05-13 20:35:30 [INFO] main_v3 — [DISTANCIA 20x SOBRE MEDIA] hace=34r | avg=18r
2026-05-13 20:35:30 [INFO] main_v3 — [DISTANCIA 100x SOBRE MEDIA] hace=130r | avg=55r
2026-05-13 20:35:30 [INFO] main_v3 — [PRE-SPIKE DETECTADO] Contexto similar a previo a 5x (n=20 muestras | avg_low=40.50%)
2026-05-13 20:35:40 [INFO] advanced_stats — [COMPRESIÓN] COMPRESIÓN ALTA | score=0.62 | ultra_low=4/10 | racha=3
2026-05-13 20:35:40 [INFO] advanced_stats — [DISTANCIA 10x ELEVADA] hace=35r | avg=12r | z=2.6σ | presión=1.00
2026-05-13 20:35:40 [INFO] advanced_stats — [PRE-SPIKE DETECTADO] Contexto similar a previo a 5x (n=20 muestras | avg_low=40.50%)
2026-05-13 20:35:40 [DEBUG] entropy — [ENTROPÍA] score=0.224 label=estructurado structured=True dead=False
2026-05-13 20:35:40 [DEBUG] ml_clustering — [ML] contexto=neutral score=76 anomalía=0.710 similar=5 buffer=30
2026-05-13 20:35:40 [INFO] dual_engine — [DUAL ENGINE] mode=moon emit=True target=50.00x safe=17 hunter=70 moon=62 entropy=0.224
2026-05-13 20:35:40 [INFO] main_v3 — [20:35:40] 1.08x | mode=moon | safe=17 | hunter=70 | moon=62 | entropy=0.224 | comp=0.616 | tension=55
2026-05-13 20:35:40 [INFO] main_v3 — [MOON] target=50.0x score=62 | compresión=0.62 | tensión=55 | overdue_levels=[10, 20, 100] | binary_rareness=0.850
2026-05-13 20:35:40 [INFO] main_v3 — [ENTROPÍA] Entropía baja (0.224) con run-length=0.620. Posible compresión estadística activa.
2026-05-13 20:35:40 [INFO] main_v3 — [BINARIO] rareness=0.850 | longest_zero_run=8
2026-05-13 20:35:40 [INFO] main_v3 — [ANOMALÍA] Contexto: NEUTRAL (score=76) | Crash density 15r=53.33% | Compresión=0.616 | Entropía=0.224 | Anomalía=0.710
2026-05-13 20:35:40 [INFO] main_v3 — [COMPRESIÓN ALTA] score=0.62 ultra_low=4/10 racha_max=3
2026-05-13 20:35:40 [INFO] main_v3 — [DISTANCIA 10x ELEVADA] hace=35r | avg=12r | z=2.6σ | presión=1.00
2026-05-13 20:35:40 [INFO] main_v3 — [DISTANCIA 20x SOBRE MEDIA] hace=35r | avg=18r
2026-05-13 20:35:40 [INFO] main_v3 — [DISTANCIA 100x SOBRE MEDIA] hace=131r | avg=55r
2026-05-13 20:35:40 [INFO] main_v3 — [PRE-SPIKE DETECTADO] Contexto similar a previo a 5x (n=20 muestras | avg_low=40.50%)
2026-05-13 20:35:40 [INFO] db_advanced — [COMPRESIÓN GUARDADA] id=21 score=0.62 label=COMPRESIÓN ALTA
2026-05-13 20:35:56 [INFO] advanced_stats — [DISTANCIA 10x ELEVADA] hace=36r | avg=12r | z=2.7σ | presión=1.00
2026-05-13 20:35:56 [INFO] advanced_stats — [PRE-SPIKE DETECTADO] Contexto similar a previo a 5x (n=20 muestras | avg_low=40.50%)
2026-05-13 20:35:56 [DEBUG] entropy — [ENTROPÍA] score=0.224 label=estructurado structured=True dead=False
2026-05-13 20:35:56 [DEBUG] ml_clustering — [ML] contexto=neutral score=76 anomalía=0.724 similar=4 buffer=31
2026-05-13 20:35:56 [INFO] dual_engine — [DUAL ENGINE] mode=moon emit=True target=10.00x safe=23 hunter=56 moon=47 entropy=0.224
2026-05-13 20:35:56 [INFO] main_v3 — [20:35:56] 1.92x | mode=moon | safe=23 | hunter=56 | moon=47 | entropy=0.224 | comp=0.459 | tension=50
2026-05-13 20:35:56 [INFO] main_v3 — [MOON] target=10.0x score=47 | compresión=0.46 | tensión=50 | overdue_levels=[10, 20, 100] | binary_rareness=0.850
2026-05-13 20:35:56 [INFO] main_v3 — [ENTROPÍA] Entropía baja (0.224) con run-length=0.620. Posible compresión estadística activa.
2026-05-13 20:35:56 [INFO] main_v3 — [BINARIO] rareness=0.850 | longest_zero_run=8
2026-05-13 20:35:56 [INFO] main_v3 — [ANOMALÍA] Contexto: NEUTRAL (score=76) | Crash density 15r=53.33% | Compresión=0.459 | Entropía=0.224 | Anomalía=0.724
2026-05-13 20:35:56 [INFO] main_v3 — [DISTANCIA 10x ELEVADA] hace=36r | avg=12r | z=2.7σ | presión=1.00
2026-05-13 20:35:56 [INFO] main_v3 — [DISTANCIA 20x SOBRE MEDIA] hace=36r | avg=18r
2026-05-13 20:35:56 [INFO] main_v3 — [DISTANCIA 100x SOBRE MEDIA] hace=132r | avg=55r
2026-05-13 20:35:56 [INFO] main_v3 — [PRE-SPIKE DETECTADO] Contexto similar a previo a 5x (n=20 muestras | avg_low=40.50%)
2026-05-13 20:36:04 [INFO] advanced_stats — [DISTANCIA 10x ELEVADA] hace=37r | avg=12r | z=2.8σ | presión=1.00
2026-05-13 20:36:04 [INFO] advanced_stats — [PRE-SPIKE DETECTADO] Contexto similar a previo a 5x (n=20 muestras | avg_low=40.50%)
2026-05-13 20:36:04 [DEBUG] entropy — [ENTROPÍA] score=0.224 label=estructurado structured=True dead=False
2026-05-13 20:36:04 [DEBUG] ml_clustering — [ML] contexto=neutral score=76 anomalía=0.742 similar=5 buffer=32
2026-05-13 20:36:04 [INFO] dual_engine — [DUAL ENGINE] mode=moon emit=True target=10.00x safe=31 hunter=53 moon=47 entropy=0.224
2026-05-13 20:36:04 [INFO] main_v3 — [20:36:03] 1.05x | mode=moon | safe=31 | hunter=53 | moon=47 | entropy=0.224 | comp=0.399 | tension=49
2026-05-13 20:36:04 [INFO] main_v3 — [MOON] target=10.0x score=47 | tensión=49 | overdue_levels=[10, 20, 100] | binary_rareness=0.850
2026-05-13 20:36:04 [INFO] main_v3 — [ENTROPÍA] Entropía baja (0.224) con run-length=0.640. Posible compresión estadística activa.
2026-05-13 20:36:04 [INFO] main_v3 — [BINARIO] rareness=0.850 | longest_zero_run=8
2026-05-13 20:36:04 [INFO] main_v3 — [ANOMALÍA] Contexto: NEUTRAL (score=76) | Crash density 15r=53.33% | Compresión=0.399 | Entropía=0.224 | Anomalía=0.742
2026-05-13 20:36:04 [INFO] main_v3 — [DISTANCIA 10x ELEVADA] hace=37r | avg=12r | z=2.8σ | presión=1.00
2026-05-13 20:36:04 [INFO] main_v3 — [DISTANCIA 20x SOBRE MEDIA] hace=37r | avg=18r
2026-05-13 20:36:04 [INFO] main_v3 — [DISTANCIA 100x SOBRE MEDIA] hace=133r | avg=55r
2026-05-13 20:36:04 [INFO] main_v3 — [PRE-SPIKE DETECTADO] Contexto similar a previo a 5x (n=20 muestras | avg_low=40.50%)
2026-05-13 20:36:32 [INFO] advanced_stats — [DISTANCIA 10x ELEVADA] hace=38r | avg=12r | z=2.9σ | presión=1.00
2026-05-13 20:36:32 [INFO] advanced_stats — [PRE-SPIKE DETECTADO] Contexto similar a previo a 5x (n=20 muestras | avg_low=40.50%)
2026-05-13 20:36:32 [INFO] advanced_stats — [PRE-SPIKE DETECTADO] Contexto similar a previo a 10x (n=9 muestras | avg_low=34.10%)
2026-05-13 20:36:32 [INFO] advanced_stats — [PRE-SPIKE DETECTADO] Contexto similar a previo a 20x (n=5 muestras | avg_low=37.30%)
2026-05-13 20:36:32 [DEBUG] entropy — [ENTROPÍA] score=0.224 label=estructurado structured=True dead=False
2026-05-13 20:36:32 [DEBUG] ml_clustering — [ML] contexto=neutral score=77 anomalía=0.793 similar=4 buffer=33
2026-05-13 20:36:32 [INFO] dual_engine — [DUAL ENGINE] mode=moon emit=True target=50.00x safe=35 hunter=78 moon=89 entropy=0.224
2026-05-13 20:36:32 [INFO] main_v3 — [20:36:32] 4.88x | mode=moon | safe=35 | hunter=78 | moon=89 | entropy=0.224 | comp=0.303 | tension=41
2026-05-13 20:36:32 [INFO] main_v3 — [MOON] target=50.0x score=89 | tensión=41 | overdue_levels=[10, 20, 100] | binary_rareness=0.525
2026-05-13 20:36:32 [INFO] main_v3 — [ENTROPÍA] Entropía baja (0.224) con run-length=0.620. Posible compresión estadística activa.
2026-05-13 20:36:32 [INFO] main_v3 — [BINARIO] rareness=0.525 | longest_zero_run=8
2026-05-13 20:36:32 [INFO] main_v3 — [ANOMALÍA] Contexto: NEUTRAL (score=77) | Crash density 15r=46.67% | Compresión=0.303 | Entropía=0.224 | Anomalía=0.793
2026-05-13 20:36:32 [INFO] main_v3 — [DISTANCIA 10x ELEVADA] hace=38r | avg=12r | z=2.9σ | presión=1.00
2026-05-13 20:36:32 [INFO] main_v3 — [DISTANCIA 20x SOBRE MEDIA] hace=38r | avg=18r
2026-05-13 20:36:32 [INFO] main_v3 — [DISTANCIA 100x SOBRE MEDIA] hace=134r | avg=55r
2026-05-13 20:36:32 [INFO] main_v3 — [PRE-SPIKE DETECTADO] Contexto similar a previo a 5x (n=20 muestras | avg_low=40.50%)
2026-05-13 20:36:32 [INFO] main_v3 — [PRE-SPIKE DETECTADO] Contexto similar a previo a 10x (n=9 muestras | avg_low=34.10%)
2026-05-13 20:36:32 [INFO] main_v3 — [PRE-SPIKE DETECTADO] Contexto similar a previo a 20x (n=5 muestras | avg_low=37.30%)
2026-05-13 20:36:56 [INFO] advanced_stats — [DISTANCIA 10x ELEVADA] hace=39r | avg=12r | z=3.0σ | presión=1.00
2026-05-13 20:36:56 [INFO] advanced_stats — [PRE-SPIKE DETECTADO] Contexto similar a previo a 5x (n=20 muestras | avg_low=40.50%)
2026-05-13 20:36:56 [INFO] advanced_stats — [PRE-SPIKE DETECTADO] Contexto similar a previo a 10x (n=9 muestras | avg_low=34.10%)
2026-05-13 20:36:56 [INFO] advanced_stats — [PRE-SPIKE DETECTADO] Contexto similar a previo a 20x (n=5 muestras | avg_low=37.30%)
2026-05-13 20:36:56 [DEBUG] entropy — [ENTROPÍA] score=0.224 label=estructurado structured=True dead=False
2026-05-13 20:36:56 [DEBUG] ml_clustering — [ML] contexto=neutral score=77 anomalía=0.793 similar=5 buffer=34
2026-05-13 20:36:56 [INFO] dual_engine — [DUAL ENGINE] mode=moon emit=True target=50.00x safe=36 hunter=78 moon=89 entropy=0.224
2026-05-13 20:36:56 [INFO] main_v3 — [20:36:56] 4.29x | mode=moon | safe=36 | hunter=78 | moon=89 | entropy=0.224 | comp=0.303 | tension=42
2026-05-13 20:36:56 [INFO] main_v3 — [MOON] target=50.0x score=89 | tensión=42 | overdue_levels=[10, 20, 100] | binary_rareness=0.500
2026-05-13 20:36:56 [INFO] main_v3 — [ENTROPÍA] Entropía baja (0.224) con run-length=0.620. Posible compresión estadística activa.
2026-05-13 20:36:56 [INFO] main_v3 — [BINARIO] rareness=0.500 | longest_zero_run=8
2026-05-13 20:36:56 [INFO] main_v3 — [ANOMALÍA] Contexto: NEUTRAL (score=77) | Crash density 15r=46.67% | Compresión=0.303 | Entropía=0.224 | Anomalía=0.793
2026-05-13 20:36:56 [INFO] main_v3 — [DISTANCIA 10x ELEVADA] hace=39r | avg=12r | z=3.0σ | presión=1.00
2026-05-13 20:36:56 [INFO] main_v3 — [DISTANCIA 20x SOBRE MEDIA] hace=39r | avg=18r
2026-05-13 20:36:56 [INFO] main_v3 — [DISTANCIA 100x SOBRE MEDIA] hace=135r | avg=55r
2026-05-13 20:36:56 [INFO] main_v3 — [PRE-SPIKE DETECTADO] Contexto similar a previo a 5x (n=20 muestras | avg_low=40.50%)
2026-05-13 20:36:56 [INFO] main_v3 — [PRE-SPIKE DETECTADO] Contexto similar a previo a 10x (n=9 muestras | avg_low=34.10%)
2026-05-13 20:36:56 [INFO] main_v3 — [PRE-SPIKE DETECTADO] Contexto similar a previo a 20x (n=5 muestras | avg_low=37.30%)
2026-05-13 20:37:09 [INFO] advanced_stats — [DISTANCIA 10x ELEVADA] hace=40r | avg=12r | z=3.1σ | presión=1.00
2026-05-13 20:37:09 [INFO] advanced_stats — [PRE-SPIKE DETECTADO] Contexto similar a previo a 5x (n=20 muestras | avg_low=40.50%)
2026-05-13 20:37:09 [INFO] advanced_stats — [PRE-SPIKE DETECTADO] Contexto similar a previo a 10x (n=9 muestras | avg_low=34.10%)
2026-05-13 20:37:09 [INFO] advanced_stats — [PRE-SPIKE DETECTADO] Contexto similar a previo a 20x (n=5 muestras | avg_low=37.30%)
2026-05-13 20:37:09 [DEBUG] entropy — [ENTROPÍA] score=0.182 label=estructurado structured=True dead=False
2026-05-13 20:37:09 [DEBUG] ml_clustering — [ML] contexto=neutral score=78 anomalía=0.794 similar=6 buffer=35
2026-05-13 20:37:09 [INFO] dual_engine — [DUAL ENGINE] mode=moon emit=True target=50.00x safe=31 hunter=77 moon=88 entropy=0.182
2026-05-13 20:37:09 [INFO] main_v3 — [20:37:09] 1.57x | mode=moon | safe=31 | hunter=77 | moon=88 | entropy=0.182 | comp=0.303 | tension=44
2026-05-13 20:37:09 [INFO] main_v3 — [MOON] target=50.0x score=88 | tensión=44 | overdue_levels=[5, 10, 20, 100] | binary_rareness=0.500
2026-05-13 20:37:09 [INFO] main_v3 — [ENTROPÍA] Entropía baja (0.182) con run-length=0.620. Posible compresión estadística activa.
2026-05-13 20:37:09 [INFO] main_v3 — [BINARIO] rareness=0.500 | longest_zero_run=8
2026-05-13 20:37:09 [INFO] main_v3 — [ANOMALÍA] Contexto: NEUTRAL (score=78) | Crash density 15r=46.67% | Compresión=0.303 | Entropía=0.182 | Anomalía=0.794
2026-05-13 20:37:09 [INFO] main_v3 — [DISTANCIA 5x SOBRE MEDIA] hace=8r | avg=4r
2026-05-13 20:37:09 [INFO] main_v3 — [DISTANCIA 10x ELEVADA] hace=40r | avg=12r | z=3.1σ | presión=1.00
2026-05-13 20:37:09 [INFO] main_v3 — [DISTANCIA 20x SOBRE MEDIA] hace=40r | avg=18r
2026-05-13 20:37:09 [INFO] main_v3 — [DISTANCIA 100x SOBRE MEDIA] hace=136r | avg=55r
2026-05-13 20:37:09 [INFO] main_v3 — [PRE-SPIKE DETECTADO] Contexto similar a previo a 5x (n=20 muestras | avg_low=40.50%)
2026-05-13 20:37:09 [INFO] main_v3 — [PRE-SPIKE DETECTADO] Contexto similar a previo a 10x (n=9 muestras | avg_low=34.10%)
2026-05-13 20:37:09 [INFO] main_v3 — [PRE-SPIKE DETECTADO] Contexto similar a previo a 20x (n=5 muestras | avg_low=37.30%)
2026-05-13 20:37:22 [INFO] advanced_stats — [DISTANCIA 10x ELEVADA] hace=41r | avg=12r | z=3.2σ | presión=1.00
2026-05-13 20:37:22 [INFO] advanced_stats — [PRE-SPIKE DETECTADO] Contexto similar a previo a 5x (n=20 muestras | avg_low=40.50%)
2026-05-13 20:37:22 [INFO] advanced_stats — [PRE-SPIKE DETECTADO] Contexto similar a previo a 10x (n=9 muestras | avg_low=34.10%)
2026-05-13 20:37:22 [INFO] advanced_stats — [PRE-SPIKE DETECTADO] Contexto similar a previo a 20x (n=5 muestras | avg_low=37.30%)
2026-05-13 20:37:22 [DEBUG] entropy — [ENTROPÍA] score=0.182 label=estructurado structured=True dead=False
2026-05-13 20:37:22 [DEBUG] ml_clustering — [ML] contexto=neutral score=78 anomalía=0.765 similar=7 buffer=36
2026-05-13 20:37:22 [INFO] dual_engine — [DUAL ENGINE] mode=moon emit=True target=50.00x safe=31 hunter=80 moon=88 entropy=0.182
2026-05-13 20:37:22 [INFO] main_v3 — [20:37:22] 1.25x | mode=moon | safe=31 | hunter=80 | moon=88 | entropy=0.182 | comp=0.374 | tension=48
2026-05-13 20:37:22 [INFO] main_v3 — [MOON] target=50.0x score=88 | tensión=48 | overdue_levels=[5, 10, 20, 100] | binary_rareness=0.500
2026-05-13 20:37:22 [INFO] main_v3 — [ENTROPÍA] Entropía baja (0.182) con run-length=0.640. Posible compresión estadística activa.
2026-05-13 20:37:22 [INFO] main_v3 — [BINARIO] rareness=0.500 | longest_zero_run=8
2026-05-13 20:37:22 [INFO] main_v3 — [ANOMALÍA] Contexto: NEUTRAL (score=78) | Crash density 15r=46.67% | Compresión=0.374 | Entropía=0.182 | Anomalía=0.765
2026-05-13 20:37:22 [INFO] main_v3 — [DISTANCIA 5x SOBRE MEDIA] hace=9r | avg=4r
2026-05-13 20:37:22 [INFO] main_v3 — [DISTANCIA 10x ELEVADA] hace=41r | avg=12r | z=3.2σ | presión=1.00
2026-05-13 20:37:22 [INFO] main_v3 — [DISTANCIA 20x SOBRE MEDIA] hace=41r | avg=18r
2026-05-13 20:37:22 [INFO] main_v3 — [DISTANCIA 100x SOBRE MEDIA] hace=137r | avg=55r
2026-05-13 20:37:22 [INFO] main_v3 — [PRE-SPIKE DETECTADO] Contexto similar a previo a 5x (n=20 muestras | avg_low=40.50%)
2026-05-13 20:37:22 [INFO] main_v3 — [PRE-SPIKE DETECTADO] Contexto similar a previo a 10x (n=9 muestras | avg_low=34.10%)
2026-05-13 20:37:22 [INFO] main_v3 — [PRE-SPIKE DETECTADO] Contexto similar a previo a 20x (n=5 muestras | avg_low=37.30%)
2026-05-13 20:37:32 [INFO] advanced_stats — [DISTANCIA 10x ELEVADA] hace=42r | avg=12r | z=3.3σ | presión=1.00
2026-05-13 20:37:32 [INFO] advanced_stats — [PRE-SPIKE DETECTADO] Contexto similar a previo a 5x (n=20 muestras | avg_low=40.50%)
2026-05-13 20:37:32 [INFO] advanced_stats — [PRE-SPIKE DETECTADO] Contexto similar a previo a 10x (n=9 muestras | avg_low=34.10%)
2026-05-13 20:37:32 [INFO] advanced_stats — [PRE-SPIKE DETECTADO] Contexto similar a previo a 20x (n=5 muestras | avg_low=37.30%)
2026-05-13 20:37:32 [DEBUG] entropy — [ENTROPÍA] score=0.182 label=estructurado structured=True dead=False
2026-05-13 20:37:32 [DEBUG] ml_clustering — [ML] contexto=neutral score=78 anomalía=0.737 similar=8 buffer=37
2026-05-13 20:37:32 [INFO] dual_engine — [DUAL ENGINE] mode=moon emit=True target=50.00x safe=25 hunter=86 moon=86 entropy=0.182
2026-05-13 20:37:32 [INFO] main_v3 — [20:37:32] 1.15x | mode=moon | safe=25 | hunter=86 | moon=86 | entropy=0.182 | comp=0.531 | tension=56
2026-05-13 20:37:32 [INFO] main_v3 — [MOON] target=50.0x score=86 | compresión=0.53 | tensión=56 | overdue_levels=[5, 10, 20, 100] | binary_rareness=0.500
2026-05-13 20:37:32 [INFO] main_v3 — [ENTROPÍA] Entropía baja (0.182) con run-length=0.640. Posible compresión estadística activa.
2026-05-13 20:37:32 [INFO] main_v3 — [BINARIO] rareness=0.500 | longest_zero_run=8
2026-05-13 20:37:32 [INFO] main_v3 — [ANOMALÍA] Contexto: NEUTRAL (score=78) | Crash density 15r=46.67% | Compresión=0.531 | Entropía=0.182 | Anomalía=0.737
2026-05-13 20:37:32 [INFO] main_v3 — [DISTANCIA 5x SOBRE MEDIA] hace=10r | avg=4r
2026-05-13 20:37:32 [INFO] main_v3 — [DISTANCIA 10x ELEVADA] hace=42r | avg=12r | z=3.3σ | presión=1.00
2026-05-13 20:37:32 [INFO] main_v3 — [DISTANCIA 20x SOBRE MEDIA] hace=42r | avg=18r
2026-05-13 20:37:32 [INFO] main_v3 — [DISTANCIA 100x SOBRE MEDIA] hace=138r | avg=55r
2026-05-13 20:37:32 [INFO] main_v3 — [PRE-SPIKE DETECTADO] Contexto similar a previo a 5x (n=20 muestras | avg_low=40.50%)
2026-05-13 20:37:32 [INFO] main_v3 — [PRE-SPIKE DETECTADO] Contexto similar a previo a 10x (n=9 muestras | avg_low=34.10%)
2026-05-13 20:37:32 [INFO] main_v3 — [PRE-SPIKE DETECTADO] Contexto similar a previo a 20x (n=5 muestras | avg_low=37.30%)
2026-05-13 20:37:54 [INFO] advanced_stats — [DISTANCIA 10x ELEVADA] hace=43r | avg=12r | z=3.4σ | presión=1.00
2026-05-13 20:37:54 [INFO] advanced_stats — [PRE-SPIKE DETECTADO] Contexto similar a previo a 5x (n=20 muestras | avg_low=40.50%)
2026-05-13 20:37:54 [INFO] advanced_stats — [PRE-SPIKE DETECTADO] Contexto similar a previo a 10x (n=9 muestras | avg_low=34.10%)
2026-05-13 20:37:54 [INFO] advanced_stats — [PRE-SPIKE DETECTADO] Contexto similar a previo a 20x (n=5 muestras | avg_low=37.30%)
2026-05-13 20:37:54 [INFO] advanced_stats — [TENSIÓN ALTA] tension_index=63.6 | TENSIÓN ALTA
2026-05-13 20:37:54 [DEBUG] entropy — [ENTROPÍA] score=0.157 label=estructurado structured=True dead=False
2026-05-13 20:37:54 [DEBUG] ml_clustering — [ML] contexto=neutral score=79 anomalía=0.810 similar=6 buffer=38
2026-05-13 20:37:54 [INFO] dual_engine — [DUAL ENGINE] mode=moon emit=True target=50.00x safe=34 hunter=96 moon=95 entropy=0.157
2026-05-13 20:37:54 [INFO] main_v3 — [20:37:54] 3.99x | mode=moon | safe=34 | hunter=96 | moon=95 | entropy=0.157 | comp=0.531 | tension=64
2026-05-13 20:37:54 [INFO] main_v3 — [MOON] target=50.0x score=95 | compresión=0.53 | tensión=64 | overdue_levels=[5, 10, 20, 100] | binary_rareness=0.500
2026-05-13 20:37:54 [INFO] main_v3 — [ENTROPÍA] Entropía baja (0.157) con run-length=0.620. Posible compresión estadística activa.
2026-05-13 20:37:54 [INFO] main_v3 — [BINARIO] rareness=0.500 | longest_zero_run=8
2026-05-13 20:37:54 [INFO] main_v3 — [ANOMALÍA] Contexto: NEUTRAL (score=79) | Crash density 15r=40.00% | Compresión=0.531 | Entropía=0.157 | Anomalía=0.810
2026-05-13 20:37:54 [INFO] main_v3 — [DISTANCIA 5x SOBRE MEDIA] hace=11r | avg=4r
2026-05-13 20:37:54 [INFO] main_v3 — [DISTANCIA 10x ELEVADA] hace=43r | avg=12r | z=3.4σ | presión=1.00
2026-05-13 20:37:54 [INFO] main_v3 — [DISTANCIA 20x SOBRE MEDIA] hace=43r | avg=18r
2026-05-13 20:37:54 [INFO] main_v3 — [DISTANCIA 100x SOBRE MEDIA] hace=139r | avg=55r
2026-05-13 20:37:54 [INFO] main_v3 — [PRE-SPIKE DETECTADO] Contexto similar a previo a 5x (n=20 muestras | avg_low=40.50%)
2026-05-13 20:37:54 [INFO] main_v3 — [PRE-SPIKE DETECTADO] Contexto similar a previo a 10x (n=9 muestras | avg_low=34.10%)
2026-05-13 20:37:54 [INFO] main_v3 — [PRE-SPIKE DETECTADO] Contexto similar a previo a 20x (n=5 muestras | avg_low=37.30%)
2026-05-13 20:37:54 [INFO] main_v3 — [TENSIÓN ALTA] tension_index=63.6 | TENSIÓN ALTA
2026-05-13 20:37:54 [INFO] main_v3 — [DISTANCIA 10x ELEVADA]
2026-05-13 20:37:54 [INFO] main_v3 — [TENSIÓN ALTA]
2026-05-13 20:37:54 [INFO] main_v3 — [CONTEXTO HIGH RISK] hr_score=64 target=5.0x
2026-05-13 20:37:56 [INFO] db_v2 — [DUAL SIGNAL] id=9 mode=moon target=50.00x conf=60%
2026-05-13 20:37:56 [INFO] main_v3 — ✅ Señal #9 emitida | mode=moon target=50.0x conf=60% safe=34 hunter=96 moon=95
2026-05-13 20:38:16 [INFO] main_v3 — ❌ Dual señal #9 (moon 50.0x) → 3.04x en 1 ronda
2026-05-13 20:38:16 [INFO] advanced_stats — [DISTANCIA 5x ELEVADA] hace=12r | avg=4r | z=2.3σ | presión=1.00
2026-05-13 20:38:16 [INFO] advanced_stats — [DISTANCIA 10x ELEVADA] hace=44r | avg=12r | z=3.6σ | presión=1.00
2026-05-13 20:38:16 [INFO] advanced_stats — [PRE-SPIKE DETECTADO] Contexto similar a previo a 5x (n=20 muestras | avg_low=40.50%)
2026-05-13 20:38:16 [INFO] advanced_stats — [PRE-SPIKE DETECTADO] Contexto similar a previo a 10x (n=9 muestras | avg_low=34.10%)
2026-05-13 20:38:16 [INFO] advanced_stats — [PRE-SPIKE DETECTADO] Contexto similar a previo a 20x (n=5 muestras | avg_low=37.30%)
2026-05-13 20:38:16 [INFO] advanced_stats — [TENSIÓN ALTA] tension_index=63.9 | TENSIÓN ALTA
2026-05-13 20:38:16 [DEBUG] entropy — [ENTROPÍA] score=0.157 label=estructurado structured=True dead=False
2026-05-13 20:38:16 [DEBUG] ml_clustering — [ML] contexto=neutral score=79 anomalía=0.818 similar=7 buffer=39
2026-05-13 20:38:16 [INFO] dual_engine — [DUAL ENGINE] mode=moon emit=True target=50.00x safe=38 hunter=99 moon=95 entropy=0.157
2026-05-13 20:38:16 [INFO] main_v3 — [20:38:15] 3.04x | mode=moon | safe=38 | hunter=99 | moon=95 | entropy=0.157 | comp=0.506 | tension=64
2026-05-13 20:38:16 [INFO] main_v3 — [MOON] target=50.0x score=95 | compresión=0.51 | tensión=64 | overdue_levels=[5, 10, 20, 100] | binary_rareness=0.475
2026-05-13 20:38:16 [INFO] main_v3 — [ENTROPÍA] Entropía baja (0.157) con run-length=0.640. Posible compresión estadística activa.
2026-05-13 20:38:16 [INFO] main_v3 — [BINARIO] rareness=0.475 | longest_zero_run=8
2026-05-13 20:38:16 [INFO] main_v3 — [ANOMALÍA] Contexto: NEUTRAL (score=79) | Crash density 15r=40.00% | Compresión=0.506 | Entropía=0.157 | Anomalía=0.818
2026-05-13 20:38:16 [INFO] main_v3 — [DISTANCIA 5x ELEVADA] hace=12r | avg=4r | z=2.3σ | presión=1.00
2026-05-13 20:38:16 [INFO] main_v3 — [DISTANCIA 10x ELEVADA] hace=44r | avg=12r | z=3.6σ | presión=1.00
2026-05-13 20:38:16 [INFO] main_v3 — [DISTANCIA 20x SOBRE MEDIA] hace=44r | avg=18r
2026-05-13 20:38:16 [INFO] main_v3 — [DISTANCIA 100x SOBRE MEDIA] hace=140r | avg=55r
2026-05-13 20:38:16 [INFO] main_v3 — [PRE-SPIKE DETECTADO] Contexto similar a previo a 5x (n=20 muestras | avg_low=40.50%)
2026-05-13 20:38:16 [INFO] main_v3 — [PRE-SPIKE DETECTADO] Contexto similar a previo a 10x (n=9 muestras | avg_low=34.10%)
2026-05-13 20:38:16 [INFO] main_v3 — [PRE-SPIKE DETECTADO] Contexto similar a previo a 20x (n=5 muestras | avg_low=37.30%)
2026-05-13 20:38:16 [INFO] main_v3 — [TENSIÓN ALTA] tension_index=63.9 | TENSIÓN ALTA
2026-05-13 20:38:16 [INFO] main_v3 — [DISTANCIA 5x/10x ELEVADA]
2026-05-13 20:38:16 [INFO] main_v3 — [TENSIÓN ALTA]
2026-05-13 20:38:16 [INFO] main_v3 — [CONTEXTO HIGH RISK] hr_score=79 target=5.0x
2026-05-13 20:38:26 [INFO] advanced_stats — [DISTANCIA 5x ELEVADA] hace=13r | avg=4r | z=2.6σ | presión=1.00
2026-05-13 20:38:26 [INFO] advanced_stats — [DISTANCIA 10x ELEVADA] hace=45r | avg=12r | z=3.7σ | presión=1.00
2026-05-13 20:38:26 [INFO] advanced_stats — [PRE-SPIKE DETECTADO] Contexto similar a previo a 5x (n=20 muestras | avg_low=40.50%)
2026-05-13 20:38:26 [INFO] advanced_stats — [PRE-SPIKE DETECTADO] Contexto similar a previo a 10x (n=9 muestras | avg_low=34.10%)
2026-05-13 20:38:26 [INFO] advanced_stats — [PRE-SPIKE DETECTADO] Contexto similar a previo a 20x (n=5 muestras | avg_low=37.30%)
2026-05-13 20:38:26 [INFO] advanced_stats — [TENSIÓN ALTA] tension_index=65.1 | TENSIÓN ALTA
2026-05-13 20:38:26 [DEBUG] entropy — [ENTROPÍA] score=0.157 label=estructurado structured=True dead=False
2026-05-13 20:38:26 [DEBUG] ml_clustering — [ML] contexto=neutral score=78 anomalía=0.789 similar=10 buffer=40
2026-05-13 20:38:26 [INFO] dual_engine — [DUAL ENGINE] mode=moon emit=True target=50.00x safe=35 hunter=92 moon=94 entropy=0.157
2026-05-13 20:38:26 [INFO] main_v3 — [20:38:26] 1.07x | mode=moon | safe=35 | hunter=92 | moon=94 | entropy=0.157 | comp=0.506 | tension=65
2026-05-13 20:38:26 [INFO] main_v3 — [MOON] target=50.0x score=94 | compresión=0.51 | tensión=65 | overdue_levels=[5, 10, 20, 100] | binary_rareness=0.500
2026-05-13 20:38:26 [INFO] main_v3 — [ENTROPÍA] Entropía baja (0.157) con run-length=0.620. Posible compresión estadística activa.
2026-05-13 20:38:26 [INFO] main_v3 — [BINARIO] rareness=0.500 | longest_zero_run=8
2026-05-13 20:38:26 [INFO] main_v3 — [ANOMALÍA] Contexto: NEUTRAL (score=78) | Crash density 15r=46.67% | Compresión=0.506 | Entropía=0.157 | Anomalía=0.789
2026-05-13 20:38:26 [INFO] main_v3 — [DISTANCIA 5x ELEVADA] hace=13r | avg=4r | z=2.6σ | presión=1.00
2026-05-13 20:38:26 [INFO] main_v3 — [DISTANCIA 10x ELEVADA] hace=45r | avg=12r | z=3.7σ | presión=1.00
2026-05-13 20:38:26 [INFO] main_v3 — [DISTANCIA 20x SOBRE MEDIA] hace=45r | avg=18r
2026-05-13 20:38:26 [INFO] main_v3 — [DISTANCIA 100x SOBRE MEDIA] hace=141r | avg=55r
2026-05-13 20:38:26 [INFO] main_v3 — [PRE-SPIKE DETECTADO] Contexto similar a previo a 5x (n=20 muestras | avg_low=40.50%)
2026-05-13 20:38:26 [INFO] main_v3 — [PRE-SPIKE DETECTADO] Contexto similar a previo a 10x (n=9 muestras | avg_low=34.10%)
2026-05-13 20:38:26 [INFO] main_v3 — [PRE-SPIKE DETECTADO] Contexto similar a previo a 20x (n=5 muestras | avg_low=37.30%)
2026-05-13 20:38:26 [INFO] main_v3 — [TENSIÓN ALTA] tension_index=65.1 | TENSIÓN ALTA
2026-05-13 20:38:26 [INFO] main_v3 — [DISTANCIA 5x/10x ELEVADA]
2026-05-13 20:38:26 [INFO] main_v3 — [TENSIÓN ALTA]
2026-05-13 20:38:39 [INFO] advanced_stats — [DISTANCIA 5x ELEVADA] hace=14r | avg=4r | z=2.9σ | presión=1.00
2026-05-13 20:38:39 [INFO] advanced_stats — [DISTANCIA 10x ELEVADA] hace=46r | avg=12r | z=3.8σ | presión=1.00
2026-05-13 20:38:39 [INFO] advanced_stats — [PRE-SPIKE DETECTADO] Contexto similar a previo a 5x (n=20 muestras | avg_low=40.50%)
2026-05-13 20:38:39 [INFO] advanced_stats — [PRE-SPIKE DETECTADO] Contexto similar a previo a 10x (n=9 muestras | avg_low=34.10%)
2026-05-13 20:38:39 [INFO] advanced_stats — [PRE-SPIKE DETECTADO] Contexto similar a previo a 20x (n=5 muestras | avg_low=37.30%)
2026-05-13 20:38:39 [INFO] advanced_stats — [TENSIÓN ALTA] tension_index=67.1 | TENSIÓN ALTA
2026-05-13 20:38:39 [DEBUG] entropy — [ENTROPÍA] score=0.157 label=estructurado structured=True dead=False
2026-05-13 20:38:39 [DEBUG] ml_clustering — [ML] contexto=neutral score=78 anomalía=0.793 similar=13 buffer=41
2026-05-13 20:38:39 [INFO] dual_engine — [DUAL ENGINE] mode=moon emit=True target=50.00x safe=31 hunter=93 moon=94 entropy=0.157
2026-05-13 20:38:39 [INFO] main_v3 — [20:38:39] 1.33x | mode=moon | safe=31 | hunter=93 | moon=94 | entropy=0.157 | comp=0.531 | tension=67
2026-05-13 20:38:39 [INFO] main_v3 — [MOON] target=50.0x score=94 | compresión=0.53 | tensión=67 | overdue_levels=[5, 8, 10, 20, 100] | binary_rareness=0.500
2026-05-13 20:38:39 [INFO] main_v3 — [ENTROPÍA] Entropía baja (0.157) con run-length=0.620. Posible compresión estadística activa.
2026-05-13 20:38:39 [INFO] main_v3 — [BINARIO] rareness=0.500 | longest_zero_run=7
2026-05-13 20:38:39 [INFO] main_v3 — [ANOMALÍA] Contexto: NEUTRAL (score=78) | Crash density 15r=46.67% | Compresión=0.531 | Entropía=0.157 | Anomalía=0.793
2026-05-13 20:38:39 [INFO] main_v3 — [DISTANCIA 5x ELEVADA] hace=14r | avg=4r | z=2.9σ | presión=1.00
2026-05-13 20:38:39 [INFO] main_v3 — [DISTANCIA 8x SOBRE MEDIA] hace=14r | avg=7r
2026-05-13 20:38:39 [INFO] main_v3 — [DISTANCIA 10x ELEVADA] hace=46r | avg=12r | z=3.8σ | presión=1.00
2026-05-13 20:38:39 [INFO] main_v3 — [DISTANCIA 20x SOBRE MEDIA] hace=46r | avg=18r
2026-05-13 20:38:39 [INFO] main_v3 — [DISTANCIA 100x SOBRE MEDIA] hace=142r | avg=55r
2026-05-13 20:38:39 [INFO] main_v3 — [PRE-SPIKE DETECTADO] Contexto similar a previo a 5x (n=20 muestras | avg_low=40.50%)
2026-05-13 20:38:39 [INFO] main_v3 — [PRE-SPIKE DETECTADO] Contexto similar a previo a 10x (n=9 muestras | avg_low=34.10%)
2026-05-13 20:38:39 [INFO] main_v3 — [PRE-SPIKE DETECTADO] Contexto similar a previo a 20x (n=5 muestras | avg_low=37.30%)
2026-05-13 20:38:39 [INFO] main_v3 — [TENSIÓN ALTA] tension_index=67.1 | TENSIÓN ALTA
2026-05-13 20:38:39 [INFO] main_v3 — [DISTANCIA 5x/10x ELEVADA]
2026-05-13 20:38:39 [INFO] main_v3 — [TENSIÓN ALTA]
2026-05-13 20:39:24 [INFO] analyzer — Anti-FOMO: spike 26.34x → bloqueando 3 rondas.
2026-05-13 20:39:24 [INFO] advanced_stats — [POST_SPIKE_COOLDOWN] 26.34x >= 5x → bloqueando 2 rondas
2026-05-13 20:39:24 [INFO] advanced_stats — [POST_SPIKE_COOLDOWN] 26.34x >= 8x → bloqueando 2 rondas
2026-05-13 20:39:24 [INFO] advanced_stats — [POST_SPIKE_COOLDOWN] 26.34x >= 10x → bloqueando 3 rondas
2026-05-13 20:39:24 [INFO] advanced_stats — [POST_SPIKE_COOLDOWN] 26.34x >= 20x → bloqueando 4 rondas
2026-05-13 20:39:24 [DEBUG] db_advanced — spike_distances: nivel=5x dist=15 val=26.34
2026-05-13 20:39:24 [DEBUG] db_advanced — pre_spike_context guardado: 26.34x (nivel=5x)
2026-05-13 20:39:24 [INFO] spike_tracker — [SPIKE] 26.34x >= 5x | distancia=15 rondas
2026-05-13 20:39:24 [DEBUG] db_advanced — spike_distances: nivel=8x dist=15 val=26.34
2026-05-13 20:39:24 [DEBUG] db_advanced — pre_spike_context guardado: 26.34x (nivel=8x)
2026-05-13 20:39:24 [INFO] spike_tracker — [SPIKE] 26.34x >= 8x | distancia=15 rondas
2026-05-13 20:39:24 [DEBUG] db_advanced — spike_distances: nivel=10x dist=42 val=26.34
2026-05-13 20:39:24 [DEBUG] db_advanced — pre_spike_context guardado: 26.34x (nivel=10x)
2026-05-13 20:39:24 [INFO] spike_tracker — [SPIKE] 26.34x >= 10x | distancia=42 rondas
2026-05-13 20:39:24 [DEBUG] db_advanced — spike_distances: nivel=20x dist=42 val=26.34
2026-05-13 20:39:24 [DEBUG] db_advanced — pre_spike_context guardado: 26.34x (nivel=20x)
2026-05-13 20:39:24 [INFO] spike_tracker — [SPIKE] 26.34x >= 20x | distancia=42 rondas
2026-05-13 20:39:24 [INFO] advanced_stats — [PRE-SPIKE DETECTADO] Contexto similar a previo a 5x (n=21 muestras | avg_low=40.80%)
2026-05-13 20:39:24 [INFO] advanced_stats — [PRE-SPIKE DETECTADO] Contexto similar a previo a 10x (n=10 muestras | avg_low=35.30%)
2026-05-13 20:39:24 [INFO] advanced_stats — [PRE-SPIKE DETECTADO] Contexto similar a previo a 20x (n=6 muestras | avg_low=38.90%)
2026-05-13 20:39:24 [DEBUG] entropy — [ENTROPÍA] score=0.199 label=estructurado structured=True dead=False
2026-05-13 20:39:24 [DEBUG] ml_clustering — [ML] contexto=neutral score=74 anomalía=0.841 similar=0 buffer=42
2026-05-13 20:39:24 [INFO] dual_engine — [DUAL ENGINE] mode=none emit=False target=0.00x safe=30 hunter=70 moon=40 entropy=0.199
2026-05-13 20:39:24 [INFO] main_v3 — [20:39:24] 26.34x | mode=none | safe=30 | hunter=70 | moon=40 | entropy=0.199 | comp=0.434 | tension=30
2026-05-13 20:39:24 [INFO] main_v3 — [ENTROPÍA] Entropía baja (0.199) con run-length=0.600. Posible compresión estadística activa.
2026-05-13 20:39:24 [INFO] main_v3 — [BINARIO] rareness=0.475 | longest_zero_run=6
2026-05-13 20:39:24 [INFO] main_v3 — [ANOMALÍA] Contexto: NEUTRAL (score=74) | Crash density 15r=46.67% | Compresión=0.434 | Entropía=0.199 | Anomalía=0.841
2026-05-13 20:39:24 [INFO] main_v3 — [POST_SPIKE_COOLDOWN] Bloqueado 3 rondas tras 20x
2026-05-13 20:39:24 [INFO] main_v3 — [DISTANCIA 100x SOBRE MEDIA] hace=143r | avg=55r
2026-05-13 20:39:24 [INFO] main_v3 — [PRE-SPIKE DETECTADO] Contexto similar a previo a 5x (n=21 muestras | avg_low=40.80%)
2026-05-13 20:39:24 [INFO] main_v3 — [PRE-SPIKE DETECTADO] Contexto similar a previo a 10x (n=10 muestras | avg_low=35.30%)
2026-05-13 20:39:24 [INFO] main_v3 — [PRE-SPIKE DETECTADO] Contexto similar a previo a 20x (n=6 muestras | avg_low=38.90%)
2026-05-13 20:39:34 [INFO] advanced_stats — [PRE-SPIKE DETECTADO] Contexto similar a previo a 5x (n=21 muestras | avg_low=40.80%)
2026-05-13 20:39:34 [INFO] advanced_stats — [PRE-SPIKE DETECTADO] Contexto similar a previo a 20x (n=6 muestras | avg_low=38.90%)
2026-05-13 20:39:34 [DEBUG] entropy — [ENTROPÍA] score=0.199 label=estructurado structured=True dead=False
2026-05-13 20:39:34 [DEBUG] ml_clustering — [ML] contexto=neutral score=73 anomalía=0.825 similar=1 buffer=43
2026-05-13 20:39:34 [INFO] dual_engine — [DUAL ENGINE] mode=none emit=False target=0.00x safe=29 hunter=56 moon=20 entropy=0.199
2026-05-13 20:39:34 [INFO] main_v3 — [20:39:34] 1.36x | mode=none | safe=29 | hunter=56 | moon=20 | entropy=0.199 | comp=0.459 | tension=31
2026-05-13 20:39:34 [INFO] main_v3 — [ENTROPÍA] Entropía baja (0.199) con run-length=0.600. Posible compresión estadística activa.
2026-05-13 20:39:34 [INFO] main_v3 — [BINARIO] rareness=0.425 | longest_zero_run=5
2026-05-13 20:39:34 [INFO] main_v3 — [ANOMALÍA] Contexto: NEUTRAL (score=73) | Crash density 15r=53.33% | Compresión=0.459 | Entropía=0.199 | Anomalía=0.825
2026-05-13 20:39:34 [INFO] main_v3 — [POST_SPIKE_COOLDOWN] Bloqueado 2 rondas tras 20x
2026-05-13 20:39:34 [INFO] main_v3 — [DISTANCIA 100x SOBRE MEDIA] hace=144r | avg=55r
2026-05-13 20:39:34 [INFO] main_v3 — [PRE-SPIKE DETECTADO] Contexto similar a previo a 5x (n=21 muestras | avg_low=40.80%)
2026-05-13 20:39:34 [INFO] main_v3 — [PRE-SPIKE DETECTADO] Contexto similar a previo a 20x (n=6 muestras | avg_low=38.90%)
2026-05-13 20:39:57 [INFO] advanced_stats — [PRE-SPIKE DETECTADO] Contexto similar a previo a 5x (n=21 muestras | avg_low=40.80%)
2026-05-13 20:39:57 [INFO] advanced_stats — [PRE-SPIKE DETECTADO] Contexto similar a previo a 10x (n=10 muestras | avg_low=35.30%)
2026-05-13 20:39:57 [INFO] advanced_stats — [PRE-SPIKE DETECTADO] Contexto similar a previo a 20x (n=6 muestras | avg_low=38.90%)
2026-05-13 20:39:57 [DEBUG] entropy — [ENTROPÍA] score=0.157 label=estructurado structured=True dead=False
2026-05-13 20:39:57 [DEBUG] ml_clustering — [ML] contexto=neutral score=75 anomalía=0.838 similar=2 buffer=44
2026-05-13 20:39:57 [INFO] dual_engine — [DUAL ENGINE] mode=none emit=False target=0.00x safe=29 hunter=71 moon=40 entropy=0.157
2026-05-13 20:39:57 [INFO] main_v3 — [20:39:57] 3.51x | mode=none | safe=29 | hunter=71 | moon=40 | entropy=0.157 | comp=0.459 | tension=31
2026-05-13 20:39:57 [INFO] main_v3 — [ENTROPÍA] Entropía baja (0.157) con run-length=0.580. Posible compresión estadística activa.
2026-05-13 20:39:57 [INFO] main_v3 — [BINARIO] rareness=0.400 | longest_zero_run=5
2026-05-13 20:39:57 [INFO] main_v3 — [ANOMALÍA] Contexto: NEUTRAL (score=75) | Crash density 15r=46.67% | Compresión=0.459 | Entropía=0.157 | Anomalía=0.838
2026-05-13 20:39:57 [INFO] main_v3 — [POST_SPIKE_COOLDOWN] Bloqueado 1 rondas tras 20x
2026-05-13 20:39:57 [INFO] main_v3 — [DISTANCIA 100x SOBRE MEDIA] hace=145r | avg=55r
2026-05-13 20:39:57 [INFO] main_v3 — [PRE-SPIKE DETECTADO] Contexto similar a previo a 5x (n=21 muestras | avg_low=40.80%)
2026-05-13 20:39:57 [INFO] main_v3 — [PRE-SPIKE DETECTADO] Contexto similar a previo a 10x (n=10 muestras | avg_low=35.30%)
2026-05-13 20:39:57 [INFO] main_v3 — [PRE-SPIKE DETECTADO] Contexto similar a previo a 20x (n=6 muestras | avg_low=38.90%)
2026-05-13 20:40:10 [INFO] advanced_stats — [COMPRESIÓN] COMPRESIÓN ALTA | score=0.56 | ultra_low=4/10 | racha=2
2026-05-13 20:40:10 [INFO] advanced_stats — [PRE-SPIKE DETECTADO] Contexto similar a previo a 5x (n=21 muestras | avg_low=40.80%)
2026-05-13 20:40:10 [INFO] advanced_stats — [PRE-SPIKE DETECTADO] Contexto similar a previo a 10x (n=10 muestras | avg_low=35.30%)
2026-05-13 20:40:10 [INFO] advanced_stats — [PRE-SPIKE DETECTADO] Contexto similar a previo a 20x (n=6 muestras | avg_low=38.90%)
2026-05-13 20:40:10 [DEBUG] entropy — [ENTROPÍA] score=0.254 label=estructurado structured=True dead=False
2026-05-13 20:40:10 [DEBUG] ml_clustering — [ML] contexto=neutral score=73 anomalía=0.821 similar=3 buffer=45
2026-05-13 20:40:10 [INFO] dual_engine — [DUAL ENGINE] mode=moon emit=True target=10.00x safe=10 hunter=66 moon=36 entropy=0.254
2026-05-13 20:40:10 [INFO] main_v3 — [20:40:10] 1.29x | mode=moon | safe=10 | hunter=66 | moon=36 | entropy=0.254 | comp=0.556 | tension=35
2026-05-13 20:40:10 [INFO] main_v3 — [MOON] target=10.0x score=36 | compresión=0.56 | tensión=35 | overdue_levels=[100] | binary_rareness=0.400
2026-05-13 20:40:10 [INFO] main_v3 — [ENTROPÍA] Entropía baja (0.254) con run-length=0.580. Posible compresión estadística activa.
2026-05-13 20:40:10 [INFO] main_v3 — [BINARIO] rareness=0.400 | longest_zero_run=5
2026-05-13 20:40:10 [INFO] main_v3 — [ANOMALÍA] Contexto: NEUTRAL (score=73) | Crash density 15r=46.67% | Compresión=0.556 | Entropía=0.254 | Anomalía=0.821
2026-05-13 20:40:10 [INFO] main_v3 — [COMPRESIÓN ALTA] score=0.56 ultra_low=4/10 racha_max=2
2026-05-13 20:40:10 [INFO] main_v3 — [DISTANCIA 100x SOBRE MEDIA] hace=146r | avg=55r
2026-05-13 20:40:10 [INFO] main_v3 — [PRE-SPIKE DETECTADO] Contexto similar a previo a 5x (n=21 muestras | avg_low=40.80%)
2026-05-13 20:40:10 [INFO] main_v3 — [PRE-SPIKE DETECTADO] Contexto similar a previo a 10x (n=10 muestras | avg_low=35.30%)
2026-05-13 20:40:10 [INFO] main_v3 — [PRE-SPIKE DETECTADO] Contexto similar a previo a 20x (n=6 muestras | avg_low=38.90%)
2026-05-13 20:40:10 [INFO] db_advanced — [COMPRESIÓN GUARDADA] id=22 score=0.56 label=COMPRESIÓN ALTA
2026-05-13 20:40:22 [INFO] advanced_stats — [PRE-SPIKE DETECTADO] Contexto similar a previo a 5x (n=21 muestras | avg_low=40.80%)
2026-05-13 20:40:22 [INFO] advanced_stats — [PRE-SPIKE DETECTADO] Contexto similar a previo a 20x (n=6 muestras | avg_low=38.90%)
2026-05-13 20:40:22 [DEBUG] entropy — [ENTROPÍA] score=0.254 label=estructurado structured=True dead=False
2026-05-13 20:40:22 [DEBUG] ml_clustering — [ML] contexto=neutral score=72 anomalía=0.841 similar=4 buffer=46
2026-05-13 20:40:22 [INFO] dual_engine — [DUAL ENGINE] mode=hunter emit=True target=8.00x safe=10 hunter=46 moon=14 entropy=0.254
2026-05-13 20:40:22 [INFO] main_v3 — [20:40:22] 1.44x | mode=hunter | safe=10 | hunter=46 | moon=14 | entropy=0.254 | comp=0.424 | tension=31
2026-05-13 20:40:22 [INFO] main_v3 — [HUNTER] target=8.0x score=46 | compresión=0.42 | overdue_levels=[100] | binary_rareness=0.400
2026-05-13 20:40:22 [INFO] main_v3 — [ENTROPÍA] Entropía baja (0.254) con run-length=0.600. Posible compresión estadística activa.
2026-05-13 20:40:22 [INFO] main_v3 — [BINARIO] rareness=0.400 | longest_zero_run=5
2026-05-13 20:40:22 [INFO] main_v3 — [ANOMALÍA] Contexto: NEUTRAL (score=72) | Crash density 15r=53.33% | Compresión=0.424 | Entropía=0.254 | Anomalía=0.841
2026-05-13 20:40:22 [INFO] main_v3 — [DISTANCIA 100x SOBRE MEDIA] hace=147r | avg=55r
2026-05-13 20:40:22 [INFO] main_v3 — [PRE-SPIKE DETECTADO] Contexto similar a previo a 5x (n=21 muestras | avg_low=40.80%)
2026-05-13 20:40:22 [INFO] main_v3 — [PRE-SPIKE DETECTADO] Contexto similar a previo a 20x (n=6 muestras | avg_low=38.90%)
2026-05-13 20:40:35 [INFO] advanced_stats — [PRE-SPIKE DETECTADO] Contexto similar a previo a 5x (n=21 muestras | avg_low=40.80%)
2026-05-13 20:40:35 [INFO] advanced_stats — [PRE-SPIKE DETECTADO] Contexto similar a previo a 20x (n=6 muestras | avg_low=38.90%)
2026-05-13 20:40:35 [DEBUG] entropy — [ENTROPÍA] score=0.254 label=estructurado structured=True dead=False
2026-05-13 20:40:35 [DEBUG] ml_clustering — [ML] contexto=neutral score=72 anomalía=0.870 similar=5 buffer=47
2026-05-13 20:40:35 [INFO] dual_engine — [DUAL ENGINE] mode=hunter emit=True target=8.00x safe=18 hunter=43 moon=14 entropy=0.254
2026-05-13 20:40:35 [INFO] main_v3 — [20:40:35] 1.42x | mode=hunter | safe=18 | hunter=43 | moon=14 | entropy=0.254 | comp=0.353 | tension=29
2026-05-13 20:40:35 [INFO] main_v3 — [HUNTER] target=8.0x score=43 | overdue_levels=[100] | binary_rareness=0.400
2026-05-13 20:40:35 [INFO] main_v3 — [ENTROPÍA] Entropía baja (0.254) con run-length=0.620. Posible compresión estadística activa.
2026-05-13 20:40:35 [INFO] main_v3 — [BINARIO] rareness=0.400 | longest_zero_run=5
2026-05-13 20:40:35 [INFO] main_v3 — [ANOMALÍA] Contexto: NEUTRAL (score=72) | Crash density 15r=53.33% | Compresión=0.353 | Entropía=0.254 | Anomalía=0.870
2026-05-13 20:40:35 [INFO] main_v3 — [DISTANCIA 100x SOBRE MEDIA] hace=148r | avg=55r
2026-05-13 20:40:35 [INFO] main_v3 — [PRE-SPIKE DETECTADO] Contexto similar a previo a 5x (n=21 muestras | avg_low=40.80%)
2026-05-13 20:40:35 [INFO] main_v3 — [PRE-SPIKE DETECTADO] Contexto similar a previo a 20x (n=6 muestras | avg_low=38.90%)
2026-05-13 20:40:52 [INFO] advanced_stats — [PRE-SPIKE DETECTADO] Contexto similar a previo a 5x (n=21 muestras | avg_low=40.80%)
2026-05-13 20:40:52 [INFO] advanced_stats — [PRE-SPIKE DETECTADO] Contexto similar a previo a 20x (n=6 muestras | avg_low=38.90%)
2026-05-13 20:40:52 [DEBUG] entropy — [ENTROPÍA] score=0.254 label=estructurado structured=True dead=False
2026-05-13 20:40:52 [DEBUG] ml_clustering — [ML] contexto=neutral score=72 anomalía=0.859 similar=6 buffer=48
2026-05-13 20:40:52 [INFO] dual_engine — [DUAL ENGINE] mode=hunter emit=True target=8.00x safe=12 hunter=43 moon=14 entropy=0.254
2026-05-13 20:40:52 [INFO] main_v3 — [20:40:52] 1.53x | mode=hunter | safe=12 | hunter=43 | moon=14 | entropy=0.254 | comp=0.353 | tension=30
2026-05-13 20:40:52 [INFO] main_v3 — [HUNTER] target=8.0x score=43 | overdue_levels=[100] | binary_rareness=0.400
2026-05-13 20:40:52 [INFO] main_v3 — [ENTROPÍA] Entropía baja (0.254) con run-length=0.620. Posible compresión estadística activa.
2026-05-13 20:40:52 [INFO] main_v3 — [BINARIO] rareness=0.400 | longest_zero_run=5
2026-05-13 20:40:52 [INFO] main_v3 — [ANOMALÍA] Contexto: NEUTRAL (score=72) | Crash density 15r=53.33% | Compresión=0.353 | Entropía=0.254 | Anomalía=0.859
2026-05-13 20:40:52 [INFO] main_v3 — [DISTANCIA 100x SOBRE MEDIA] hace=149r | avg=55r
2026-05-13 20:40:52 [INFO] main_v3 — [PRE-SPIKE DETECTADO] Contexto similar a previo a 5x (n=21 muestras | avg_low=40.80%)
2026-05-13 20:40:52 [INFO] main_v3 — [PRE-SPIKE DETECTADO] Contexto similar a previo a 20x (n=6 muestras | avg_low=38.90%)
2026-05-13 20:41:15 [DEBUG] entropy — [ENTROPÍA] score=0.254 label=estructurado structured=True dead=False
2026-05-13 20:41:15 [DEBUG] ml_clustering — [ML] contexto=neutral score=71 anomalía=0.845 similar=7 buffer=49
2026-05-13 20:41:15 [INFO] dual_engine — [DUAL ENGINE] mode=none emit=False target=0.00x safe=9 hunter=18 moon=0 entropy=0.254
2026-05-13 20:41:15 [INFO] main_v3 — [20:41:15] 1.38x | mode=none | safe=9 | hunter=18 | moon=0 | entropy=0.254 | comp=0.378 | tension=32
2026-05-13 20:41:15 [INFO] main_v3 — [ENTROPÍA] Entropía baja (0.254) con run-length=0.620. Posible compresión estadística activa.
2026-05-13 20:41:15 [INFO] main_v3 — [BINARIO] rareness=0.425 | longest_zero_run=5
2026-05-13 20:41:15 [INFO] main_v3 — [ANOMALÍA] Contexto: NEUTRAL (score=71) | Crash density 15r=60.00% | Compresión=0.378 | Entropía=0.254 | Anomalía=0.845
2026-05-13 20:41:16 [INFO] main_v3 — [DISTANCIA 100x SOBRE MEDIA] hace=150r | avg=55r
2026-05-13 20:41:41 [DEBUG] entropy — [ENTROPÍA] score=0.275 label=estructurado structured=True dead=False
2026-05-13 20:41:41 [DEBUG] ml_clustering — [ML] contexto=neutral score=71 anomalía=0.900 similar=6 buffer=50
2026-05-13 20:41:41 [INFO] dual_engine — [DUAL ENGINE] mode=none emit=False target=0.00x safe=12 hunter=20 moon=0 entropy=0.275
2026-05-13 20:41:41 [INFO] main_v3 — [20:41:41] 4.67x | mode=none | safe=12 | hunter=20 | moon=0 | entropy=0.275 | comp=0.281 | tension=30
2026-05-13 20:41:41 [INFO] main_v3 — [ENTROPÍA] Entropía baja (0.275) con run-length=0.600. Posible compresión estadística activa.
2026-05-13 20:41:41 [INFO] main_v3 — [BINARIO] rareness=0.400 | longest_zero_run=5
2026-05-13 20:41:41 [INFO] main_v3 — [ANOMALÍA] Contexto: NEUTRAL (score=71) | Crash density 15r=60.00% | Compresión=0.281 | Entropía=0.275 | Anomalía=0.900
2026-05-13 20:41:41 [INFO] main_v3 — [DISTANCIA 5x SOBRE MEDIA] hace=8r | avg=4r
2026-05-13 20:41:41 [INFO] main_v3 — [DISTANCIA 100x SOBRE MEDIA] hace=151r | avg=55r
2026-05-13 20:42:12 [INFO] analyzer — Anti-FOMO: spike 7.49x → bloqueando 3 rondas.
2026-05-13 20:42:12 [INFO] advanced_stats — [POST_SPIKE_COOLDOWN] 7.49x >= 5x → bloqueando 2 rondas
2026-05-13 20:42:12 [DEBUG] db_advanced — spike_distances: nivel=5x dist=9 val=7.49
2026-05-13 20:42:12 [DEBUG] db_advanced — pre_spike_context guardado: 7.49x (nivel=5x)
2026-05-13 20:42:12 [INFO] spike_tracker — [SPIKE] 7.49x >= 5x | distancia=9 rondas
2026-05-13 20:42:12 [INFO] advanced_stats — [PRE-SPIKE DETECTADO] Contexto similar a previo a 5x (n=22 muestras | avg_low=41.60%)
2026-05-13 20:42:12 [INFO] advanced_stats — [PRE-SPIKE DETECTADO] Contexto similar a previo a 20x (n=6 muestras | avg_low=38.90%)
2026-05-13 20:42:12 [DEBUG] entropy — [ENTROPÍA] score=0.300 label=estructurado structured=True dead=False
2026-05-13 20:42:12 [DEBUG] ml_clustering — [ML] contexto=neutral score=71 anomalía=0.930 similar=7 buffer=51
2026-05-13 20:42:12 [INFO] dual_engine — [DUAL ENGINE] mode=none emit=False target=0.00x safe=29 hunter=54 moon=30 entropy=0.300
2026-05-13 20:42:12 [INFO] main_v3 — [20:42:12] 7.49x | mode=none | safe=29 | hunter=54 | moon=30 | entropy=0.300 | comp=0.256 | tension=27
2026-05-13 20:42:12 [INFO] main_v3 — [ENTROPÍA] Entropía baja (0.300) con run-length=0.600. Posible compresión estadística activa.
2026-05-13 20:42:12 [INFO] main_v3 — [ANOMALÍA] Contexto: NEUTRAL (score=71) | Crash density 15r=53.33% | Compresión=0.256 | Entropía=0.300 | Anomalía=0.930
2026-05-13 20:42:12 [INFO] main_v3 — [POST_SPIKE_COOLDOWN] Bloqueado 1 rondas tras 5x
2026-05-13 20:42:12 [INFO] main_v3 — [DISTANCIA 50x SOBRE MEDIA] hace=56r | avg=30r
2026-05-13 20:42:12 [INFO] main_v3 — [DISTANCIA 100x SOBRE MEDIA] hace=152r | avg=55r
2026-05-13 20:42:12 [INFO] main_v3 — [PRE-SPIKE DETECTADO] Contexto similar a previo a 5x (n=22 muestras | avg_low=41.60%)
2026-05-13 20:42:12 [INFO] main_v3 — [PRE-SPIKE DETECTADO] Contexto similar a previo a 20x (n=6 muestras | avg_low=38.90%)
2026-05-13 20:42:38 [INFO] advanced_stats — [PRE-SPIKE DETECTADO] Contexto similar a previo a 10x (n=10 muestras | avg_low=35.30%)
2026-05-13 20:42:38 [INFO] advanced_stats — [PRE-SPIKE DETECTADO] Contexto similar a previo a 20x (n=6 muestras | avg_low=38.90%)
2026-05-13 20:42:38 [DEBUG] entropy — [ENTROPÍA] score=0.319 label=estructurado structured=True dead=False
2026-05-13 20:42:38 [DEBUG] ml_clustering — [ML] contexto=neutral score=72 anomalía=0.946 similar=7 buffer=52
2026-05-13 20:42:38 [INFO] dual_engine — [DUAL ENGINE] mode=moon emit=True target=10.00x safe=29 hunter=59 moon=50 entropy=0.319
2026-05-13 20:42:38 [INFO] main_v3 — [20:42:38] 3.99x | mode=moon | safe=29 | hunter=59 | moon=50 | entropy=0.319 | comp=0.256 | tension=28
2026-05-13 20:42:38 [INFO] main_v3 — [MOON] target=10.0x score=50 | overdue_levels=[50, 100]
2026-05-13 20:42:38 [INFO] main_v3 — [ENTROPÍA] Entropía baja (0.319) con run-length=0.600. Posible compresión estadística activa.
2026-05-13 20:42:38 [INFO] main_v3 — [ANOMALÍA] Contexto: NEUTRAL (score=72) | Crash density 15r=46.67% | Compresión=0.256 | Entropía=0.319 | Anomalía=0.946
2026-05-13 20:42:38 [INFO] main_v3 — [DISTANCIA 50x SOBRE MEDIA] hace=57r | avg=30r
2026-05-13 20:42:38 [INFO] main_v3 — [DISTANCIA 100x SOBRE MEDIA] hace=153r | avg=55r
2026-05-13 20:42:38 [INFO] main_v3 — [PRE-SPIKE DETECTADO] Contexto similar a previo a 10x (n=10 muestras | avg_low=35.30%)
2026-05-13 20:42:38 [INFO] main_v3 — [PRE-SPIKE DETECTADO] Contexto similar a previo a 20x (n=6 muestras | avg_low=38.90%)
2026-05-13 20:42:42 [INFO] db_v2 — [DUAL SIGNAL] id=10 mode=moon target=10.00x conf=31%
2026-05-13 20:42:43 [INFO] main_v3 — ✅ Señal #10 emitida | mode=moon target=10.0x conf=31% safe=29 hunter=59 moon=50
2026-05-13 20:42:47 [INFO] main_v3 — ❌ Dual señal #10 (moon 10.0x) → 1.15x en 1 ronda
2026-05-13 20:42:47 [INFO] advanced_stats — [PRE-SPIKE DETECTADO] Contexto similar a previo a 5x (n=22 muestras | avg_low=41.60%)
2026-05-13 20:42:47 [INFO] advanced_stats — [PRE-SPIKE DETECTADO] Contexto similar a previo a 20x (n=6 muestras | avg_low=38.90%)
2026-05-13 20:42:47 [DEBUG] entropy — [ENTROPÍA] score=0.319 label=estructurado structured=True dead=False
2026-05-13 20:42:47 [DEBUG] ml_clustering — [ML] contexto=neutral score=71 anomalía=0.891 similar=10 buffer=53
2026-05-13 20:42:47 [INFO] dual_engine — [DUAL ENGINE] mode=moon emit=True target=10.00x safe=29 hunter=57 moon=30 entropy=0.319
2026-05-13 20:42:47 [INFO] main_v3 — [20:42:46] 1.15x | mode=moon | safe=29 | hunter=57 | moon=30 | entropy=0.319 | comp=0.328 | tension=31
2026-05-13 20:42:47 [INFO] main_v3 — [MOON] target=10.0x score=30 | overdue_levels=[50, 100]
2026-05-13 20:42:47 [INFO] main_v3 — [ENTROPÍA] Entropía baja (0.319) con run-length=0.580. Posible compresión estadística activa.
2026-05-13 20:42:47 [INFO] main_v3 — [ANOMALÍA] Contexto: NEUTRAL (score=71) | Crash density 15r=53.33% | Compresión=0.328 | Entropía=0.319 | Anomalía=0.891
2026-05-13 20:42:47 [INFO] main_v3 — [DISTANCIA 50x SOBRE MEDIA] hace=58r | avg=30r
2026-05-13 20:42:47 [INFO] main_v3 — [DISTANCIA 100x SOBRE MEDIA] hace=154r | avg=55r
2026-05-13 20:42:47 [INFO] main_v3 — [PRE-SPIKE DETECTADO] Contexto similar a previo a 5x (n=22 muestras | avg_low=41.60%)
2026-05-13 20:42:47 [INFO] main_v3 — [PRE-SPIKE DETECTADO] Contexto similar a previo a 20x (n=6 muestras | avg_low=38.90%)
2026-05-13 20:42:59 [DEBUG] entropy — [ENTROPÍA] score=0.319 label=estructurado structured=True dead=False
2026-05-13 20:42:59 [DEBUG] ml_clustering — [ML] contexto=neutral score=70 anomalía=0.834 similar=10 buffer=54
2026-05-13 20:42:59 [INFO] dual_engine — [DUAL ENGINE] mode=none emit=False target=0.00x safe=5 hunter=26 moon=0 entropy=0.319
2026-05-13 20:42:59 [INFO] main_v3 — [20:42:59] 1.08x | mode=none | safe=5 | hunter=26 | moon=0 | entropy=0.319 | comp=0.484 | tension=37
2026-05-13 20:42:59 [INFO] main_v3 — [ENTROPÍA] Entropía baja (0.319) con run-length=0.580. Posible compresión estadística activa.
2026-05-13 20:42:59 [INFO] main_v3 — [ANOMALÍA] Contexto: NEUTRAL (score=70) | Crash density 15r=60.00% | Compresión=0.484 | Entropía=0.319 | Anomalía=0.834
2026-05-13 20:42:59 [INFO] main_v3 — [DISTANCIA 50x SOBRE MEDIA] hace=59r | avg=30r
2026-05-13 20:42:59 [INFO] main_v3 — [DISTANCIA 100x SOBRE MEDIA] hace=155r | avg=55r
2026-05-13 20:43:12 [INFO] advanced_stats — [DISTANCIA 100x ELEVADA] hace=156r | avg=55r | z=2.0σ | presión=1.00
2026-05-13 20:43:12 [DEBUG] entropy — [ENTROPÍA] score=0.319 label=estructurado structured=True dead=False
2026-05-13 20:43:12 [DEBUG] ml_clustering — [ML] contexto=neutral score=70 anomalía=0.856 similar=13 buffer=55
2026-05-13 20:43:12 [INFO] dual_engine — [DUAL ENGINE] mode=none emit=False target=0.00x safe=5 hunter=30 moon=0 entropy=0.319
2026-05-13 20:43:12 [INFO] main_v3 — [20:43:12] 1.31x | mode=none | safe=5 | hunter=30 | moon=0 | entropy=0.319 | comp=0.413 | tension=36
2026-05-13 20:43:12 [INFO] main_v3 — [ENTROPÍA] Entropía baja (0.319) con run-length=0.580. Posible compresión estadística activa.
2026-05-13 20:43:12 [INFO] main_v3 — [BINARIO] rareness=0.400 | longest_zero_run=5
2026-05-13 20:43:12 [INFO] main_v3 — [ANOMALÍA] Contexto: NEUTRAL (score=70) | Crash density 15r=60.00% | Compresión=0.413 | Entropía=0.319 | Anomalía=0.856
2026-05-13 20:43:12 [INFO] main_v3 — [DISTANCIA 50x SOBRE MEDIA] hace=60r | avg=30r
2026-05-13 20:43:12 [INFO] main_v3 — [DISTANCIA 100x ELEVADA] hace=156r | avg=55r | z=2.0σ | presión=1.00
2026-05-13 20:43:39 [INFO] analyzer — Anti-FOMO: spike 5.47x → bloqueando 3 rondas.
2026-05-13 20:43:39 [INFO] advanced_stats — [POST_SPIKE_COOLDOWN] 5.47x >= 5x → bloqueando 2 rondas
2026-05-13 20:43:39 [DEBUG] db_advanced — spike_distances: nivel=5x dist=5 val=5.47
2026-05-13 20:43:39 [DEBUG] db_advanced — pre_spike_context guardado: 5.47x (nivel=5x)
2026-05-13 20:43:39 [INFO] spike_tracker — [SPIKE] 5.47x >= 5x | distancia=5 rondas
2026-05-13 20:43:39 [INFO] advanced_stats — [DISTANCIA 100x ELEVADA] hace=157r | avg=55r | z=2.0σ | presión=1.00
2026-05-13 20:43:39 [INFO] advanced_stats — [PRE-SPIKE DETECTADO] Contexto similar a previo a 5x (n=23 muestras | avg_low=42.40%)
2026-05-13 20:43:40 [INFO] advanced_stats — [PRE-SPIKE DETECTADO] Contexto similar a previo a 20x (n=6 muestras | avg_low=38.90%)
2026-05-13 20:43:40 [DEBUG] entropy — [ENTROPÍA] score=0.336 label=estructurado structured=True dead=False
2026-05-13 20:43:40 [DEBUG] ml_clustering — [ML] contexto=neutral score=70 anomalía=0.876 similar=14 buffer=56
2026-05-13 20:43:40 [INFO] dual_engine — [DUAL ENGINE] mode=none emit=False target=0.00x safe=29 hunter=69 moon=30 entropy=0.336
2026-05-13 20:43:40 [INFO] main_v3 — [20:43:39] 5.47x | mode=none | safe=29 | hunter=69 | moon=30 | entropy=0.336 | comp=0.388 | tension=36
2026-05-13 20:43:40 [INFO] main_v3 — [ENTROPÍA] Entropía baja (0.336) con run-length=0.560. Posible compresión estadística activa.
2026-05-13 20:43:40 [INFO] main_v3 — [ANOMALÍA] Contexto: NEUTRAL (score=70) | Crash density 15r=53.33% | Compresión=0.388 | Entropía=0.336 | Anomalía=0.876
2026-05-13 20:43:40 [INFO] main_v3 — [POST_SPIKE_COOLDOWN] Bloqueado 1 rondas tras 5x
2026-05-13 20:43:40 [INFO] main_v3 — [DISTANCIA 8x SOBRE MEDIA] hace=14r | avg=7r
2026-05-13 20:43:40 [INFO] main_v3 — [DISTANCIA 50x SOBRE MEDIA] hace=61r | avg=30r
2026-05-13 20:43:40 [INFO] main_v3 — [DISTANCIA 100x ELEVADA] hace=157r | avg=55r | z=2.0σ | presión=1.00
2026-05-13 20:43:40 [INFO] main_v3 — [PRE-SPIKE DETECTADO] Contexto similar a previo a 5x (n=23 muestras | avg_low=42.40%)
2026-05-13 20:43:40 [INFO] main_v3 — [PRE-SPIKE DETECTADO] Contexto similar a previo a 20x (n=6 muestras | avg_low=38.90%)
2026-05-13 20:44:07 [INFO] analyzer — Anti-FOMO: spike 7.28x → bloqueando 3 rondas.
2026-05-13 20:44:07 [INFO] advanced_stats — [POST_SPIKE_COOLDOWN] 7.28x >= 5x → bloqueando 2 rondas
2026-05-13 20:44:07 [DEBUG] db_advanced — spike_distances: nivel=5x dist=1 val=7.28
2026-05-13 20:44:07 [DEBUG] db_advanced — pre_spike_context guardado: 7.28x (nivel=5x)
2026-05-13 20:44:07 [INFO] spike_tracker — [SPIKE] 7.28x >= 5x | distancia=1 rondas
2026-05-13 20:44:08 [INFO] advanced_stats — [DISTANCIA 100x ELEVADA] hace=158r | avg=55r | z=2.1σ | presión=1.00
2026-05-13 20:44:08 [INFO] advanced_stats — [PRE-SPIKE DETECTADO] Contexto similar a previo a 5x (n=24 muestras | avg_low=42.90%)
2026-05-13 20:44:08 [INFO] advanced_stats — [PRE-SPIKE DETECTADO] Contexto similar a previo a 20x (n=6 muestras | avg_low=38.90%)
2026-05-13 20:44:08 [DEBUG] entropy — [ENTROPÍA] score=0.357 label=estructurado structured=True dead=False
2026-05-13 20:44:08 [DEBUG] ml_clustering — [ML] contexto=neutral score=73 anomalía=0.622 similar=2 buffer=57
2026-05-13 20:44:08 [INFO] dual_engine — [DUAL ENGINE] mode=none emit=False target=0.00x safe=44 hunter=69 moon=30 entropy=0.357
2026-05-13 20:44:08 [INFO] main_v3 — [20:44:07] 7.28x | mode=none | safe=44 | hunter=69 | moon=30 | entropy=0.357 | comp=0.363 | tension=37
2026-05-13 20:44:08 [INFO] main_v3 — [ENTROPÍA] Entropía baja (0.357) con run-length=0.580. Posible compresión estadística activa.
2026-05-13 20:44:08 [INFO] main_v3 — [ANOMALÍA] Contexto: NEUTRAL (score=73) | Crash density 15r=53.33% | Compresión=0.363 | Entropía=0.357 | Anomalía=0.622
2026-05-13 20:44:08 [INFO] main_v3 — [POST_SPIKE_COOLDOWN] Bloqueado 1 rondas tras 5x
2026-05-13 20:44:08 [INFO] main_v3 — [DISTANCIA 8x SOBRE MEDIA] hace=15r | avg=7r
2026-05-13 20:44:08 [INFO] main_v3 — [DISTANCIA 50x SOBRE MEDIA] hace=62r | avg=30r
2026-05-13 20:44:08 [INFO] main_v3 — [DISTANCIA 100x ELEVADA] hace=158r | avg=55r | z=2.1σ | presión=1.00
2026-05-13 20:44:08 [INFO] main_v3 — [PRE-SPIKE DETECTADO] Contexto similar a previo a 5x (n=24 muestras | avg_low=42.90%)
2026-05-13 20:44:08 [INFO] main_v3 — [PRE-SPIKE DETECTADO] Contexto similar a previo a 20x (n=6 muestras | avg_low=38.90%)
2026-05-13 20:44:18 [INFO] advanced_stats — [DISTANCIA 100x ELEVADA] hace=159r | avg=55r | z=2.1σ | presión=1.00
2026-05-13 20:44:18 [INFO] advanced_stats — [PRE-SPIKE DETECTADO] Contexto similar a previo a 5x (n=24 muestras | avg_low=42.90%)
2026-05-13 20:44:18 [INFO] advanced_stats — [PRE-SPIKE DETECTADO] Contexto similar a previo a 20x (n=6 muestras | avg_low=38.90%)
2026-05-13 20:44:19 [DEBUG] entropy — [ENTROPÍA] score=0.336 label=estructurado structured=True dead=False
2026-05-13 20:44:19 [DEBUG] ml_clustering — [ML] contexto=neutral score=74 anomalía=0.604 similar=8 buffer=58
2026-05-13 20:44:19 [INFO] dual_engine — [DUAL ENGINE] mode=moon emit=True target=10.00x safe=44 hunter=69 moon=30 entropy=0.336
2026-05-13 20:44:19 [INFO] main_v3 — [20:44:18] 1.36x | mode=moon | safe=44 | hunter=69 | moon=30 | entropy=0.336 | comp=0.388 | tension=39
2026-05-13 20:44:19 [INFO] main_v3 — [MOON] target=10.0x score=30 | tensión=39 | overdue_levels=[8, 50, 100]
2026-05-13 20:44:19 [INFO] main_v3 — [ENTROPÍA] Entropía baja (0.336) con run-length=0.580. Posible compresión estadística activa.
2026-05-13 20:44:19 [INFO] main_v3 — [ANOMALÍA] Contexto: NEUTRAL (score=74) | Crash density 15r=53.33% | Compresión=0.388 | Entropía=0.336 | Anomalía=0.604
2026-05-13 20:44:19 [INFO] main_v3 — [DISTANCIA 8x SOBRE MEDIA] hace=16r | avg=7r
2026-05-13 20:44:19 [INFO] main_v3 — [DISTANCIA 50x SOBRE MEDIA] hace=63r | avg=30r
2026-05-13 20:44:19 [INFO] main_v3 — [DISTANCIA 100x ELEVADA] hace=159r | avg=55r | z=2.1σ | presión=1.00
2026-05-13 20:44:19 [INFO] main_v3 — [PRE-SPIKE DETECTADO] Contexto similar a previo a 5x (n=24 muestras | avg_low=42.90%)
2026-05-13 20:44:19 [INFO] main_v3 — [PRE-SPIKE DETECTADO] Contexto similar a previo a 20x (n=6 muestras | avg_low=38.90%)
2026-05-13 20:44:36 [INFO] advanced_stats — [DISTANCIA 100x ELEVADA] hace=160r | avg=55r | z=2.1σ | presión=1.00
2026-05-13 20:44:36 [INFO] advanced_stats — [PRE-SPIKE DETECTADO] Contexto similar a previo a 5x (n=24 muestras | avg_low=42.90%)
2026-05-13 20:44:36 [INFO] advanced_stats — [PRE-SPIKE DETECTADO] Contexto similar a previo a 20x (n=6 muestras | avg_low=38.90%)
2026-05-13 20:44:36 [DEBUG] entropy — [ENTROPÍA] score=0.336 label=estructurado structured=True dead=False
2026-05-13 20:44:36 [DEBUG] ml_clustering — [ML] contexto=neutral score=74 anomalía=0.614 similar=7 buffer=59
2026-05-13 20:44:36 [INFO] dual_engine — [DUAL ENGINE] mode=moon emit=True target=10.00x safe=46 hunter=69 moon=30 entropy=0.336
2026-05-13 20:44:36 [INFO] main_v3 — [20:44:36] 2.25x | mode=moon | safe=46 | hunter=69 | moon=30 | entropy=0.336 | comp=0.363 | tension=39
2026-05-13 20:44:36 [INFO] main_v3 — [MOON] target=10.0x score=30 | tensión=39 | overdue_levels=[8, 50, 100]
2026-05-13 20:44:36 [INFO] main_v3 — [ENTROPÍA] Entropía baja (0.336) con run-length=0.580. Posible compresión estadística activa.
2026-05-13 20:44:36 [INFO] main_v3 — [ANOMALÍA] Contexto: NEUTRAL (score=74) | Crash density 15r=53.33% | Compresión=0.363 | Entropía=0.336 | Anomalía=0.614
2026-05-13 20:44:36 [INFO] main_v3 — [DISTANCIA 8x SOBRE MEDIA] hace=17r | avg=7r
2026-05-13 20:44:36 [INFO] main_v3 — [DISTANCIA 50x SOBRE MEDIA] hace=64r | avg=30r
2026-05-13 20:44:36 [INFO] main_v3 — [DISTANCIA 100x ELEVADA] hace=160r | avg=55r | z=2.1σ | presión=1.00
2026-05-13 20:44:36 [INFO] main_v3 — [PRE-SPIKE DETECTADO] Contexto similar a previo a 5x (n=24 muestras | avg_low=42.90%)
2026-05-13 20:44:36 [INFO] main_v3 — [PRE-SPIKE DETECTADO] Contexto similar a previo a 20x (n=6 muestras | avg_low=38.90%)
2026-05-13 20:44:49 [INFO] advanced_stats — [DISTANCIA 100x ELEVADA] hace=161r | avg=55r | z=2.1σ | presión=1.00
2026-05-13 20:44:49 [INFO] advanced_stats — [PRE-SPIKE DETECTADO] Contexto similar a previo a 5x (n=24 muestras | avg_low=42.90%)
2026-05-13 20:44:49 [INFO] advanced_stats — [PRE-SPIKE DETECTADO] Contexto similar a previo a 20x (n=6 muestras | avg_low=38.90%)
2026-05-13 20:44:49 [DEBUG] entropy — [ENTROPÍA] score=0.336 label=estructurado structured=True dead=False
2026-05-13 20:44:49 [DEBUG] ml_clustering — [ML] contexto=neutral score=74 anomalía=0.602 similar=10 buffer=60
2026-05-13 20:44:49 [INFO] dual_engine — [DUAL ENGINE] mode=moon emit=True target=10.00x safe=29 hunter=63 moon=20 entropy=0.336
2026-05-13 20:44:49 [INFO] main_v3 — [20:44:49] 1.34x | mode=moon | safe=29 | hunter=63 | moon=20 | entropy=0.336 | comp=0.388 | tension=41
2026-05-13 20:44:49 [INFO] main_v3 — [MOON] target=10.0x score=20 | tensión=41 | overdue_levels=[8, 50, 100]
2026-05-13 20:44:49 [INFO] main_v3 — [ENTROPÍA] Entropía baja (0.336) con run-length=0.580. Posible compresión estadística activa.
2026-05-13 20:44:49 [INFO] main_v3 — [ANOMALÍA] Contexto: NEUTRAL (score=74) | Crash density 15r=53.33% | Compresión=0.388 | Entropía=0.336 | Anomalía=0.602
2026-05-13 20:44:49 [INFO] main_v3 — [DISTANCIA 8x SOBRE MEDIA] hace=18r | avg=7r
2026-05-13 20:44:49 [INFO] main_v3 — [DISTANCIA 50x SOBRE MEDIA] hace=65r | avg=30r
2026-05-13 20:44:49 [INFO] main_v3 — [DISTANCIA 100x ELEVADA] hace=161r | avg=55r | z=2.1σ | presión=1.00
2026-05-13 20:44:49 [INFO] main_v3 — [PRE-SPIKE DETECTADO] Contexto similar a previo a 5x (n=24 muestras | avg_low=42.90%)
2026-05-13 20:44:49 [INFO] main_v3 — [PRE-SPIKE DETECTADO] Contexto similar a previo a 20x (n=6 muestras | avg_low=38.90%)
2026-05-13 20:45:09 [INFO] advanced_stats — [DISTANCIA 100x ELEVADA] hace=162r | avg=55r | z=2.1σ | presión=1.00
2026-05-13 20:45:09 [INFO] advanced_stats — [PRE-SPIKE DETECTADO] Contexto similar a previo a 5x (n=24 muestras | avg_low=42.90%)
2026-05-13 20:45:09 [INFO] advanced_stats — [PRE-SPIKE DETECTADO] Contexto similar a previo a 10x (n=10 muestras | avg_low=35.30%)
2026-05-13 20:45:09 [INFO] advanced_stats — [PRE-SPIKE DETECTADO] Contexto similar a previo a 20x (n=6 muestras | avg_low=38.90%)
2026-05-13 20:45:09 [DEBUG] entropy — [ENTROPÍA] score=0.336 label=estructurado structured=True dead=False
2026-05-13 20:45:09 [DEBUG] ml_clustering — [ML] contexto=neutral score=75 anomalía=0.619 similar=10 buffer=61
2026-05-13 20:45:09 [INFO] dual_engine — [DUAL ENGINE] mode=moon emit=True target=10.00x safe=30 hunter=78 moon=42 entropy=0.336
2026-05-13 20:45:09 [INFO] main_v3 — [20:45:09] 2.71x | mode=moon | safe=30 | hunter=78 | moon=42 | entropy=0.336 | comp=0.388 | tension=43
2026-05-13 20:45:09 [INFO] main_v3 — [MOON] target=10.0x score=42 | tensión=43 | overdue_levels=[8, 50, 100]
2026-05-13 20:45:09 [INFO] main_v3 — [ENTROPÍA] Entropía baja (0.336) con run-length=0.560. Posible compresión estadística activa.
2026-05-13 20:45:09 [INFO] main_v3 — [ANOMALÍA] Contexto: NEUTRAL (score=75) | Crash density 15r=46.67% | Compresión=0.388 | Entropía=0.336 | Anomalía=0.619
2026-05-13 20:45:09 [INFO] main_v3 — [DISTANCIA 8x SOBRE MEDIA] hace=19r | avg=7r
2026-05-13 20:45:09 [INFO] main_v3 — [DISTANCIA 50x SOBRE MEDIA] hace=66r | avg=30r
2026-05-13 20:45:09 [INFO] main_v3 — [DISTANCIA 100x ELEVADA] hace=162r | avg=55r | z=2.1σ | presión=1.00
2026-05-13 20:45:09 [INFO] main_v3 — [PRE-SPIKE DETECTADO] Contexto similar a previo a 5x (n=24 muestras | avg_low=42.90%)
2026-05-13 20:45:09 [INFO] main_v3 — [PRE-SPIKE DETECTADO] Contexto similar a previo a 10x (n=10 muestras | avg_low=35.30%)
2026-05-13 20:45:09 [INFO] main_v3 — [PRE-SPIKE DETECTADO] Contexto similar a previo a 20x (n=6 muestras | avg_low=38.90%)
2026-05-13 20:45:45 [INFO] analyzer — Anti-FOMO: spike 12.35x → bloqueando 3 rondas.
2026-05-13 20:45:45 [INFO] advanced_stats — [POST_SPIKE_COOLDOWN] 12.35x >= 5x → bloqueando 2 rondas
2026-05-13 20:45:45 [INFO] advanced_stats — [POST_SPIKE_COOLDOWN] 12.35x >= 8x → bloqueando 2 rondas
2026-05-13 20:45:45 [INFO] advanced_stats — [POST_SPIKE_COOLDOWN] 12.35x >= 10x → bloqueando 3 rondas
2026-05-13 20:45:45 [DEBUG] db_advanced — spike_distances: nivel=5x dist=5 val=12.35
2026-05-13 20:45:45 [DEBUG] db_advanced — pre_spike_context guardado: 12.35x (nivel=5x)
2026-05-13 20:45:45 [INFO] spike_tracker — [SPIKE] 12.35x >= 5x | distancia=5 rondas
2026-05-13 20:45:45 [DEBUG] db_advanced — spike_distances: nivel=8x dist=20 val=12.35
2026-05-13 20:45:45 [DEBUG] db_advanced — pre_spike_context guardado: 12.35x (nivel=8x)
2026-05-13 20:45:45 [INFO] spike_tracker — [SPIKE] 12.35x >= 8x | distancia=20 rondas
2026-05-13 20:45:45 [DEBUG] db_advanced — spike_distances: nivel=10x dist=20 val=12.35
2026-05-13 20:45:45 [DEBUG] db_advanced — pre_spike_context guardado: 12.35x (nivel=10x)
2026-05-13 20:45:45 [INFO] spike_tracker — [SPIKE] 12.35x >= 10x | distancia=20 rondas
2026-05-13 20:45:45 [INFO] advanced_stats — [DISTANCIA 100x ELEVADA] hace=163r | avg=55r | z=2.2σ | presión=1.00
2026-05-13 20:45:45 [INFO] advanced_stats — [PRE-SPIKE DETECTADO] Contexto similar a previo a 5x (n=25 muestras | avg_low=43.00%)
2026-05-13 20:45:45 [INFO] advanced_stats — [PRE-SPIKE DETECTADO] Contexto similar a previo a 10x (n=11 muestras | avg_low=36.40%)
2026-05-13 20:45:45 [INFO] advanced_stats — [PRE-SPIKE DETECTADO] Contexto similar a previo a 20x (n=6 muestras | avg_low=38.90%)
2026-05-13 20:45:45 [DEBUG] entropy — [ENTROPÍA] score=0.376 label=estructurado structured=True dead=False
2026-05-13 20:45:45 [DEBUG] ml_clustering — [ML] contexto=neutral score=74 anomalía=0.684 similar=5 buffer=62
2026-05-13 20:45:45 [INFO] dual_engine — [DUAL ENGINE] mode=none emit=False target=0.00x safe=36 hunter=78 moon=50 entropy=0.376
2026-05-13 20:45:45 [INFO] main_v3 — [20:45:45] 12.35x | mode=none | safe=36 | hunter=78 | moon=50 | entropy=0.376 | comp=0.388 | tension=33
2026-05-13 20:45:45 [INFO] main_v3 — [ENTROPÍA] Entropía baja (0.376) con run-length=0.560. Posible compresión estadística activa.
2026-05-13 20:45:45 [INFO] main_v3 — [ANOMALÍA] Contexto: NEUTRAL (score=74) | Crash density 15r=40.00% | Compresión=0.388 | Entropía=0.376 | Anomalía=0.684
2026-05-13 20:45:45 [INFO] main_v3 — [POST_SPIKE_COOLDOWN] Bloqueado 2 rondas tras 10x
2026-05-13 20:45:45 [INFO] main_v3 — [DISTANCIA 50x SOBRE MEDIA] hace=67r | avg=30r
2026-05-13 20:45:45 [INFO] main_v3 — [DISTANCIA 100x ELEVADA] hace=163r | avg=55r | z=2.2σ | presión=1.00
2026-05-13 20:45:45 [INFO] main_v3 — [PRE-SPIKE DETECTADO] Contexto similar a previo a 5x (n=25 muestras | avg_low=43.00%)
2026-05-13 20:45:45 [INFO] main_v3 — [PRE-SPIKE DETECTADO] Contexto similar a previo a 10x (n=11 muestras | avg_low=36.40%)
2026-05-13 20:45:45 [INFO] main_v3 — [PRE-SPIKE DETECTADO] Contexto similar a previo a 20x (n=6 muestras | avg_low=38.90%)
2026-05-13 20:46:14 [INFO] analyzer — Anti-FOMO: spike 6.78x → bloqueando 3 rondas.
2026-05-13 20:46:15 [INFO] advanced_stats — [POST_SPIKE_COOLDOWN] 6.78x >= 5x → bloqueando 2 rondas
2026-05-13 20:46:15 [DEBUG] db_advanced — spike_distances: nivel=5x dist=1 val=6.78
2026-05-13 20:46:15 [DEBUG] db_advanced — pre_spike_context guardado: 6.78x (nivel=5x)
2026-05-13 20:46:15 [INFO] spike_tracker — [SPIKE] 6.78x >= 5x | distancia=1 rondas
2026-05-13 20:46:15 [INFO] advanced_stats — [DISTANCIA 100x ELEVADA] hace=164r | avg=55r | z=2.2σ | presión=1.00
2026-05-13 20:46:15 [INFO] advanced_stats — [PRE-SPIKE DETECTADO] Contexto similar a previo a 5x (n=26 muestras | avg_low=42.90%)
2026-05-13 20:46:15 [INFO] advanced_stats — [PRE-SPIKE DETECTADO] Contexto similar a previo a 10x (n=11 muestras | avg_low=36.40%)
2026-05-13 20:46:15 [INFO] advanced_stats — [PRE-SPIKE DETECTADO] Contexto similar a previo a 20x (n=6 muestras | avg_low=38.90%)
2026-05-13 20:46:15 [DEBUG] entropy — [ENTROPÍA] score=0.397 label=estructurado structured=True dead=False
2026-05-13 20:46:15 [DEBUG] ml_clustering — [ML] contexto=neutral score=74 anomalía=0.808 similar=1 buffer=63
2026-05-13 20:46:15 [INFO] dual_engine — [DUAL ENGINE] mode=none emit=False target=0.00x safe=38 hunter=73 moon=50 entropy=0.397
2026-05-13 20:46:15 [INFO] main_v3 — [20:46:14] 6.78x | mode=none | safe=38 | hunter=73 | moon=50 | entropy=0.397 | comp=0.231 | tension=28
2026-05-13 20:46:15 [INFO] main_v3 — [ENTROPÍA] Entropía baja (0.397) con run-length=0.560. Posible compresión estadística activa.
2026-05-13 20:46:15 [INFO] main_v3 — [ANOMALÍA] Contexto: NEUTRAL (score=74) | Crash density 15r=40.00% | Compresión=0.231 | Entropía=0.397 | Anomalía=0.808
2026-05-13 20:46:15 [INFO] main_v3 — [POST_SPIKE_COOLDOWN] Bloqueado 1 rondas tras 10x
2026-05-13 20:46:15 [INFO] main_v3 — [DISTANCIA 50x SOBRE MEDIA] hace=68r | avg=30r
2026-05-13 20:46:15 [INFO] main_v3 — [DISTANCIA 100x ELEVADA] hace=164r | avg=55r | z=2.2σ | presión=1.00
2026-05-13 20:46:15 [INFO] main_v3 — [PRE-SPIKE DETECTADO] Contexto similar a previo a 5x (n=26 muestras | avg_low=42.90%)
2026-05-13 20:46:15 [INFO] main_v3 — [PRE-SPIKE DETECTADO] Contexto similar a previo a 10x (n=11 muestras | avg_low=36.40%)
2026-05-13 20:46:15 [INFO] main_v3 — [PRE-SPIKE DETECTADO] Contexto similar a previo a 20x (n=6 muestras | avg_low=38.90%)
2026-05-13 20:46:35 [INFO] advanced_stats — [DISTANCIA 100x ELEVADA] hace=165r | avg=55r | z=2.2σ | presión=1.00
2026-05-13 20:46:35 [INFO] advanced_stats — [PRE-SPIKE DETECTADO] Contexto similar a previo a 5x (n=26 muestras | avg_low=42.90%)
2026-05-13 20:46:35 [INFO] advanced_stats — [PRE-SPIKE DETECTADO] Contexto similar a previo a 10x (n=11 muestras | avg_low=36.40%)
2026-05-13 20:46:35 [INFO] advanced_stats — [PRE-SPIKE DETECTADO] Contexto similar a previo a 20x (n=6 muestras | avg_low=38.90%)
2026-05-13 20:46:35 [DEBUG] entropy — [ENTROPÍA] score=0.397 label=estructurado structured=True dead=False
2026-05-13 20:46:35 [DEBUG] ml_clustering — [ML] contexto=neutral score=75 anomalía=0.980 similar=1 buffer=64
2026-05-13 20:46:35 [INFO] dual_engine — [DUAL ENGINE] mode=moon emit=True target=10.00x safe=39 hunter=67 moon=50 entropy=0.397
2026-05-13 20:46:35 [INFO] main_v3 — [20:46:35] 2.13x | mode=moon | safe=39 | hunter=67 | moon=50 | entropy=0.397 | comp=0.075 | tension=17
2026-05-13 20:46:35 [INFO] main_v3 — [MOON] target=10.0x score=50 | overdue_levels=[50, 100]
2026-05-13 20:46:35 [INFO] main_v3 — [ENTROPÍA] Entropía baja (0.397) con run-length=0.560. Posible compresión estadística activa.
2026-05-13 20:46:35 [INFO] main_v3 — [ANOMALÍA] Contexto: NEUTRAL (score=75) | Crash density 15r=33.33% | Compresión=0.075 | Entropía=0.397 | Anomalía=0.980
2026-05-13 20:46:35 [INFO] main_v3 — [DISTANCIA 50x SOBRE MEDIA] hace=69r | avg=30r
2026-05-13 20:46:35 [INFO] main_v3 — [DISTANCIA 100x ELEVADA] hace=165r | avg=55r | z=2.2σ | presión=1.00
2026-05-13 20:46:35 [INFO] main_v3 — [PRE-SPIKE DETECTADO] Contexto similar a previo a 5x (n=26 muestras | avg_low=42.90%)
2026-05-13 20:46:35 [INFO] main_v3 — [PRE-SPIKE DETECTADO] Contexto similar a previo a 10x (n=11 muestras | avg_low=36.40%)
2026-05-13 20:46:35 [INFO] main_v3 — [PRE-SPIKE DETECTADO] Contexto similar a previo a 20x (n=6 muestras | avg_low=38.90%)
2026-05-13 20:46:38 [INFO] db_v2 — [DUAL SIGNAL] id=11 mode=moon target=10.00x conf=31%
2026-05-13 20:46:39 [INFO] main_v3 — ✅ Señal #11 emitida | mode=moon target=10.0x conf=31% safe=39 hunter=67 moon=50
2026-05-13 20:46:49 [INFO] main_v3 — ❌ Dual señal #11 (moon 10.0x) → 1.53x en 1 ronda
2026-05-13 20:46:49 [INFO] advanced_stats — [DISTANCIA 100x ELEVADA] hace=166r | avg=55r | z=2.2σ | presión=1.00
2026-05-13 20:46:49 [INFO] advanced_stats — [PRE-SPIKE DETECTADO] Contexto similar a previo a 5x (n=26 muestras | avg_low=42.90%)
2026-05-13 20:46:49 [INFO] advanced_stats — [PRE-SPIKE DETECTADO] Contexto similar a previo a 10x (n=11 muestras | avg_low=36.40%)
2026-05-13 20:46:49 [INFO] advanced_stats — [PRE-SPIKE DETECTADO] Contexto similar a previo a 20x (n=6 muestras | avg_low=38.90%)
2026-05-13 20:46:49 [DEBUG] entropy — [ENTROPÍA] score=0.397 label=estructurado structured=True dead=False
2026-05-13 20:46:49 [DEBUG] ml_clustering — [ML] contexto=neutral score=75 anomalía=0.995 similar=2 buffer=65
2026-05-13 20:46:49 [INFO] dual_engine — [DUAL ENGINE] mode=moon emit=True target=10.00x safe=39 hunter=67 moon=50 entropy=0.397
2026-05-13 20:46:49 [INFO] main_v3 — [20:46:48] 1.53x | mode=moon | safe=39 | hunter=67 | moon=50 | entropy=0.397 | comp=0.050 | tension=17
2026-05-13 20:46:49 [INFO] main_v3 — [MOON] target=10.0x score=50 | overdue_levels=[50, 100]
2026-05-13 20:46:49 [INFO] main_v3 — [ENTROPÍA] Entropía baja (0.397) con run-length=0.540. Posible compresión estadística activa.
2026-05-13 20:46:49 [INFO] main_v3 — [ANOMALÍA] Contexto: NEUTRAL (score=75) | Crash density 15r=33.33% | Compresión=0.050 | Entropía=0.397 | Anomalía=0.995
2026-05-13 20:46:49 [INFO] main_v3 — [DISTANCIA 50x SOBRE MEDIA] hace=70r | avg=30r
2026-05-13 20:46:49 [INFO] main_v3 — [DISTANCIA 100x ELEVADA] hace=166r | avg=55r | z=2.2σ | presión=1.00
2026-05-13 20:46:49 [INFO] main_v3 — [PRE-SPIKE DETECTADO] Contexto similar a previo a 5x (n=26 muestras | avg_low=42.90%)
2026-05-13 20:46:49 [INFO] main_v3 — [PRE-SPIKE DETECTADO] Contexto similar a previo a 10x (n=11 muestras | avg_low=36.40%)
2026-05-13 20:46:49 [INFO] main_v3 — [PRE-SPIKE DETECTADO] Contexto similar a previo a 20x (n=6 muestras | avg_low=38.90%)
2026-05-13 20:46:59 [INFO] advanced_stats — [DISTANCIA 100x ELEVADA] hace=167r | avg=55r | z=2.2σ | presión=1.00
2026-05-13 20:46:59 [INFO] advanced_stats — [PRE-SPIKE DETECTADO] Contexto similar a previo a 5x (n=26 muestras | avg_low=42.90%)
2026-05-13 20:46:59 [INFO] advanced_stats — [PRE-SPIKE DETECTADO] Contexto similar a previo a 10x (n=11 muestras | avg_low=36.40%)
2026-05-13 20:46:59 [INFO] advanced_stats — [PRE-SPIKE DETECTADO] Contexto similar a previo a 20x (n=6 muestras | avg_low=38.90%)
2026-05-13 20:46:59 [DEBUG] entropy — [ENTROPÍA] score=0.397 label=estructurado structured=True dead=False
2026-05-13 20:46:59 [DEBUG] ml_clustering — [ML] contexto=neutral score=75 anomalía=0.968 similar=3 buffer=66
2026-05-13 20:46:59 [INFO] dual_engine — [DUAL ENGINE] mode=moon emit=True target=10.00x safe=33 hunter=71 moon=55 entropy=0.397
2026-05-13 20:46:59 [INFO] main_v3 — [20:46:59] 1.64x | mode=moon | safe=33 | hunter=71 | moon=55 | entropy=0.397 | comp=0.050 | tension=24
2026-05-13 20:46:59 [INFO] main_v3 — [MOON] target=10.0x score=55 | overdue_levels=[50, 100]
2026-05-13 20:46:59 [INFO] main_v3 — [ENTROPÍA] Entropía baja (0.397) con run-length=0.540. Posible compresión estadística activa.
2026-05-13 20:46:59 [INFO] main_v3 — [ANOMALÍA] Contexto: NEUTRAL (score=75) | Crash density 15r=33.33% | Compresión=0.050 | Entropía=0.397 | Anomalía=0.968
2026-05-13 20:46:59 [INFO] main_v3 — [DISTANCIA 50x SOBRE MEDIA] hace=71r | avg=30r
2026-05-13 20:46:59 [INFO] main_v3 — [DISTANCIA 100x ELEVADA] hace=167r | avg=55r | z=2.2σ | presión=1.00
2026-05-13 20:46:59 [INFO] main_v3 — [PRE-SPIKE DETECTADO] Contexto similar a previo a 5x (n=26 muestras | avg_low=42.90%)
2026-05-13 20:46:59 [INFO] main_v3 — [PRE-SPIKE DETECTADO] Contexto similar a previo a 10x (n=11 muestras | avg_low=36.40%)
2026-05-13 20:46:59 [INFO] main_v3 — [PRE-SPIKE DETECTADO] Contexto similar a previo a 20x (n=6 muestras | avg_low=38.90%)
2026-05-13 20:47:13 [INFO] advanced_stats — [DISTANCIA 100x ELEVADA] hace=168r | avg=55r | z=2.3σ | presión=1.00
2026-05-13 20:47:13 [INFO] advanced_stats — [PRE-SPIKE DETECTADO] Contexto similar a previo a 5x (n=26 muestras | avg_low=42.90%)
2026-05-13 20:47:13 [INFO] advanced_stats — [PRE-SPIKE DETECTADO] Contexto similar a previo a 10x (n=11 muestras | avg_low=36.40%)
2026-05-13 20:47:13 [INFO] advanced_stats — [PRE-SPIKE DETECTADO] Contexto similar a previo a 20x (n=6 muestras | avg_low=38.90%)
2026-05-13 20:47:13 [DEBUG] entropy — [ENTROPÍA] score=0.397 label=estructurado structured=True dead=False
2026-05-13 20:47:13 [DEBUG] ml_clustering — [ML] contexto=neutral score=74 anomalía=0.799 similar=5 buffer=67
2026-05-13 20:47:13 [INFO] dual_engine — [DUAL ENGINE] mode=moon emit=True target=10.00x safe=25 hunter=75 moon=44 entropy=0.397
2026-05-13 20:47:13 [INFO] main_v3 — [20:47:13] 1.23x | mode=moon | safe=25 | hunter=75 | moon=44 | entropy=0.397 | comp=0.206 | tension=30
2026-05-13 20:47:13 [INFO] main_v3 — [MOON] target=10.0x score=44 | overdue_levels=[50, 100]
2026-05-13 20:47:13 [INFO] main_v3 — [ENTROPÍA] Entropía baja (0.397) con run-length=0.540. Posible compresión estadística activa.
2026-05-13 20:47:13 [INFO] main_v3 — [ANOMALÍA] Contexto: NEUTRAL (score=74) | Crash density 15r=40.00% | Compresión=0.206 | Entropía=0.397 | Anomalía=0.799
2026-05-13 20:47:13 [INFO] main_v3 — [DISTANCIA 50x SOBRE MEDIA] hace=72r | avg=30r
2026-05-13 20:47:13 [INFO] main_v3 — [DISTANCIA 100x ELEVADA] hace=168r | avg=55r | z=2.3σ | presión=1.00
2026-05-13 20:47:13 [INFO] main_v3 — [PRE-SPIKE DETECTADO] Contexto similar a previo a 5x (n=26 muestras | avg_low=42.90%)
2026-05-13 20:47:13 [INFO] main_v3 — [PRE-SPIKE DETECTADO] Contexto similar a previo a 10x (n=11 muestras | avg_low=36.40%)
2026-05-13 20:47:13 [INFO] main_v3 — [PRE-SPIKE DETECTADO] Contexto similar a previo a 20x (n=6 muestras | avg_low=38.90%)
2026-05-13 20:47:42 [INFO] analyzer — Anti-FOMO: spike 7.71x → bloqueando 3 rondas.
2026-05-13 20:47:42 [INFO] advanced_stats — [POST_SPIKE_COOLDOWN] 7.71x >= 5x → bloqueando 2 rondas
2026-05-13 20:47:42 [DEBUG] db_advanced — spike_distances: nivel=5x dist=5 val=7.71
2026-05-13 20:47:42 [DEBUG] db_advanced — pre_spike_context guardado: 7.71x (nivel=5x)
2026-05-13 20:47:42 [INFO] spike_tracker — [SPIKE] 7.71x >= 5x | distancia=5 rondas
2026-05-13 20:47:42 [INFO] advanced_stats — [DISTANCIA 100x ELEVADA] hace=169r | avg=55r | z=2.3σ | presión=1.00
2026-05-13 20:47:42 [INFO] advanced_stats — [PRE-SPIKE DETECTADO] Contexto similar a previo a 5x (n=27 muestras | avg_low=42.80%)
2026-05-13 20:47:42 [INFO] advanced_stats — [PRE-SPIKE DETECTADO] Contexto similar a previo a 10x (n=11 muestras | avg_low=36.40%)
2026-05-13 20:47:42 [INFO] advanced_stats — [PRE-SPIKE DETECTADO] Contexto similar a previo a 20x (n=6 muestras | avg_low=38.90%)
2026-05-13 20:47:42 [DEBUG] entropy — [ENTROPÍA] score=0.415 label=estructurado structured=True dead=False
2026-05-13 20:47:42 [DEBUG] ml_clustering — [ML] contexto=neutral score=74 anomalía=0.878 similar=5 buffer=68
2026-05-13 20:47:42 [INFO] dual_engine — [DUAL ENGINE] mode=none emit=False target=0.00x safe=38 hunter=71 moon=50 entropy=0.415
2026-05-13 20:47:42 [INFO] main_v3 — [20:47:42] 7.71x | mode=none | safe=38 | hunter=71 | moon=50 | entropy=0.415 | comp=0.181 | tension=23
2026-05-13 20:47:42 [INFO] main_v3 — [ENTROPÍA] Entropía baja (0.415) con run-length=0.540. Posible compresión estadística activa.
2026-05-13 20:47:42 [INFO] main_v3 — [ANOMALÍA] Contexto: NEUTRAL (score=74) | Crash density 15r=33.33% | Compresión=0.181 | Entropía=0.415 | Anomalía=0.878
2026-05-13 20:47:42 [INFO] main_v3 — [POST_SPIKE_COOLDOWN] Bloqueado 1 rondas tras 5x
2026-05-13 20:47:42 [INFO] main_v3 — [DISTANCIA 50x SOBRE MEDIA] hace=73r | avg=30r
2026-05-13 20:47:42 [INFO] main_v3 — [DISTANCIA 100x ELEVADA] hace=169r | avg=55r | z=2.3σ | presión=1.00
2026-05-13 20:47:42 [INFO] main_v3 — [PRE-SPIKE DETECTADO] Contexto similar a previo a 5x (n=27 muestras | avg_low=42.80%)
2026-05-13 20:47:42 [INFO] main_v3 — [PRE-SPIKE DETECTADO] Contexto similar a previo a 10x (n=11 muestras | avg_low=36.40%)
2026-05-13 20:47:42 [INFO] main_v3 — [PRE-SPIKE DETECTADO] Contexto similar a previo a 20x (n=6 muestras | avg_low=38.90%)
2026-05-13 20:47:52 [INFO] advanced_stats — [DISTANCIA 100x ELEVADA] hace=170r | avg=55r | z=2.3σ | presión=1.00
2026-05-13 20:47:52 [INFO] advanced_stats — [PRE-SPIKE DETECTADO] Contexto similar a previo a 5x (n=27 muestras | avg_low=42.80%)
2026-05-13 20:47:52 [INFO] advanced_stats — [PRE-SPIKE DETECTADO] Contexto similar a previo a 10x (n=11 muestras | avg_low=36.40%)
2026-05-13 20:47:52 [INFO] advanced_stats — [PRE-SPIKE DETECTADO] Contexto similar a previo a 20x (n=6 muestras | avg_low=38.90%)
2026-05-13 20:47:52 [DEBUG] entropy — [ENTROPÍA] score=0.415 label=estructurado structured=True dead=False
2026-05-13 20:47:52 [DEBUG] ml_clustering — [ML] contexto=neutral score=74 anomalía=0.801 similar=6 buffer=69
2026-05-13 20:47:52 [INFO] dual_engine — [DUAL ENGINE] mode=moon emit=True target=10.00x safe=36 hunter=74 moon=50 entropy=0.415
2026-05-13 20:47:52 [INFO] main_v3 — [20:47:52] 1.07x | mode=moon | safe=36 | hunter=74 | moon=50 | entropy=0.415 | comp=0.278 | tension=27
2026-05-13 20:47:52 [INFO] main_v3 — [MOON] target=10.0x score=50 | overdue_levels=[50, 100]
2026-05-13 20:47:52 [INFO] main_v3 — [ENTROPÍA] Entropía baja (0.415) con run-length=0.540. Posible compresión estadística activa.
2026-05-13 20:47:52 [INFO] main_v3 — [ANOMALÍA] Contexto: NEUTRAL (score=74) | Crash density 15r=33.33% | Compresión=0.278 | Entropía=0.415 | Anomalía=0.801
2026-05-13 20:47:52 [INFO] main_v3 — [DISTANCIA 50x SOBRE MEDIA] hace=74r | avg=30r
2026-05-13 20:47:52 [INFO] main_v3 — [DISTANCIA 100x ELEVADA] hace=170r | avg=55r | z=2.3σ | presión=1.00
2026-05-13 20:47:52 [INFO] main_v3 — [PRE-SPIKE DETECTADO] Contexto similar a previo a 5x (n=27 muestras | avg_low=42.80%)
2026-05-13 20:47:52 [INFO] main_v3 — [PRE-SPIKE DETECTADO] Contexto similar a previo a 10x (n=11 muestras | avg_low=36.40%)
2026-05-13 20:47:52 [INFO] main_v3 — [PRE-SPIKE DETECTADO] Contexto similar a previo a 20x (n=6 muestras | avg_low=38.90%)
2026-05-13 20:48:06 [INFO] advanced_stats — [DISTANCIA 100x ELEVADA] hace=171r | avg=55r | z=2.3σ | presión=1.00
2026-05-13 20:48:06 [INFO] advanced_stats — [PRE-SPIKE DETECTADO] Contexto similar a previo a 5x (n=27 muestras | avg_low=42.80%)
2026-05-13 20:48:06 [INFO] advanced_stats — [PRE-SPIKE DETECTADO] Contexto similar a previo a 10x (n=11 muestras | avg_low=36.40%)
2026-05-13 20:48:06 [INFO] advanced_stats — [PRE-SPIKE DETECTADO] Contexto similar a previo a 20x (n=6 muestras | avg_low=38.90%)
2026-05-13 20:48:06 [DEBUG] entropy — [ENTROPÍA] score=0.415 label=estructurado structured=True dead=False
2026-05-13 20:48:06 [DEBUG] ml_clustering — [CLUSTERING] Modelos re-entrenados con 70 muestras
2026-05-13 20:48:06 [DEBUG] ml_clustering — [ML] contexto=neutral score=74 anomalía=0.800 similar=7 buffer=70
2026-05-13 20:48:06 [INFO] dual_engine — [DUAL ENGINE] mode=moon emit=True target=10.00x safe=36 hunter=74 moon=50 entropy=0.415
2026-05-13 20:48:06 [INFO] main_v3 — [20:48:06] 1.44x | mode=moon | safe=36 | hunter=74 | moon=50 | entropy=0.415 | comp=0.278 | tension=28
2026-05-13 20:48:06 [INFO] main_v3 — [MOON] target=10.0x score=50 | overdue_levels=[50, 100]
2026-05-13 20:48:06 [INFO] main_v3 — [ENTROPÍA] Entropía baja (0.415) con run-length=0.540. Posible compresión estadística activa.
2026-05-13 20:48:06 [INFO] main_v3 — [ANOMALÍA] Contexto: NEUTRAL (score=74) | Crash density 15r=33.33% | Compresión=0.278 | Entropía=0.415 | Anomalía=0.800
2026-05-13 20:48:06 [INFO] main_v3 — [DISTANCIA 50x SOBRE MEDIA] hace=75r | avg=30r
2026-05-13 20:48:06 [INFO] main_v3 — [DISTANCIA 100x ELEVADA] hace=171r | avg=55r | z=2.3σ | presión=1.00
2026-05-13 20:48:06 [INFO] main_v3 — [PRE-SPIKE DETECTADO] Contexto similar a previo a 5x (n=27 muestras | avg_low=42.80%)
2026-05-13 20:48:06 [INFO] main_v3 — [PRE-SPIKE DETECTADO] Contexto similar a previo a 10x (n=11 muestras | avg_low=36.40%)
2026-05-13 20:48:06 [INFO] main_v3 — [PRE-SPIKE DETECTADO] Contexto similar a previo a 20x (n=6 muestras | avg_low=38.90%)
2026-05-13 20:48:26 [INFO] advanced_stats — [DISTANCIA 100x ELEVADA] hace=172r | avg=55r | z=2.3σ | presión=1.00
2026-05-13 20:48:26 [INFO] advanced_stats — [PRE-SPIKE DETECTADO] Contexto similar a previo a 5x (n=27 muestras | avg_low=42.80%)
2026-05-13 20:48:26 [INFO] advanced_stats — [PRE-SPIKE DETECTADO] Contexto similar a previo a 10x (n=11 muestras | avg_low=36.40%)
2026-05-13 20:48:26 [INFO] advanced_stats — [PRE-SPIKE DETECTADO] Contexto similar a previo a 20x (n=6 muestras | avg_low=38.90%)
2026-05-13 20:48:26 [DEBUG] entropy — [ENTROPÍA] score=0.415 label=estructurado structured=True dead=False
2026-05-13 20:48:26 [DEBUG] ml_clustering — [ML] contexto=neutral score=74 anomalía=0.116 similar=8 buffer=71
2026-05-13 20:48:26 [INFO] dual_engine — [DUAL ENGINE] mode=moon emit=True target=10.00x safe=28 hunter=72 moon=54 entropy=0.415
2026-05-13 20:48:26 [INFO] main_v3 — [20:48:26] 3.36x | mode=moon | safe=28 | hunter=72 | moon=54 | entropy=0.415 | comp=0.278 | tension=29
2026-05-13 20:48:26 [INFO] main_v3 — [MOON] target=10.0x score=54 | overdue_levels=[50, 100]
2026-05-13 20:48:26 [INFO] main_v3 — [ENTROPÍA] Entropía baja (0.415) con run-length=0.520. Posible compresión estadística activa.
2026-05-13 20:48:26 [INFO] main_v3 — [DISTANCIA 50x SOBRE MEDIA] hace=76r | avg=30r
2026-05-13 20:48:26 [INFO] main_v3 — [DISTANCIA 100x ELEVADA] hace=172r | avg=55r | z=2.3σ | presión=1.00
2026-05-13 20:48:26 [INFO] main_v3 — [PRE-SPIKE DETECTADO] Contexto similar a previo a 5x (n=27 muestras | avg_low=42.80%)
2026-05-13 20:48:26 [INFO] main_v3 — [PRE-SPIKE DETECTADO] Contexto similar a previo a 10x (n=11 muestras | avg_low=36.40%)
2026-05-13 20:48:26 [INFO] main_v3 — [PRE-SPIKE DETECTADO] Contexto similar a previo a 20x (n=6 muestras | avg_low=38.90%)
2026-05-13 20:48:39 [INFO] advanced_stats — [DISTANCIA 100x ELEVADA] hace=173r | avg=55r | z=2.4σ | presión=1.00
2026-05-13 20:48:39 [INFO] advanced_stats — [PRE-SPIKE DETECTADO] Contexto similar a previo a 5x (n=27 muestras | avg_low=42.80%)
2026-05-13 20:48:39 [INFO] advanced_stats — [PRE-SPIKE DETECTADO] Contexto similar a previo a 10x (n=11 muestras | avg_low=36.40%)
2026-05-13 20:48:39 [INFO] advanced_stats — [PRE-SPIKE DETECTADO] Contexto similar a previo a 20x (n=6 muestras | avg_low=38.90%)
2026-05-13 20:48:39 [DEBUG] entropy — [ENTROPÍA] score=0.415 label=estructurado structured=True dead=False
2026-05-13 20:48:39 [DEBUG] ml_clustering — [ML] contexto=neutral score=73 anomalía=0.245 similar=11 buffer=72
2026-05-13 20:48:39 [INFO] dual_engine — [DUAL ENGINE] mode=moon emit=True target=10.00x safe=21 hunter=74 moon=42 entropy=0.415
2026-05-13 20:48:39 [INFO] main_v3 — [20:48:39] 1.47x | mode=moon | safe=21 | hunter=74 | moon=42 | entropy=0.415 | comp=0.303 | tension=37
2026-05-13 20:48:39 [INFO] main_v3 — [MOON] target=10.0x score=42 | tensión=37 | overdue_levels=[50, 100]
2026-05-13 20:48:39 [INFO] main_v3 — [ENTROPÍA] Entropía baja (0.415) con run-length=0.500. Posible compresión estadística activa.
2026-05-13 20:48:39 [INFO] main_v3 — [DISTANCIA 50x SOBRE MEDIA] hace=77r | avg=30r
2026-05-13 20:48:39 [INFO] main_v3 — [DISTANCIA 100x ELEVADA] hace=173r | avg=55r | z=2.4σ | presión=1.00
2026-05-13 20:48:39 [INFO] main_v3 — [PRE-SPIKE DETECTADO] Contexto similar a previo a 5x (n=27 muestras | avg_low=42.80%)
2026-05-13 20:48:39 [INFO] main_v3 — [PRE-SPIKE DETECTADO] Contexto similar a previo a 10x (n=11 muestras | avg_low=36.40%)
2026-05-13 20:48:39 [INFO] main_v3 — [PRE-SPIKE DETECTADO] Contexto similar a previo a 20x (n=6 muestras | avg_low=38.90%)
2026-05-13 20:48:49 [INFO] advanced_stats — [DISTANCIA 100x ELEVADA] hace=174r | avg=55r | z=2.4σ | presión=1.00
2026-05-13 20:48:49 [INFO] advanced_stats — [PRE-SPIKE DETECTADO] Contexto similar a previo a 5x (n=27 muestras | avg_low=42.80%)
2026-05-13 20:48:49 [INFO] advanced_stats — [PRE-SPIKE DETECTADO] Contexto similar a previo a 10x (n=11 muestras | avg_low=36.40%)
2026-05-13 20:48:49 [INFO] advanced_stats — [PRE-SPIKE DETECTADO] Contexto similar a previo a 20x (n=6 muestras | avg_low=38.90%)
2026-05-13 20:48:50 [DEBUG] entropy — [ENTROPÍA] score=0.415 label=estructurado structured=True dead=False
2026-05-13 20:48:50 [DEBUG] ml_clustering — [ML] contexto=neutral score=73 anomalía=0.295 similar=10 buffer=73
2026-05-13 20:48:50 [INFO] dual_engine — [DUAL ENGINE] mode=moon emit=True target=10.00x safe=23 hunter=77 moon=42 entropy=0.415
2026-05-13 20:48:50 [INFO] main_v3 — [20:48:49] 1.00x | mode=moon | safe=23 | hunter=77 | moon=42 | entropy=0.415 | comp=0.399 | tension=42
2026-05-13 20:48:50 [INFO] main_v3 — [MOON] target=10.0x score=42 | tensión=42 | overdue_levels=[50, 100]
2026-05-13 20:48:50 [INFO] main_v3 — [ENTROPÍA] Entropía baja (0.415) con run-length=0.520. Posible compresión estadística activa.
2026-05-13 20:48:50 [INFO] main_v3 — [DISTANCIA 50x SOBRE MEDIA] hace=78r | avg=30r
2026-05-13 20:48:50 [INFO] main_v3 — [DISTANCIA 100x ELEVADA] hace=174r | avg=55r | z=2.4σ | presión=1.00
2026-05-13 20:48:50 [INFO] main_v3 — [PRE-SPIKE DETECTADO] Contexto similar a previo a 5x (n=27 muestras | avg_low=42.80%)
2026-05-13 20:48:50 [INFO] main_v3 — [PRE-SPIKE DETECTADO] Contexto similar a previo a 10x (n=11 muestras | avg_low=36.40%)
2026-05-13 20:48:50 [INFO] main_v3 — [PRE-SPIKE DETECTADO] Contexto similar a previo a 20x (n=6 muestras | avg_low=38.90%)
2026-05-13 20:49:00 [INFO] advanced_stats — [COMPRESIÓN] COMPRESIÓN ALTA | score=0.56 | ultra_low=4/10 | racha=2
2026-05-13 20:49:00 [INFO] advanced_stats — [DISTANCIA 100x ELEVADA] hace=175r | avg=55r | z=2.4σ | presión=1.00
2026-05-13 20:49:00 [INFO] advanced_stats — [PRE-SPIKE DETECTADO] Contexto similar a previo a 5x (n=27 muestras | avg_low=42.80%)
2026-05-13 20:49:00 [INFO] advanced_stats — [PRE-SPIKE DETECTADO] Contexto similar a previo a 10x (n=11 muestras | avg_low=36.40%)
2026-05-13 20:49:00 [INFO] advanced_stats — [PRE-SPIKE DETECTADO] Contexto similar a previo a 20x (n=6 muestras | avg_low=38.90%)
2026-05-13 20:49:00 [DEBUG] entropy — [ENTROPÍA] score=0.415 label=estructurado structured=True dead=False
2026-05-13 20:49:00 [DEBUG] ml_clustering — [ML] contexto=neutral score=72 anomalía=0.377 similar=1 buffer=74
2026-05-13 20:49:00 [INFO] dual_engine — [DUAL ENGINE] mode=moon emit=True target=10.00x safe=15 hunter=73 moon=41 entropy=0.415
2026-05-13 20:49:00 [INFO] main_v3 — [20:49:00] 1.10x | mode=moon | safe=15 | hunter=73 | moon=41 | entropy=0.415 | comp=0.556 | tension=50
2026-05-13 20:49:00 [INFO] main_v3 — [MOON] target=10.0x score=41 | compresión=0.56 | tensión=50 | overdue_levels=[50, 100]
2026-05-13 20:49:00 [INFO] main_v3 — [ENTROPÍA] Entropía baja (0.415) con run-length=0.520. Posible compresión estadística activa.
2026-05-13 20:49:00 [INFO] main_v3 — [COMPRESIÓN ALTA] score=0.56 ultra_low=4/10 racha_max=2
2026-05-13 20:49:00 [INFO] main_v3 — [DISTANCIA 50x SOBRE MEDIA] hace=79r | avg=30r
2026-05-13 20:49:00 [INFO] main_v3 — [DISTANCIA 100x ELEVADA] hace=175r | avg=55r | z=2.4σ | presión=1.00
2026-05-13 20:49:00 [INFO] main_v3 — [PRE-SPIKE DETECTADO] Contexto similar a previo a 5x (n=27 muestras | avg_low=42.80%)
2026-05-13 20:49:00 [INFO] main_v3 — [PRE-SPIKE DETECTADO] Contexto similar a previo a 10x (n=11 muestras | avg_low=36.40%)
2026-05-13 20:49:00 [INFO] main_v3 — [PRE-SPIKE DETECTADO] Contexto similar a previo a 20x (n=6 muestras | avg_low=38.90%)
2026-05-13 20:49:00 [INFO] db_advanced — [COMPRESIÓN GUARDADA] id=23 score=0.56 label=COMPRESIÓN ALTA
2026-05-13 20:49:22 [INFO] advanced_stats — [COMPRESIÓN] COMPRESIÓN ALTA | score=0.56 | ultra_low=4/10 | racha=2
2026-05-13 20:49:22 [INFO] advanced_stats — [DISTANCIA 100x ELEVADA] hace=176r | avg=55r | z=2.4σ | presión=1.00
2026-05-13 20:49:22 [INFO] advanced_stats — [PRE-SPIKE DETECTADO] Contexto similar a previo a 5x (n=27 muestras | avg_low=42.80%)
2026-05-13 20:49:22 [INFO] advanced_stats — [PRE-SPIKE DETECTADO] Contexto similar a previo a 10x (n=11 muestras | avg_low=36.40%)
2026-05-13 20:49:22 [INFO] advanced_stats — [PRE-SPIKE DETECTADO] Contexto similar a previo a 20x (n=6 muestras | avg_low=38.90%)
2026-05-13 20:49:22 [DEBUG] entropy — [ENTROPÍA] score=0.412 label=estructurado structured=True dead=False
2026-05-13 20:49:22 [DEBUG] ml_clustering — [ML] contexto=neutral score=73 anomalía=0.408 similar=2 buffer=75
2026-05-13 20:49:22 [INFO] dual_engine — [DUAL ENGINE] mode=moon emit=True target=10.00x safe=23 hunter=80 moon=42 entropy=0.412
2026-05-13 20:49:22 [INFO] main_v3 — [20:49:22] 3.99x | mode=moon | safe=23 | hunter=80 | moon=42 | entropy=0.412 | comp=0.556 | tension=52
2026-05-13 20:49:22 [INFO] main_v3 — [MOON] target=10.0x score=42 | compresión=0.56 | tensión=52 | overdue_levels=[50, 100]
2026-05-13 20:49:22 [INFO] main_v3 — [ENTROPÍA] Entropía baja (0.412) con run-length=0.520. Posible compresión estadística activa.
2026-05-13 20:49:22 [INFO] main_v3 — [COMPRESIÓN ALTA] score=0.56 ultra_low=4/10 racha_max=2
2026-05-13 20:49:22 [INFO] main_v3 — [DISTANCIA 50x SOBRE MEDIA] hace=80r | avg=30r
2026-05-13 20:49:22 [INFO] main_v3 — [DISTANCIA 100x ELEVADA] hace=176r | avg=55r | z=2.4σ | presión=1.00
2026-05-13 20:49:22 [INFO] main_v3 — [PRE-SPIKE DETECTADO] Contexto similar a previo a 5x (n=27 muestras | avg_low=42.80%)
2026-05-13 20:49:22 [INFO] main_v3 — [PRE-SPIKE DETECTADO] Contexto similar a previo a 10x (n=11 muestras | avg_low=36.40%)
2026-05-13 20:49:22 [INFO] main_v3 — [PRE-SPIKE DETECTADO] Contexto similar a previo a 20x (n=6 muestras | avg_low=38.90%)
2026-05-13 20:49:22 [INFO] db_advanced — [COMPRESIÓN GUARDADA] id=24 score=0.56 label=COMPRESIÓN ALTA
2026-05-13 20:49:36 [INFO] advanced_stats — [COMPRESIÓN] COMPRESIÓN ALTA | score=0.65 | ultra_low=5/10 | racha=2
2026-05-13 20:49:36 [INFO] advanced_stats — [DISTANCIA 50x ELEVADA] hace=81r | avg=30r | z=2.0σ | presión=1.00
2026-05-13 20:49:36 [INFO] advanced_stats — [DISTANCIA 100x ELEVADA] hace=177r | avg=55r | z=2.4σ | presión=1.00
2026-05-13 20:49:36 [INFO] advanced_stats — [PRE-SPIKE DETECTADO] Contexto similar a previo a 5x (n=27 muestras | avg_low=42.80%)
2026-05-13 20:49:36 [INFO] advanced_stats — [PRE-SPIKE DETECTADO] Contexto similar a previo a 10x (n=11 muestras | avg_low=36.40%)
2026-05-13 20:49:36 [INFO] advanced_stats — [PRE-SPIKE DETECTADO] Contexto similar a previo a 20x (n=6 muestras | avg_low=38.90%)
2026-05-13 20:49:36 [DEBUG] entropy — [ENTROPÍA] score=0.412 label=estructurado structured=True dead=False
2026-05-13 20:49:36 [DEBUG] ml_clustering — [ML] contexto=neutral score=72 anomalía=0.433 similar=2 buffer=76
2026-05-13 20:49:36 [INFO] dual_engine — [DUAL ENGINE] mode=moon emit=True target=1000.00x safe=19 hunter=84 moon=77 entropy=0.412
2026-05-13 20:49:36 [INFO] main_v3 — [20:49:36] 1.15x | mode=moon | safe=19 | hunter=84 | moon=77 | entropy=0.412 | comp=0.652 | tension=57
2026-05-13 20:49:36 [INFO] main_v3 — [MOON] target=1000.0x score=77 | compresión=0.65 | tensión=57 | overdue_levels=[5, 8, 20, 50, 100]
2026-05-13 20:49:36 [INFO] main_v3 — [ENTROPÍA] Entropía baja (0.412) con run-length=0.520. Posible compresión estadística activa.
2026-05-13 20:49:36 [INFO] main_v3 — [COMPRESIÓN ALTA] score=0.65 ultra_low=5/10 racha_max=2
2026-05-13 20:49:36 [INFO] main_v3 — [DISTANCIA 5x SOBRE MEDIA] hace=8r | avg=4r
2026-05-13 20:49:36 [INFO] main_v3 — [DISTANCIA 8x SOBRE MEDIA] hace=14r | avg=7r
2026-05-13 20:49:36 [INFO] main_v3 — [DISTANCIA 20x SOBRE MEDIA] hace=34r | avg=18r
2026-05-13 20:49:36 [INFO] main_v3 — [DISTANCIA 50x ELEVADA] hace=81r | avg=30r | z=2.0σ | presión=1.00
2026-05-13 20:49:36 [INFO] main_v3 — [DISTANCIA 100x ELEVADA] hace=177r | avg=55r | z=2.4σ | presión=1.00
2026-05-13 20:49:36 [INFO] main_v3 — [PRE-SPIKE DETECTADO] Contexto similar a previo a 5x (n=27 muestras | avg_low=42.80%)
2026-05-13 20:49:36 [INFO] main_v3 — [PRE-SPIKE DETECTADO] Contexto similar a previo a 10x (n=11 muestras | avg_low=36.40%)
2026-05-13 20:49:36 [INFO] main_v3 — [PRE-SPIKE DETECTADO] Contexto similar a previo a 20x (n=6 muestras | avg_low=38.90%)
2026-05-13 20:49:36 [INFO] db_advanced — [COMPRESIÓN GUARDADA] id=25 score=0.65 label=COMPRESIÓN ALTA
2026-05-13 20:49:46 [INFO] advanced_stats — [COMPRESIÓN] COMPRESIÓN ALTA | score=0.58 | ultra_low=4/10 | racha=2
2026-05-13 20:49:46 [INFO] advanced_stats — [DISTANCIA 50x ELEVADA] hace=82r | avg=30r | z=2.1σ | presión=1.00
2026-05-13 20:49:46 [INFO] advanced_stats — [DISTANCIA 100x ELEVADA] hace=178r | avg=55r | z=2.5σ | presión=1.00
2026-05-13 20:49:46 [INFO] advanced_stats — [PRE-SPIKE DETECTADO] Contexto similar a previo a 5x (n=27 muestras | avg_low=42.80%)
2026-05-13 20:49:46 [INFO] advanced_stats — [PRE-SPIKE DETECTADO] Contexto similar a previo a 20x (n=6 muestras | avg_low=38.90%)
2026-05-13 20:49:46 [DEBUG] entropy — [ENTROPÍA] score=0.372 label=estructurado structured=True dead=False
2026-05-13 20:49:46 [DEBUG] ml_clustering — [ML] contexto=neutral score=73 anomalía=0.331 similar=8 buffer=77
2026-05-13 20:49:46 [INFO] dual_engine — [DUAL ENGINE] mode=moon emit=True target=10.00x safe=27 hunter=66 moon=39 entropy=0.372
2026-05-13 20:49:46 [INFO] main_v3 — [20:49:46] 1.42x | mode=moon | safe=27 | hunter=66 | moon=39 | entropy=0.372 | comp=0.581 | tension=57
2026-05-13 20:49:46 [INFO] main_v3 — [MOON] target=10.0x score=39 | compresión=0.58 | tensión=57 | overdue_levels=[5, 8, 20, 50, 100]
2026-05-13 20:49:46 [INFO] main_v3 — [ENTROPÍA] Entropía baja (0.372) con run-length=0.540. Posible compresión estadística activa.
2026-05-13 20:49:46 [INFO] main_v3 — [COMPRESIÓN ALTA] score=0.58 ultra_low=4/10 racha_max=2
2026-05-13 20:49:46 [INFO] main_v3 — [DISTANCIA 5x SOBRE MEDIA] hace=9r | avg=4r
2026-05-13 20:49:46 [INFO] main_v3 — [DISTANCIA 8x SOBRE MEDIA] hace=15r | avg=7r
2026-05-13 20:49:46 [INFO] main_v3 — [DISTANCIA 20x SOBRE MEDIA] hace=35r | avg=18r
2026-05-13 20:49:46 [INFO] main_v3 — [DISTANCIA 50x ELEVADA] hace=82r | avg=30r | z=2.1σ | presión=1.00
2026-05-13 20:49:46 [INFO] main_v3 — [DISTANCIA 100x ELEVADA] hace=178r | avg=55r | z=2.5σ | presión=1.00
2026-05-13 20:49:46 [INFO] main_v3 — [PRE-SPIKE DETECTADO] Contexto similar a previo a 5x (n=27 muestras | avg_low=42.80%)
2026-05-13 20:49:46 [INFO] main_v3 — [PRE-SPIKE DETECTADO] Contexto similar a previo a 20x (n=6 muestras | avg_low=38.90%)
2026-05-13 20:49:46 [INFO] db_advanced — [COMPRESIÓN GUARDADA] id=26 score=0.58 label=COMPRESIÓN ALTA
2026-05-13 20:49:47 [INFO] db_v2 — [DUAL SIGNAL] id=12 mode=moon target=10.00x conf=32%
2026-05-13 20:49:48 [INFO] main_v3 — ✅ Señal #12 emitida | mode=moon target=10.0x conf=32% safe=27 hunter=66 moon=39
2026-05-13 20:49:58 [INFO] main_v3 — ❌ Dual señal #12 (moon 10.0x) → 1.29x en 1 ronda
2026-05-13 20:49:58 [INFO] advanced_stats — [COMPRESIÓN] COMPRESIÓN ALTA | score=0.68 | ultra_low=5/10 | racha=2
2026-05-13 20:49:58 [INFO] advanced_stats — [DISTANCIA 50x ELEVADA] hace=83r | avg=30r | z=2.1σ | presión=1.00
2026-05-13 20:49:58 [INFO] advanced_stats — [DISTANCIA 100x ELEVADA] hace=179r | avg=55r | z=2.5σ | presión=1.00
2026-05-13 20:49:58 [INFO] advanced_stats — [TENSIÓN ALTA] tension_index=62.3 | TENSIÓN ALTA
2026-05-13 20:49:58 [DEBUG] entropy — [ENTROPÍA] score=0.372 label=estructurado structured=True dead=False
2026-05-13 20:49:58 [DEBUG] ml_clustering — [ML] contexto=neutral score=72 anomalía=0.350 similar=6 buffer=78
2026-05-13 20:49:58 [INFO] dual_engine — [DUAL ENGINE] mode=none emit=False target=0.00x safe=23 hunter=42 moon=41 entropy=0.372
2026-05-13 20:49:58 [INFO] main_v3 — [20:49:57] 1.29x | mode=none | safe=23 | hunter=42 | moon=41 | entropy=0.372 | comp=0.677 | tension=62
2026-05-13 20:49:58 [INFO] main_v3 — [ENTROPÍA] Entropía baja (0.372) con run-length=0.540. Posible compresión estadística activa.
2026-05-13 20:49:58 [INFO] main_v3 — [COMPRESIÓN ALTA] score=0.68 ultra_low=5/10 racha_max=2
2026-05-13 20:49:58 [INFO] main_v3 — [DISTANCIA 5x SOBRE MEDIA] hace=10r | avg=4r
2026-05-13 20:49:58 [INFO] main_v3 — [DISTANCIA 8x SOBRE MEDIA] hace=16r | avg=7r
2026-05-13 20:49:58 [INFO] main_v3 — [DISTANCIA 20x SOBRE MEDIA] hace=36r | avg=18r
2026-05-13 20:49:58 [INFO] main_v3 — [DISTANCIA 50x ELEVADA] hace=83r | avg=30r | z=2.1σ | presión=1.00
2026-05-13 20:49:58 [INFO] main_v3 — [DISTANCIA 100x ELEVADA] hace=179r | avg=55r | z=2.5σ | presión=1.00
2026-05-13 20:49:58 [INFO] main_v3 — [TENSIÓN ALTA] tension_index=62.3 | TENSIÓN ALTA
2026-05-13 20:49:58 [INFO] main_v3 — [COMPRESIÓN ALTA]
2026-05-13 20:49:58 [INFO] main_v3 — [DISTANCIA 50x/100x ELEVADA]
2026-05-13 20:49:58 [INFO] main_v3 — [TENSIÓN ALTA]
2026-05-13 20:49:58 [INFO] db_advanced — [COMPRESIÓN GUARDADA] id=27 score=0.68 label=COMPRESIÓN ALTA
2026-05-13 20:50:18 [INFO] advanced_stats — [COMPRESIÓN] COMPRESIÓN ALTA | score=0.58 | ultra_low=4/10 | racha=2
2026-05-13 20:50:18 [INFO] advanced_stats — [DISTANCIA 50x ELEVADA] hace=84r | avg=30r | z=2.2σ | presión=1.00
2026-05-13 20:50:18 [INFO] advanced_stats — [DISTANCIA 100x ELEVADA] hace=180r | avg=55r | z=2.5σ | presión=1.00
2026-05-13 20:50:18 [INFO] advanced_stats — [TENSIÓN ALTA] tension_index=61.1 | TENSIÓN ALTA
2026-05-13 20:50:18 [DEBUG] entropy — [ENTROPÍA] score=0.372 label=estructurado structured=True dead=False
2026-05-13 20:50:18 [DEBUG] ml_clustering — [ML] contexto=neutral score=72 anomalía=0.353 similar=5 buffer=79
2026-05-13 20:50:18 [INFO] dual_engine — [DUAL ENGINE] mode=none emit=False target=0.00x safe=27 hunter=40 moon=25 entropy=0.372
2026-05-13 20:50:18 [INFO] main_v3 — [20:50:18] 2.75x | mode=none | safe=27 | hunter=40 | moon=25 | entropy=0.372 | comp=0.581 | tension=61
2026-05-13 20:50:18 [INFO] main_v3 — [ENTROPÍA] Entropía baja (0.372) con run-length=0.520. Posible compresión estadística activa.
2026-05-13 20:50:18 [INFO] main_v3 — [COMPRESIÓN ALTA] score=0.58 ultra_low=4/10 racha_max=2
2026-05-13 20:50:18 [INFO] main_v3 — [DISTANCIA 5x SOBRE MEDIA] hace=11r | avg=4r
2026-05-13 20:50:18 [INFO] main_v3 — [DISTANCIA 8x SOBRE MEDIA] hace=17r | avg=7r
2026-05-13 20:50:18 [INFO] main_v3 — [DISTANCIA 20x SOBRE MEDIA] hace=37r | avg=18r
2026-05-13 20:50:18 [INFO] main_v3 — [DISTANCIA 50x ELEVADA] hace=84r | avg=30r | z=2.2σ | presión=1.00
2026-05-13 20:50:18 [INFO] main_v3 — [DISTANCIA 100x ELEVADA] hace=180r | avg=55r | z=2.5σ | presión=1.00
2026-05-13 20:50:18 [INFO] main_v3 — [TENSIÓN ALTA] tension_index=61.1 | TENSIÓN ALTA
2026-05-13 20:50:18 [INFO] main_v3 — [COMPRESIÓN ALTA]
2026-05-13 20:50:18 [INFO] main_v3 — [DISTANCIA 50x/100x ELEVADA]
2026-05-13 20:50:18 [INFO] main_v3 — [TENSIÓN ALTA]
2026-05-13 20:50:18 [INFO] db_advanced — [COMPRESIÓN GUARDADA] id=28 score=0.58 label=COMPRESIÓN ALTA
2026-05-13 20:50:28 [INFO] advanced_stats — [COMPRESIÓN] COMPRESIÓN ALTA | score=0.65 | ultra_low=5/10 | racha=2
2026-05-13 20:50:28 [INFO] advanced_stats — [DISTANCIA 5x ELEVADA] hace=12r | avg=4r | z=2.3σ | presión=1.00
2026-05-13 20:50:28 [INFO] advanced_stats — [DISTANCIA 50x ELEVADA] hace=85r | avg=30r | z=2.2σ | presión=1.00
2026-05-13 20:50:28 [INFO] advanced_stats — [DISTANCIA 100x ELEVADA] hace=181r | avg=55r | z=2.5σ | presión=1.00
2026-05-13 20:50:28 [INFO] advanced_stats — [TENSIÓN ALTA] tension_index=65.0 | TENSIÓN ALTA
2026-05-13 20:50:28 [DEBUG] entropy — [ENTROPÍA] score=0.372 label=estructurado structured=True dead=False
2026-05-13 20:50:28 [DEBUG] ml_clustering — [ML] contexto=neutral score=71 anomalía=0.376 similar=4 buffer=80
2026-05-13 20:50:28 [INFO] dual_engine — [DUAL ENGINE] mode=none emit=False target=0.00x safe=27 hunter=42 moon=40 entropy=0.372
2026-05-13 20:50:28 [INFO] main_v3 — [20:50:28] 1.20x | mode=none | safe=27 | hunter=42 | moon=40 | entropy=0.372 | comp=0.652 | tension=65
2026-05-13 20:50:28 [INFO] main_v3 — [ENTROPÍA] Entropía baja (0.372) con run-length=0.500. Posible compresión estadística activa.
2026-05-13 20:50:28 [INFO] main_v3 — [COMPRESIÓN ALTA] score=0.65 ultra_low=5/10 racha_max=2
2026-05-13 20:50:28 [INFO] main_v3 — [DISTANCIA 5x ELEVADA] hace=12r | avg=4r | z=2.3σ | presión=1.00
2026-05-13 20:50:28 [INFO] main_v3 — [DISTANCIA 8x SOBRE MEDIA] hace=18r | avg=7r
2026-05-13 20:50:28 [INFO] main_v3 — [DISTANCIA 20x SOBRE MEDIA] hace=38r | avg=18r
2026-05-13 20:50:28 [INFO] main_v3 — [DISTANCIA 50x ELEVADA] hace=85r | avg=30r | z=2.2σ | presión=1.00
2026-05-13 20:50:28 [INFO] main_v3 — [DISTANCIA 100x ELEVADA] hace=181r | avg=55r | z=2.5σ | presión=1.00
2026-05-13 20:50:28 [INFO] main_v3 — [TENSIÓN ALTA] tension_index=65.0 | TENSIÓN ALTA
2026-05-13 20:50:28 [INFO] main_v3 — [COMPRESIÓN ALTA]
2026-05-13 20:50:28 [INFO] main_v3 — [DISTANCIA 5x/50x/100x ELEVADA]
2026-05-13 20:50:28 [INFO] main_v3 — [TENSIÓN ALTA]
2026-05-13 20:50:28 [INFO] db_advanced — [COMPRESIÓN GUARDADA] id=29 score=0.65 label=COMPRESIÓN ALTA
2026-05-13 20:50:47 [INFO] advanced_stats — [COMPRESIÓN] COMPRESIÓN ALTA | score=0.65 | ultra_low=5/10 | racha=2
2026-05-13 20:50:47 [INFO] advanced_stats — [DISTANCIA 5x ELEVADA] hace=13r | avg=4r | z=2.6σ | presión=1.00
2026-05-13 20:50:47 [INFO] advanced_stats — [DISTANCIA 50x ELEVADA] hace=86r | avg=30r | z=2.2σ | presión=1.00
2026-05-13 20:50:47 [INFO] advanced_stats — [DISTANCIA 100x ELEVADA] hace=182r | avg=55r | z=2.5σ | presión=1.00
2026-05-13 20:50:47 [INFO] advanced_stats — [TENSIÓN ALTA] tension_index=66.5 | TENSIÓN ALTA
2026-05-13 20:50:47 [DEBUG] entropy — [ENTROPÍA] score=0.372 label=estructurado structured=True dead=False
2026-05-13 20:50:47 [DEBUG] ml_clustering — [ML] contexto=neutral score=71 anomalía=0.364 similar=7 buffer=81
2026-05-13 20:50:47 [INFO] dual_engine — [DUAL ENGINE] mode=none emit=False target=0.00x safe=28 hunter=42 moon=40 entropy=0.372
2026-05-13 20:50:47 [INFO] main_v3 — [20:50:47] 2.16x | mode=none | safe=28 | hunter=42 | moon=40 | entropy=0.372 | comp=0.652 | tension=66
2026-05-13 20:50:47 [INFO] main_v3 — [ENTROPÍA] Entropía baja (0.372) con run-length=0.480. Posible compresión estadística activa.
2026-05-13 20:50:47 [INFO] main_v3 — [COMPRESIÓN ALTA] score=0.65 ultra_low=5/10 racha_max=2
2026-05-13 20:50:47 [INFO] main_v3 — [DISTANCIA 5x ELEVADA] hace=13r | avg=4r | z=2.6σ | presión=1.00
2026-05-13 20:50:47 [INFO] main_v3 — [DISTANCIA 8x SOBRE MEDIA] hace=19r | avg=7r
2026-05-13 20:50:47 [INFO] main_v3 — [DISTANCIA 20x SOBRE MEDIA] hace=39r | avg=18r
2026-05-13 20:50:47 [INFO] main_v3 — [DISTANCIA 50x ELEVADA] hace=86r | avg=30r | z=2.2σ | presión=1.00
2026-05-13 20:50:47 [INFO] main_v3 — [DISTANCIA 100x ELEVADA] hace=182r | avg=55r | z=2.5σ | presión=1.00
2026-05-13 20:50:47 [INFO] main_v3 — [TENSIÓN ALTA] tension_index=66.5 | TENSIÓN ALTA
2026-05-13 20:50:47 [INFO] main_v3 — [COMPRESIÓN ALTA]
2026-05-13 20:50:47 [INFO] main_v3 — [DISTANCIA 5x/50x/100x ELEVADA]
2026-05-13 20:50:47 [INFO] main_v3 — [TENSIÓN ALTA]
2026-05-13 20:50:47 [INFO] db_advanced — [COMPRESIÓN GUARDADA] id=30 score=0.65 label=COMPRESIÓN ALTA
2026-05-13 20:51:17 [INFO] analyzer — Anti-FOMO: spike 6.78x → bloqueando 3 rondas.
2026-05-13 20:51:17 [INFO] advanced_stats — [POST_SPIKE_COOLDOWN] 6.78x >= 5x → bloqueando 2 rondas
2026-05-13 20:51:17 [DEBUG] db_advanced — spike_distances: nivel=5x dist=14 val=6.78
2026-05-13 20:51:17 [DEBUG] db_advanced — pre_spike_context guardado: 6.78x (nivel=5x)
2026-05-13 20:51:17 [INFO] spike_tracker — [SPIKE] 6.78x >= 5x | distancia=14 rondas
2026-05-13 20:51:17 [INFO] advanced_stats — [COMPRESIÓN] COMPRESIÓN ALTA | score=0.63 | ultra_low=5/10 | racha=2
2026-05-13 20:51:17 [INFO] advanced_stats — [DISTANCIA 8x ELEVADA] hace=20r | avg=7r | z=2.2σ | presión=1.00
2026-05-13 20:51:17 [INFO] advanced_stats — [DISTANCIA 50x ELEVADA] hace=87r | avg=30r | z=2.3σ | presión=1.00
2026-05-13 20:51:17 [INFO] advanced_stats — [DISTANCIA 100x ELEVADA] hace=183r | avg=55r | z=2.6σ | presión=1.00
2026-05-13 20:51:17 [INFO] advanced_stats — [TENSIÓN ALTA] tension_index=62.0 | TENSIÓN ALTA
2026-05-13 20:51:17 [DEBUG] entropy — [ENTROPÍA] score=0.390 label=estructurado structured=True dead=False
2026-05-13 20:51:17 [DEBUG] ml_clustering — [ML] contexto=neutral score=72 anomalía=0.360 similar=9 buffer=82
2026-05-13 20:51:17 [INFO] dual_engine — [DUAL ENGINE] mode=none emit=False target=0.00x safe=43 hunter=52 moon=53 entropy=0.390
2026-05-13 20:51:17 [INFO] main_v3 — [20:51:17] 6.78x | mode=none | safe=43 | hunter=52 | moon=53 | entropy=0.390 | comp=0.627 | tension=62
2026-05-13 20:51:17 [INFO] main_v3 — [ENTROPÍA] Entropía baja (0.390) con run-length=0.500. Posible compresión estadística activa.
2026-05-13 20:51:17 [INFO] main_v3 — [POST_SPIKE_COOLDOWN] Bloqueado 1 rondas tras 5x
2026-05-13 20:51:17 [INFO] main_v3 — [COMPRESIÓN ALTA] score=0.63 ultra_low=5/10 racha_max=2
2026-05-13 20:51:17 [INFO] main_v3 — [DISTANCIA 8x ELEVADA] hace=20r | avg=7r | z=2.2σ | presión=1.00
2026-05-13 20:51:17 [INFO] main_v3 — [DISTANCIA 20x SOBRE MEDIA] hace=40r | avg=18r
2026-05-13 20:51:17 [INFO] main_v3 — [DISTANCIA 50x ELEVADA] hace=87r | avg=30r | z=2.3σ | presión=1.00
2026-05-13 20:51:17 [INFO] main_v3 — [DISTANCIA 100x ELEVADA] hace=183r | avg=55r | z=2.6σ | presión=1.00
2026-05-13 20:51:17 [INFO] main_v3 — [TENSIÓN ALTA] tension_index=62.0 | TENSIÓN ALTA
2026-05-13 20:51:17 [INFO] main_v3 — [COMPRESIÓN ALTA]
2026-05-13 20:51:17 [INFO] main_v3 — [DISTANCIA 8x/50x/100x ELEVADA]
2026-05-13 20:51:17 [INFO] main_v3 — [TENSIÓN ALTA]
2026-05-13 20:51:17 [INFO] db_advanced — [COMPRESIÓN GUARDADA] id=31 score=0.63 label=COMPRESIÓN ALTA
2026-05-13 20:51:27 [INFO] advanced_stats — [COMPRESIÓN] COMPRESIÓN ALTA | score=0.57 | ultra_low=5/10 | racha=1
2026-05-13 20:51:27 [INFO] advanced_stats — [DISTANCIA 8x ELEVADA] hace=21r | avg=7r | z=2.3σ | presión=1.00
2026-05-13 20:51:27 [INFO] advanced_stats — [DISTANCIA 50x ELEVADA] hace=88r | avg=30r | z=2.3σ | presión=1.00
2026-05-13 20:51:27 [INFO] advanced_stats — [DISTANCIA 100x ELEVADA] hace=184r | avg=55r | z=2.6σ | presión=1.00
2026-05-13 20:51:27 [INFO] advanced_stats — [TENSIÓN ALTA] tension_index=60.8 | TENSIÓN ALTA
2026-05-13 20:51:27 [DEBUG] entropy — [ENTROPÍA] score=0.375 label=estructurado structured=True dead=False
2026-05-13 20:51:27 [DEBUG] ml_clustering — [ML] contexto=neutral score=71 anomalía=0.368 similar=7 buffer=83
2026-05-13 20:51:27 [INFO] dual_engine — [DUAL ENGINE] mode=moon emit=True target=10.00x safe=43 hunter=51 moon=38 entropy=0.375
2026-05-13 20:51:27 [INFO] main_v3 — [20:51:27] 1.17x | mode=moon | safe=43 | hunter=51 | moon=38 | entropy=0.375 | comp=0.567 | tension=61
2026-05-13 20:51:27 [INFO] main_v3 — [MOON] target=10.0x score=38 | compresión=0.57 | tensión=61 | overdue_levels=[8, 20, 50, 100]
2026-05-13 20:51:27 [INFO] main_v3 — [ENTROPÍA] Entropía baja (0.375) con run-length=0.480. Posible compresión estadística activa.
2026-05-13 20:51:27 [INFO] main_v3 — [COMPRESIÓN ALTA] score=0.57 ultra_low=5/10 racha_max=1
2026-05-13 20:51:27 [INFO] main_v3 — [DISTANCIA 8x ELEVADA] hace=21r | avg=7r | z=2.3σ | presión=1.00
2026-05-13 20:51:27 [INFO] main_v3 — [DISTANCIA 20x SOBRE MEDIA] hace=41r | avg=18r
2026-05-13 20:51:27 [INFO] main_v3 — [DISTANCIA 50x ELEVADA] hace=88r | avg=30r | z=2.3σ | presión=1.00
2026-05-13 20:51:27 [INFO] main_v3 — [DISTANCIA 100x ELEVADA] hace=184r | avg=55r | z=2.6σ | presión=1.00
2026-05-13 20:51:27 [INFO] main_v3 — [TENSIÓN ALTA] tension_index=60.8 | TENSIÓN ALTA
2026-05-13 20:51:27 [INFO] main_v3 — [COMPRESIÓN ALTA]
2026-05-13 20:51:27 [INFO] main_v3 — [DISTANCIA 8x/50x/100x ELEVADA]
2026-05-13 20:51:27 [INFO] main_v3 — [TENSIÓN ALTA]
2026-05-13 20:51:27 [INFO] db_advanced — [COMPRESIÓN GUARDADA] id=32 score=0.57 label=COMPRESIÓN ALTA
2026-05-13 20:51:38 [INFO] advanced_stats — [COMPRESIÓN] COMPRESIÓN ALTA | score=0.63 | ultra_low=5/10 | racha=2
2026-05-13 20:51:38 [INFO] advanced_stats — [DISTANCIA 8x ELEVADA] hace=22r | avg=7r | z=2.5σ | presión=1.00
2026-05-13 20:51:38 [INFO] advanced_stats — [DISTANCIA 50x ELEVADA] hace=89r | avg=30r | z=2.4σ | presión=1.00
2026-05-13 20:51:38 [INFO] advanced_stats — [DISTANCIA 100x ELEVADA] hace=185r | avg=55r | z=2.6σ | presión=1.00
2026-05-13 20:51:38 [INFO] advanced_stats — [TENSIÓN ALTA] tension_index=63.8 | TENSIÓN ALTA
2026-05-13 20:51:38 [INFO] advanced_stats — [CONTEXTO MOON] score=73 target=10.0x conf=32%
2026-05-13 20:51:38 [DEBUG] entropy — [ENTROPÍA] score=0.358 label=estructurado structured=True dead=False
2026-05-13 20:51:38 [DEBUG] ml_clustering — [ML] contexto=neutral score=72 anomalía=0.359 similar=10 buffer=84
2026-05-13 20:51:38 [INFO] dual_engine — [DUAL ENGINE] mode=moon emit=True target=1000.00x safe=43 hunter=52 moon=73 entropy=0.358
2026-05-13 20:51:38 [INFO] main_v3 — [20:51:38] 1.27x | mode=moon | safe=43 | hunter=52 | moon=73 | entropy=0.358 | comp=0.627 | tension=64
2026-05-13 20:51:38 [INFO] main_v3 — [MOON] target=1000.0x score=73 | compresión=0.63 | tensión=64 | overdue_levels=[8, 10, 20, 50, 100]
2026-05-13 20:51:38 [INFO] main_v3 — [ENTROPÍA] Entropía baja (0.358) con run-length=0.500. Posible compresión estadística activa.
2026-05-13 20:51:38 [INFO] main_v3 — [COMPRESIÓN ALTA] score=0.63 ultra_low=5/10 racha_max=2
2026-05-13 20:51:38 [INFO] main_v3 — [DISTANCIA 8x ELEVADA] hace=22r | avg=7r | z=2.5σ | presión=1.00
2026-05-13 20:51:38 [INFO] main_v3 — [DISTANCIA 10x SOBRE MEDIA] hace=22r | avg=12r
2026-05-13 20:51:38 [INFO] main_v3 — [DISTANCIA 20x SOBRE MEDIA] hace=42r | avg=18r
2026-05-13 20:51:38 [INFO] main_v3 — [DISTANCIA 50x ELEVADA] hace=89r | avg=30r | z=2.4σ | presión=1.00
2026-05-13 20:51:38 [INFO] main_v3 — [DISTANCIA 100x ELEVADA] hace=185r | avg=55r | z=2.6σ | presión=1.00
2026-05-13 20:51:38 [INFO] main_v3 — [TENSIÓN ALTA] tension_index=63.8 | TENSIÓN ALTA
2026-05-13 20:51:38 [INFO] main_v3 — [COMPRESIÓN ALTA]
2026-05-13 20:51:38 [INFO] main_v3 — [DISTANCIA 8x/50x/100x ELEVADA]
2026-05-13 20:51:38 [INFO] main_v3 — [TENSIÓN ALTA]
2026-05-13 20:51:38 [INFO] main_v3 — [CONTEXTO MOON] moon_score=73 target=10.0x
2026-05-13 20:51:38 [INFO] db_advanced — [COMPRESIÓN GUARDADA] id=33 score=0.63 label=COMPRESIÓN ALTA
2026-05-13 20:51:51 [INFO] advanced_stats — [COMPRESIÓN] COMPRESIÓN ALTA | score=0.63 | ultra_low=5/10 | racha=2
2026-05-13 20:51:51 [INFO] advanced_stats — [DISTANCIA 8x ELEVADA] hace=23r | avg=7r | z=2.7σ | presión=1.00
2026-05-13 20:51:51 [INFO] advanced_stats — [DISTANCIA 50x ELEVADA] hace=90r | avg=30r | z=2.4σ | presión=1.00
2026-05-13 20:51:51 [INFO] advanced_stats — [DISTANCIA 100x ELEVADA] hace=186r | avg=55r | z=2.6σ | presión=1.00
2026-05-13 20:51:51 [INFO] advanced_stats — [TENSIÓN ALTA] tension_index=64.7 | TENSIÓN ALTA
2026-05-13 20:51:51 [DEBUG] entropy — [ENTROPÍA] score=0.358 label=estructurado structured=True dead=False
2026-05-13 20:51:51 [DEBUG] ml_clustering — [ML] contexto=neutral score=73 anomalía=0.358 similar=11 buffer=85
2026-05-13 20:51:51 [INFO] dual_engine — [DUAL ENGINE] mode=none emit=False target=0.00x safe=19 hunter=41 moon=59 entropy=0.358
2026-05-13 20:51:51 [INFO] main_v3 — [20:51:51] 1.62x | mode=none | safe=19 | hunter=41 | moon=59 | entropy=0.358 | comp=0.627 | tension=65
2026-05-13 20:51:51 [INFO] main_v3 — [ENTROPÍA] Entropía baja (0.358) con run-length=0.500. Posible compresión estadística activa.
2026-05-13 20:51:51 [INFO] main_v3 — [COMPRESIÓN ALTA] score=0.63 ultra_low=5/10 racha_max=2
2026-05-13 20:51:51 [INFO] main_v3 — [DISTANCIA 8x ELEVADA] hace=23r | avg=7r | z=2.7σ | presión=1.00
2026-05-13 20:51:51 [INFO] main_v3 — [DISTANCIA 10x SOBRE MEDIA] hace=23r | avg=12r
2026-05-13 20:51:51 [INFO] main_v3 — [DISTANCIA 20x SOBRE MEDIA] hace=43r | avg=18r
2026-05-13 20:51:51 [INFO] main_v3 — [DISTANCIA 50x ELEVADA] hace=90r | avg=30r | z=2.4σ | presión=1.00
2026-05-13 20:51:51 [INFO] main_v3 — [DISTANCIA 100x ELEVADA] hace=186r | avg=55r | z=2.6σ | presión=1.00
2026-05-13 20:51:51 [INFO] main_v3 — [TENSIÓN ALTA] tension_index=64.7 | TENSIÓN ALTA
2026-05-13 20:51:51 [INFO] main_v3 — [COMPRESIÓN ALTA]
2026-05-13 20:51:51 [INFO] main_v3 — [DISTANCIA 8x/50x/100x ELEVADA]
2026-05-13 20:51:51 [INFO] main_v3 — [TENSIÓN ALTA]
2026-05-13 20:51:51 [INFO] db_advanced — [COMPRESIÓN GUARDADA] id=34 score=0.63 label=COMPRESIÓN ALTA
2026-05-13 20:52:27 [INFO] analyzer — Anti-FOMO: spike 11.02x → bloqueando 3 rondas.
2026-05-13 20:52:27 [INFO] advanced_stats — [POST_SPIKE_COOLDOWN] 11.02x >= 5x → bloqueando 2 rondas
2026-05-13 20:52:27 [INFO] advanced_stats — [POST_SPIKE_COOLDOWN] 11.02x >= 8x → bloqueando 2 rondas
2026-05-13 20:52:27 [INFO] advanced_stats — [POST_SPIKE_COOLDOWN] 11.02x >= 10x → bloqueando 3 rondas
2026-05-13 20:52:27 [DEBUG] db_advanced — spike_distances: nivel=5x dist=4 val=11.02
2026-05-13 20:52:27 [DEBUG] db_advanced — pre_spike_context guardado: 11.02x (nivel=5x)
2026-05-13 20:52:27 [INFO] spike_tracker — [SPIKE] 11.02x >= 5x | distancia=4 rondas
2026-05-13 20:52:27 [DEBUG] db_advanced — spike_distances: nivel=8x dist=24 val=11.02
2026-05-13 20:52:27 [DEBUG] db_advanced — pre_spike_context guardado: 11.02x (nivel=8x)
2026-05-13 20:52:27 [INFO] spike_tracker — [SPIKE] 11.02x >= 8x | distancia=24 rondas
2026-05-13 20:52:27 [DEBUG] db_advanced — spike_distances: nivel=10x dist=24 val=11.02
2026-05-13 20:52:27 [DEBUG] db_advanced — pre_spike_context guardado: 11.02x (nivel=10x)
2026-05-13 20:52:27 [INFO] spike_tracker — [SPIKE] 11.02x >= 10x | distancia=24 rondas
2026-05-13 20:52:27 [INFO] advanced_stats — [DISTANCIA 50x ELEVADA] hace=91r | avg=30r | z=2.4σ | presión=1.00
2026-05-13 20:52:27 [INFO] advanced_stats — [DISTANCIA 100x ELEVADA] hace=187r | avg=55r | z=2.6σ | presión=1.00
2026-05-13 20:52:27 [DEBUG] entropy — [ENTROPÍA] score=0.399 label=estructurado structured=True dead=False
2026-05-13 20:52:27 [DEBUG] ml_clustering — [ML] contexto=neutral score=71 anomalía=0.345 similar=16 buffer=86
2026-05-13 20:52:27 [INFO] dual_engine — [DUAL ENGINE] mode=none emit=False target=0.00x safe=35 hunter=47 moon=30 entropy=0.399
2026-05-13 20:52:27 [INFO] main_v3 — [20:52:27] 11.02x | mode=none | safe=35 | hunter=47 | moon=30 | entropy=0.399 | comp=0.531 | tension=50
2026-05-13 20:52:27 [INFO] main_v3 — [ENTROPÍA] Entropía baja (0.399) con run-length=0.480. Posible compresión estadística activa.
2026-05-13 20:52:27 [INFO] main_v3 — [POST_SPIKE_COOLDOWN] Bloqueado 2 rondas tras 10x
2026-05-13 20:52:27 [INFO] main_v3 — [DISTANCIA 20x SOBRE MEDIA] hace=44r | avg=18r
2026-05-13 20:52:27 [INFO] main_v3 — [DISTANCIA 50x ELEVADA] hace=91r | avg=30r | z=2.4σ | presión=1.00
2026-05-13 20:52:27 [INFO] main_v3 — [DISTANCIA 100x ELEVADA] hace=187r | avg=55r | z=2.6σ | presión=1.00
2026-05-13 20:52:42 [INFO] advanced_stats — [DISTANCIA 50x ELEVADA] hace=92r | avg=30r | z=2.5σ | presión=1.00
2026-05-13 20:52:42 [INFO] advanced_stats — [DISTANCIA 100x ELEVADA] hace=188r | avg=55r | z=2.7σ | presión=1.00
2026-05-13 20:52:42 [DEBUG] entropy — [ENTROPÍA] score=0.399 label=estructurado structured=True dead=False
2026-05-13 20:52:42 [DEBUG] ml_clustering — [ML] contexto=neutral score=71 anomalía=0.318 similar=19 buffer=87
2026-05-13 20:52:42 [INFO] dual_engine — [DUAL ENGINE] mode=none emit=False target=0.00x safe=35 hunter=47 moon=30 entropy=0.399
2026-05-13 20:52:42 [INFO] main_v3 — [20:52:42] 1.40x | mode=none | safe=35 | hunter=47 | moon=30 | entropy=0.399 | comp=0.531 | tension=50
2026-05-13 20:52:42 [INFO] main_v3 — [ENTROPÍA] Entropía baja (0.399) con run-length=0.480. Posible compresión estadística activa.
2026-05-13 20:52:42 [INFO] main_v3 — [POST_SPIKE_COOLDOWN] Bloqueado 1 rondas tras 10x
2026-05-13 20:52:42 [INFO] main_v3 — [DISTANCIA 20x SOBRE MEDIA] hace=45r | avg=18r
2026-05-13 20:52:42 [INFO] main_v3 — [DISTANCIA 50x ELEVADA] hace=92r | avg=30r | z=2.5σ | presión=1.00
2026-05-13 20:52:42 [INFO] main_v3 — [DISTANCIA 100x ELEVADA] hace=188r | avg=55r | z=2.7σ | presión=1.00
2026-05-13 20:52:56 [INFO] advanced_stats — [DISTANCIA 50x ELEVADA] hace=93r | avg=30r | z=2.5σ | presión=1.00
2026-05-13 20:52:56 [INFO] advanced_stats — [DISTANCIA 100x ELEVADA] hace=189r | avg=55r | z=2.7σ | presión=1.00
2026-05-13 20:52:56 [INFO] advanced_stats — [PRE-SPIKE DETECTADO] Contexto similar a previo a 5x (n=29 muestras | avg_low=44.20%)
2026-05-13 20:52:56 [INFO] advanced_stats — [PRE-SPIKE DETECTADO] Contexto similar a previo a 20x (n=6 muestras | avg_low=38.90%)
2026-05-13 20:52:56 [DEBUG] entropy — [ENTROPÍA] score=0.380 label=estructurado structured=True dead=False
2026-05-13 20:52:56 [DEBUG] ml_clustering — [ML] contexto=neutral score=72 anomalía=0.236 similar=19 buffer=88
2026-05-13 20:52:56 [INFO] dual_engine — [DUAL ENGINE] mode=moon emit=True target=10.00x safe=35 hunter=69 moon=50 entropy=0.380
2026-05-13 20:52:56 [INFO] main_v3 — [20:52:55] 1.67x | mode=moon | safe=35 | hunter=69 | moon=50 | entropy=0.380 | comp=0.434 | tension=47
2026-05-13 20:52:56 [INFO] main_v3 — [MOON] target=10.0x score=50 | compresión=0.43 | tensión=47 | overdue_levels=[20, 50, 100]
2026-05-13 20:52:56 [INFO] main_v3 — [ENTROPÍA] Entropía baja (0.380) con run-length=0.480. Posible compresión estadística activa.
2026-05-13 20:52:56 [INFO] main_v3 — [DISTANCIA 20x SOBRE MEDIA] hace=46r | avg=18r
2026-05-13 20:52:56 [INFO] main_v3 — [DISTANCIA 50x ELEVADA] hace=93r | avg=30r | z=2.5σ | presión=1.00
2026-05-13 20:52:56 [INFO] main_v3 — [DISTANCIA 100x ELEVADA] hace=189r | avg=55r | z=2.7σ | presión=1.00
2026-05-13 20:52:56 [INFO] main_v3 — [PRE-SPIKE DETECTADO] Contexto similar a previo a 5x (n=29 muestras | avg_low=44.20%)
2026-05-13 20:52:56 [INFO] main_v3 — [PRE-SPIKE DETECTADO] Contexto similar a previo a 20x (n=6 muestras | avg_low=38.90%)
2026-05-13 20:52:59 [INFO] db_v2 — [DUAL SIGNAL] id=13 mode=moon target=10.00x conf=37%
2026-05-13 20:52:59 [INFO] main_v3 — ✅ Señal #13 emitida | mode=moon target=10.0x conf=37% safe=35 hunter=69 moon=50
2026-05-13 20:53:27 [INFO] main_v3 — ❌ Dual señal #13 (moon 10.0x) → 8.05x en 1 ronda
2026-05-13 20:53:28 [INFO] analyzer — Anti-FOMO: spike 8.05x → bloqueando 3 rondas.
2026-05-13 20:53:28 [INFO] advanced_stats — [POST_SPIKE_COOLDOWN] 8.05x >= 5x → bloqueando 2 rondas
2026-05-13 20:53:28 [INFO] advanced_stats — [POST_SPIKE_COOLDOWN] 8.05x >= 8x → bloqueando 2 rondas
2026-05-13 20:53:29 [DEBUG] db_advanced — spike_distances: nivel=5x dist=3 val=8.05
2026-05-13 20:53:29 [DEBUG] db_advanced — pre_spike_context guardado: 8.05x (nivel=5x)
2026-05-13 20:53:29 [INFO] spike_tracker — [SPIKE] 8.05x >= 5x | distancia=3 rondas
2026-05-13 20:53:29 [DEBUG] db_advanced — spike_distances: nivel=8x dist=3 val=8.05
2026-05-13 20:53:29 [DEBUG] db_advanced — pre_spike_context guardado: 8.05x (nivel=8x)
2026-05-13 20:53:29 [INFO] spike_tracker — [SPIKE] 8.05x >= 8x | distancia=3 rondas
2026-05-13 20:53:29 [INFO] advanced_stats — [DISTANCIA 50x ELEVADA] hace=94r | avg=30r | z=2.6σ | presión=1.00
2026-05-13 20:53:29 [INFO] advanced_stats — [DISTANCIA 100x ELEVADA] hace=190r | avg=55r | z=2.7σ | presión=1.00
2026-05-13 20:53:29 [INFO] advanced_stats — [PRE-SPIKE DETECTADO] Contexto similar a previo a 5x (n=30 muestras | avg_low=44.50%)
2026-05-13 20:53:30 [INFO] advanced_stats — [PRE-SPIKE DETECTADO] Contexto similar a previo a 10x (n=12 muestras | avg_low=38.30%)
2026-05-13 20:53:31 [INFO] advanced_stats — [PRE-SPIKE DETECTADO] Contexto similar a previo a 20x (n=6 muestras | avg_low=38.90%)
2026-05-13 20:53:31 [DEBUG] entropy — [ENTROPÍA] score=0.397 label=estructurado structured=True dead=False
2026-05-13 20:53:31 [DEBUG] ml_clustering — [ML] contexto=neutral score=73 anomalía=0.266 similar=15 buffer=89
2026-05-13 20:53:31 [INFO] dual_engine — [DUAL ENGINE] mode=none emit=False target=0.00x safe=35 hunter=84 moon=70 entropy=0.397
2026-05-13 20:53:31 [INFO] main_v3 — [20:53:27] 8.05x | mode=none | safe=35 | hunter=84 | moon=70 | entropy=0.397 | comp=0.434 | tension=47
2026-05-13 20:53:31 [INFO] main_v3 — [ENTROPÍA] Entropía baja (0.397) con run-length=0.480. Posible compresión estadística activa.
2026-05-13 20:53:32 [INFO] main_v3 — [POST_SPIKE_COOLDOWN] Bloqueado 1 rondas tras 8x
2026-05-13 20:53:32 [INFO] main_v3 — [DISTANCIA 20x SOBRE MEDIA] hace=47r | avg=18r
2026-05-13 20:53:32 [INFO] main_v3 — [DISTANCIA 50x ELEVADA] hace=94r | avg=30r | z=2.6σ | presión=1.00
2026-05-13 20:53:32 [INFO] main_v3 — [DISTANCIA 100x ELEVADA] hace=190r | avg=55r | z=2.7σ | presión=1.00
2026-05-13 20:53:32 [INFO] main_v3 — [PRE-SPIKE DETECTADO] Contexto similar a previo a 5x (n=30 muestras | avg_low=44.50%)
2026-05-13 20:53:32 [INFO] main_v3 — [PRE-SPIKE DETECTADO] Contexto similar a previo a 10x (n=12 muestras | avg_low=38.30%)
2026-05-13 20:53:32 [INFO] main_v3 — [PRE-SPIKE DETECTADO] Contexto similar a previo a 20x (n=6 muestras | avg_low=38.90%)
2026-05-13 20:53:47 [INFO] advanced_stats — [DISTANCIA 50x ELEVADA] hace=95r | avg=30r | z=2.6σ | presión=1.00
2026-05-13 20:53:47 [INFO] advanced_stats — [DISTANCIA 100x ELEVADA] hace=191r | avg=55r | z=2.7σ | presión=1.00
2026-05-13 20:53:47 [INFO] advanced_stats — [PRE-SPIKE DETECTADO] Contexto similar a previo a 5x (n=30 muestras | avg_low=44.50%)
2026-05-13 20:53:47 [INFO] advanced_stats — [PRE-SPIKE DETECTADO] Contexto similar a previo a 10x (n=12 muestras | avg_low=38.30%)
2026-05-13 20:53:47 [INFO] advanced_stats — [PRE-SPIKE DETECTADO] Contexto similar a previo a 20x (n=6 muestras | avg_low=38.90%)
2026-05-13 20:53:47 [DEBUG] entropy — [ENTROPÍA] score=0.397 label=estructurado structured=True dead=False
2026-05-13 20:53:47 [DEBUG] ml_clustering — [ML] contexto=neutral score=73 anomalía=0.257 similar=15 buffer=90
2026-05-13 20:53:47 [INFO] dual_engine — [DUAL ENGINE] mode=moon emit=True target=100.00x safe=36 hunter=81 moon=70 entropy=0.397
2026-05-13 20:53:47 [INFO] main_v3 — [20:53:46] 2.83x | mode=moon | safe=36 | hunter=81 | moon=70 | entropy=0.397 | comp=0.338 | tension=44
2026-05-13 20:53:47 [INFO] main_v3 — [MOON] target=100.0x score=70 | tensión=44 | overdue_levels=[20, 50, 100]
2026-05-13 20:53:47 [INFO] main_v3 — [ENTROPÍA] Entropía baja (0.397) con run-length=0.480. Posible compresión estadística activa.
2026-05-13 20:53:47 [INFO] main_v3 — [DISTANCIA 20x SOBRE MEDIA] hace=48r | avg=18r
2026-05-13 20:53:47 [INFO] main_v3 — [DISTANCIA 50x ELEVADA] hace=95r | avg=30r | z=2.6σ | presión=1.00
2026-05-13 20:53:47 [INFO] main_v3 — [DISTANCIA 100x ELEVADA] hace=191r | avg=55r | z=2.7σ | presión=1.00
2026-05-13 20:53:47 [INFO] main_v3 — [PRE-SPIKE DETECTADO] Contexto similar a previo a 5x (n=30 muestras | avg_low=44.50%)
2026-05-13 20:53:47 [INFO] main_v3 — [PRE-SPIKE DETECTADO] Contexto similar a previo a 10x (n=12 muestras | avg_low=38.30%)
2026-05-13 20:53:47 [INFO] main_v3 — [PRE-SPIKE DETECTADO] Contexto similar a previo a 20x (n=6 muestras | avg_low=38.90%)
2026-05-13 20:53:58 [INFO] advanced_stats — [DISTANCIA 20x ELEVADA] hace=49r | avg=18r | z=2.1σ | presión=1.00
2026-05-13 20:53:58 [INFO] advanced_stats — [DISTANCIA 50x ELEVADA] hace=96r | avg=30r | z=2.6σ | presión=1.00
2026-05-13 20:53:58 [INFO] advanced_stats — [DISTANCIA 100x ELEVADA] hace=192r | avg=55r | z=2.7σ | presión=1.00
2026-05-13 20:53:58 [INFO] advanced_stats — [PRE-SPIKE DETECTADO] Contexto similar a previo a 5x (n=30 muestras | avg_low=44.50%)
2026-05-13 20:53:58 [INFO] advanced_stats — [PRE-SPIKE DETECTADO] Contexto similar a previo a 10x (n=12 muestras | avg_low=38.30%)
2026-05-13 20:53:58 [INFO] advanced_stats — [PRE-SPIKE DETECTADO] Contexto similar a previo a 20x (n=6 muestras | avg_low=38.90%)
2026-05-13 20:53:59 [DEBUG] entropy — [ENTROPÍA] score=0.397 label=estructurado structured=True dead=False
2026-05-13 20:53:59 [DEBUG] ml_clustering — [ML] contexto=neutral score=73 anomalía=0.267 similar=17 buffer=91
2026-05-13 20:53:59 [INFO] dual_engine — [DUAL ENGINE] mode=moon emit=True target=100.00x safe=35 hunter=84 moon=85 entropy=0.397
2026-05-13 20:53:59 [INFO] main_v3 — [20:53:58] 1.08x | mode=moon | safe=35 | hunter=84 | moon=85 | entropy=0.397 | comp=0.434 | tension=48
2026-05-13 20:53:59 [INFO] main_v3 — [MOON] target=100.0x score=85 | compresión=0.43 | tensión=48 | overdue_levels=[20, 50, 100]
2026-05-13 20:53:59 [INFO] main_v3 — [ENTROPÍA] Entropía baja (0.397) con run-length=0.480. Posible compresión estadística activa.
2026-05-13 20:53:59 [INFO] main_v3 — [DISTANCIA 20x ELEVADA] hace=49r | avg=18r | z=2.1σ | presión=1.00
2026-05-13 20:54:00 [INFO] main_v3 — [DISTANCIA 50x ELEVADA] hace=96r | avg=30r | z=2.6σ | presión=1.00
2026-05-13 20:54:00 [INFO] main_v3 — [DISTANCIA 100x ELEVADA] hace=192r | avg=55r | z=2.7σ | presión=1.00
2026-05-13 20:54:01 [INFO] main_v3 — [PRE-SPIKE DETECTADO] Contexto similar a previo a 5x (n=30 muestras | avg_low=44.50%)
2026-05-13 20:54:01 [INFO] main_v3 — [PRE-SPIKE DETECTADO] Contexto similar a previo a 10x (n=12 muestras | avg_low=38.30%)
2026-05-13 20:54:01 [INFO] main_v3 — [PRE-SPIKE DETECTADO] Contexto similar a previo a 20x (n=6 muestras | avg_low=38.90%)
2026-05-13 20:54:21 [INFO] advanced_stats — [DISTANCIA 20x ELEVADA] hace=50r | avg=18r | z=2.1σ | presión=1.00
2026-05-13 20:54:21 [INFO] advanced_stats — [DISTANCIA 50x ELEVADA] hace=97r | avg=30r | z=2.7σ | presión=1.00
2026-05-13 20:54:21 [INFO] advanced_stats — [DISTANCIA 100x ELEVADA] hace=193r | avg=55r | z=2.8σ | presión=1.00
2026-05-13 20:54:21 [INFO] advanced_stats — [PRE-SPIKE DETECTADO] Contexto similar a previo a 5x (n=30 muestras | avg_low=44.50%)
2026-05-13 20:54:21 [INFO] advanced_stats — [PRE-SPIKE DETECTADO] Contexto similar a previo a 10x (n=12 muestras | avg_low=38.30%)
2026-05-13 20:54:21 [INFO] advanced_stats — [PRE-SPIKE DETECTADO] Contexto similar a previo a 20x (n=6 muestras | avg_low=38.90%)
2026-05-13 20:54:21 [DEBUG] entropy — [ENTROPÍA] score=0.596 label=normal structured=False dead=False
2026-05-13 20:54:21 [DEBUG] ml_clustering — [ML] contexto=neutral score=70 anomalía=0.600 similar=6 buffer=92
2026-05-13 20:54:21 [INFO] dual_engine — [DUAL ENGINE] mode=moon emit=True target=100.00x safe=19 hunter=92 moon=80 entropy=0.596
2026-05-13 20:54:21 [INFO] main_v3 — [20:54:21] 4.41x | mode=moon | safe=19 | hunter=92 | moon=80 | entropy=0.596 | comp=0.434 | tension=48
2026-05-13 20:54:21 [INFO] main_v3 — [MOON] target=100.0x score=80 | compresión=0.43 | tensión=48 | overdue_levels=[20, 50, 100]
2026-05-13 20:54:21 [INFO] main_v3 — [ANOMALÍA] Contexto: NEUTRAL (score=70) | Crash density 15r=40.00% | Compresión=0.434 | Entropía=0.596 | Anomalía=0.600
2026-05-13 20:54:21 [INFO] main_v3 — [DISTANCIA 20x ELEVADA] hace=50r | avg=18r | z=2.1σ | presión=1.00
2026-05-13 20:54:21 [INFO] main_v3 — [DISTANCIA 50x ELEVADA] hace=97r | avg=30r | z=2.7σ | presión=1.00
2026-05-13 20:54:21 [INFO] main_v3 — [DISTANCIA 100x ELEVADA] hace=193r | avg=55r | z=2.8σ | presión=1.00
2026-05-13 20:54:21 [INFO] main_v3 — [PRE-SPIKE DETECTADO] Contexto similar a previo a 5x (n=30 muestras | avg_low=44.50%)
2026-05-13 20:54:21 [INFO] main_v3 — [PRE-SPIKE DETECTADO] Contexto similar a previo a 10x (n=12 muestras | avg_low=38.30%)
2026-05-13 20:54:21 [INFO] main_v3 — [PRE-SPIKE DETECTADO] Contexto similar a previo a 20x (n=6 muestras | avg_low=38.90%)
2026-05-13 20:54:41 [INFO] advanced_stats — [DISTANCIA 20x ELEVADA] hace=51r | avg=18r | z=2.2σ | presión=1.00
2026-05-13 20:54:41 [INFO] advanced_stats — [DISTANCIA 50x ELEVADA] hace=98r | avg=30r | z=2.7σ | presión=1.00
2026-05-13 20:54:41 [INFO] advanced_stats — [DISTANCIA 100x ELEVADA] hace=194r | avg=55r | z=2.8σ | presión=1.00
2026-05-13 20:54:41 [INFO] advanced_stats — [PRE-SPIKE DETECTADO] Contexto similar a previo a 5x (n=30 muestras | avg_low=44.50%)
2026-05-13 20:54:41 [INFO] advanced_stats — [PRE-SPIKE DETECTADO] Contexto similar a previo a 10x (n=12 muestras | avg_low=38.30%)
2026-05-13 20:54:41 [INFO] advanced_stats — [PRE-SPIKE DETECTADO] Contexto similar a previo a 20x (n=6 muestras | avg_low=38.90%)
2026-05-13 20:54:41 [DEBUG] entropy — [ENTROPÍA] score=0.611 label=normal structured=False dead=False
2026-05-13 20:54:41 [DEBUG] ml_clustering — [ML] contexto=neutral score=70 anomalía=0.600 similar=2 buffer=93
2026-05-13 20:54:41 [INFO] dual_engine — [DUAL ENGINE] mode=moon emit=True target=100.00x safe=27 hunter=87 moon=90 entropy=0.611
2026-05-13 20:54:41 [INFO] main_v3 — [20:54:41] 2.71x | mode=moon | safe=27 | hunter=87 | moon=90 | entropy=0.611 | comp=0.278 | tension=42
2026-05-13 20:54:41 [INFO] main_v3 — [MOON] target=100.0x score=90 | tensión=42 | overdue_levels=[20, 50, 100]
2026-05-13 20:54:41 [INFO] main_v3 — [ANOMALÍA] Contexto: NEUTRAL (score=71) | Crash density 15r=33.33% | Compresión=0.278 | Entropía=0.611 | Anomalía=0.600
2026-05-13 20:54:41 [INFO] main_v3 — [DISTANCIA 20x ELEVADA] hace=51r | avg=18r | z=2.2σ | presión=1.00
2026-05-13 20:54:41 [INFO] main_v3 — [DISTANCIA 50x ELEVADA] hace=98r | avg=30r | z=2.7σ | presión=1.00
2026-05-13 20:54:41 [INFO] main_v3 — [DISTANCIA 100x ELEVADA] hace=194r | avg=55r | z=2.8σ | presión=1.00
2026-05-13 20:54:41 [INFO] main_v3 — [PRE-SPIKE DETECTADO] Contexto similar a previo a 5x (n=30 muestras | avg_low=44.50%)
2026-05-13 20:54:41 [INFO] main_v3 — [PRE-SPIKE DETECTADO] Contexto similar a previo a 10x (n=12 muestras | avg_low=38.30%)
2026-05-13 20:54:41 [INFO] main_v3 — [PRE-SPIKE DETECTADO] Contexto similar a previo a 20x (n=6 muestras | avg_low=38.90%)
2026-05-13 20:55:00 [INFO] advanced_stats — [DISTANCIA 20x ELEVADA] hace=52r | avg=18r | z=2.3σ | presión=1.00
2026-05-13 20:55:00 [INFO] advanced_stats — [DISTANCIA 50x ELEVADA] hace=99r | avg=30r | z=2.8σ | presión=1.00
2026-05-13 20:55:00 [INFO] advanced_stats — [DISTANCIA 100x ELEVADA] hace=195r | avg=55r | z=2.8σ | presión=1.00
2026-05-13 20:55:00 [INFO] advanced_stats — [PRE-SPIKE DETECTADO] Contexto similar a previo a 5x (n=30 muestras | avg_low=44.50%)
2026-05-13 20:55:00 [INFO] advanced_stats — [PRE-SPIKE DETECTADO] Contexto similar a previo a 10x (n=12 muestras | avg_low=38.30%)
2026-05-13 20:55:00 [INFO] advanced_stats — [PRE-SPIKE DETECTADO] Contexto similar a previo a 20x (n=6 muestras | avg_low=38.90%)
2026-05-13 20:55:00 [DEBUG] entropy — [ENTROPÍA] score=0.605 label=normal structured=False dead=False
2026-05-13 20:55:01 [DEBUG] ml_clustering — [ML] contexto=neutral score=71 anomalía=0.600 similar=2 buffer=94
2026-05-13 20:55:01 [INFO] dual_engine — [DUAL ENGINE] mode=moon emit=True target=100.00x safe=41 hunter=84 moon=90 entropy=0.605
2026-05-13 20:55:01 [INFO] main_v3 — [20:55:00] 2.56x | mode=moon | safe=41 | hunter=84 | moon=90 | entropy=0.605 | comp=0.181 | tension=40
2026-05-13 20:55:01 [INFO] main_v3 — [MOON] target=100.0x score=90 | tensión=40 | overdue_levels=[20, 50, 100]
2026-05-13 20:55:01 [INFO] main_v3 — [ANOMALÍA] Contexto: NEUTRAL (score=71) | Crash density 15r=33.33% | Compresión=0.181 | Entropía=0.605 | Anomalía=0.600
2026-05-13 20:55:01 [INFO] main_v3 — [DISTANCIA 20x ELEVADA] hace=52r | avg=18r | z=2.3σ | presión=1.00
2026-05-13 20:55:01 [INFO] main_v3 — [DISTANCIA 50x ELEVADA] hace=99r | avg=30r | z=2.8σ | presión=1.00
2026-05-13 20:55:01 [INFO] main_v3 — [DISTANCIA 100x ELEVADA] hace=195r | avg=55r | z=2.8σ | presión=1.00
2026-05-13 20:55:01 [INFO] main_v3 — [PRE-SPIKE DETECTADO] Contexto similar a previo a 5x (n=30 muestras | avg_low=44.50%)
2026-05-13 20:55:01 [INFO] main_v3 — [PRE-SPIKE DETECTADO] Contexto similar a previo a 10x (n=12 muestras | avg_low=38.30%)
2026-05-13 20:55:01 [INFO] main_v3 — [PRE-SPIKE DETECTADO] Contexto similar a previo a 20x (n=6 muestras | avg_low=38.90%)
2026-05-13 20:55:32 [INFO] analyzer — Anti-FOMO: spike 8.16x → bloqueando 3 rondas.
2026-05-13 20:55:32 [INFO] advanced_stats — [POST_SPIKE_COOLDOWN] 8.16x >= 5x → bloqueando 2 rondas
2026-05-13 20:55:32 [INFO] advanced_stats — [POST_SPIKE_COOLDOWN] 8.16x >= 8x → bloqueando 2 rondas
2026-05-13 20:55:32 [DEBUG] db_advanced — spike_distances: nivel=5x dist=6 val=8.16
2026-05-13 20:55:32 [DEBUG] db_advanced — pre_spike_context guardado: 8.16x (nivel=5x)
2026-05-13 20:55:32 [INFO] spike_tracker — [SPIKE] 8.16x >= 5x | distancia=6 rondas
2026-05-13 20:55:33 [DEBUG] db_advanced — spike_distances: nivel=8x dist=6 val=8.16
2026-05-13 20:55:33 [DEBUG] db_advanced — pre_spike_context guardado: 8.16x (nivel=8x)
2026-05-13 20:55:33 [INFO] spike_tracker — [SPIKE] 8.16x >= 8x | distancia=6 rondas
2026-05-13 20:55:33 [INFO] advanced_stats — [DISTANCIA 20x ELEVADA] hace=53r | avg=18r | z=2.3σ | presión=1.00
2026-05-13 20:55:33 [INFO] advanced_stats — [DISTANCIA 50x ELEVADA] hace=100r | avg=30r | z=2.8σ | presión=1.00
2026-05-13 20:55:33 [INFO] advanced_stats — [DISTANCIA 100x ELEVADA] hace=196r | avg=55r | z=2.8σ | presión=1.00
2026-05-13 20:55:33 [INFO] advanced_stats — [PRE-SPIKE DETECTADO] Contexto similar a previo a 10x (n=12 muestras | avg_low=38.30%)
2026-05-13 20:55:33 [INFO] advanced_stats — [PRE-SPIKE DETECTADO] Contexto similar a previo a 20x (n=6 muestras | avg_low=38.90%)
2026-05-13 20:55:33 [DEBUG] entropy — [ENTROPÍA] score=0.631 label=normal structured=False dead=False
2026-05-13 20:55:33 [DEBUG] ml_clustering — [ML] contexto=neutral score=71 anomalía=0.600 similar=2 buffer=95
2026-05-13 20:55:33 [INFO] dual_engine — [DUAL ENGINE] mode=none emit=False target=0.00x safe=39 hunter=71 moon=85 entropy=0.631
2026-05-13 20:55:33 [INFO] main_v3 — [20:55:32] 8.16x | mode=none | safe=39 | hunter=71 | moon=85 | entropy=0.631 | comp=0.181 | tension=39
2026-05-13 20:55:33 [INFO] main_v3 — [ANOMALÍA] Contexto: NEUTRAL (score=71) | Crash density 15r=26.67% | Compresión=0.181 | Entropía=0.631 | Anomalía=0.600
2026-05-13 20:55:33 [INFO] main_v3 — [POST_SPIKE_COOLDOWN] Bloqueado 1 rondas tras 8x
2026-05-13 20:55:33 [INFO] main_v3 — [DISTANCIA 20x ELEVADA] hace=53r | avg=18r | z=2.3σ | presión=1.00
2026-05-13 20:55:33 [INFO] main_v3 — [DISTANCIA 50x ELEVADA] hace=100r | avg=30r | z=2.8σ | presión=1.00
2026-05-13 20:55:33 [INFO] main_v3 — [DISTANCIA 100x ELEVADA] hace=196r | avg=55r | z=2.8σ | presión=1.00
2026-05-13 20:55:33 [INFO] main_v3 — [PRE-SPIKE DETECTADO] Contexto similar a previo a 10x (n=12 muestras | avg_low=38.30%)
2026-05-13 20:55:33 [INFO] main_v3 — [PRE-SPIKE DETECTADO] Contexto similar a previo a 20x (n=6 muestras | avg_low=38.90%)
2026-05-13 20:55:52 [INFO] advanced_stats — [DISTANCIA 20x ELEVADA] hace=54r | avg=18r | z=2.4σ | presión=1.00
2026-05-13 20:55:52 [INFO] advanced_stats — [DISTANCIA 50x ELEVADA] hace=101r | avg=30r | z=2.8σ | presión=1.00
2026-05-13 20:55:52 [INFO] advanced_stats — [DISTANCIA 100x ELEVADA] hace=197r | avg=55r | z=2.8σ | presión=1.00
2026-05-13 20:55:52 [INFO] advanced_stats — [PRE-SPIKE DETECTADO] Contexto similar a previo a 10x (n=12 muestras | avg_low=38.30%)
2026-05-13 20:55:52 [INFO] advanced_stats — [PRE-SPIKE DETECTADO] Contexto similar a previo a 20x (n=6 muestras | avg_low=38.90%)
2026-05-13 20:55:52 [DEBUG] entropy — [ENTROPÍA] score=0.642 label=normal structured=False dead=False
2026-05-13 20:55:52 [DEBUG] ml_clustering — [ML] contexto=neutral score=71 anomalía=0.600 similar=3 buffer=96
2026-05-13 20:55:52 [INFO] dual_engine — [DUAL ENGINE] mode=moon emit=True target=100.00x safe=39 hunter=71 moon=85 entropy=0.642
2026-05-13 20:55:52 [INFO] main_v3 — [20:55:52] 2.60x | mode=moon | safe=39 | hunter=71 | moon=85 | entropy=0.642 | comp=0.181 | tension=39
2026-05-13 20:55:52 [INFO] main_v3 — [MOON] target=100.0x score=85 | tensión=39 | overdue_levels=[20, 50, 100]
2026-05-13 20:55:52 [INFO] main_v3 — [ANOMALÍA] Contexto: NEUTRAL (score=71) | Crash density 15r=26.67% | Compresión=0.181 | Entropía=0.642 | Anomalía=0.600
2026-05-13 20:55:52 [INFO] main_v3 — [DISTANCIA 20x ELEVADA] hace=54r | avg=18r | z=2.4σ | presión=1.00
2026-05-13 20:55:52 [INFO] main_v3 — [DISTANCIA 50x ELEVADA] hace=101r | avg=30r | z=2.8σ | presión=1.00
2026-05-13 20:55:52 [INFO] main_v3 — [DISTANCIA 100x ELEVADA] hace=197r | avg=55r | z=2.8σ | presión=1.00
2026-05-13 20:55:52 [INFO] main_v3 — [PRE-SPIKE DETECTADO] Contexto similar a previo a 10x (n=12 muestras | avg_low=38.30%)
2026-05-13 20:55:52 [INFO] main_v3 — [PRE-SPIKE DETECTADO] Contexto similar a previo a 20x (n=6 muestras | avg_low=38.90%)
2026-05-13 20:56:21 [INFO] analyzer — Anti-FOMO: spike 6.40x → bloqueando 3 rondas.
2026-05-13 20:56:21 [INFO] advanced_stats — [POST_SPIKE_COOLDOWN] 6.40x >= 5x → bloqueando 2 rondas
2026-05-13 20:56:21 [DEBUG] db_advanced — spike_distances: nivel=5x dist=2 val=6.40
2026-05-13 20:56:21 [DEBUG] db_advanced — pre_spike_context guardado: 6.40x (nivel=5x)
2026-05-13 20:56:21 [INFO] spike_tracker — [SPIKE] 6.40x >= 5x | distancia=2 rondas
2026-05-13 20:56:21 [INFO] advanced_stats — [DISTANCIA 20x ELEVADA] hace=55r | avg=18r | z=2.5σ | presión=1.00
2026-05-13 20:56:21 [INFO] advanced_stats — [DISTANCIA 50x ELEVADA] hace=102r | avg=30r | z=2.9σ | presión=1.00
2026-05-13 20:56:21 [INFO] advanced_stats — [DISTANCIA 100x ELEVADA] hace=198r | avg=55r | z=2.9σ | presión=1.00
2026-05-13 20:56:21 [INFO] advanced_stats — [PRE-SPIKE DETECTADO] Contexto similar a previo a 10x (n=12 muestras | avg_low=38.30%)
2026-05-13 20:56:21 [INFO] advanced_stats — [PRE-SPIKE DETECTADO] Contexto similar a previo a 20x (n=6 muestras | avg_low=38.90%)
2026-05-13 20:56:21 [DEBUG] entropy — [ENTROPÍA] score=0.679 label=normal structured=False dead=False
2026-05-13 20:56:21 [DEBUG] ml_clustering — [ML] contexto=neutral score=70 anomalía=0.600 similar=4 buffer=97
2026-05-13 20:56:21 [INFO] dual_engine — [DUAL ENGINE] mode=none emit=False target=0.00x safe=41 hunter=70 moon=85 entropy=0.679
2026-05-13 20:56:21 [INFO] main_v3 — [20:56:21] 6.40x | mode=none | safe=41 | hunter=70 | moon=85 | entropy=0.679 | comp=0.156 | tension=38
2026-05-13 20:56:21 [INFO] main_v3 — [ANOMALÍA] Contexto: NEUTRAL (score=70) | Crash density 15r=26.67% | Compresión=0.156 | Entropía=0.679 | Anomalía=0.600
2026-05-13 20:56:21 [INFO] main_v3 — [POST_SPIKE_COOLDOWN] Bloqueado 1 rondas tras 5x
2026-05-13 20:56:21 [INFO] main_v3 — [DISTANCIA 20x ELEVADA] hace=55r | avg=18r | z=2.5σ | presión=1.00
2026-05-13 20:56:21 [INFO] main_v3 — [DISTANCIA 50x ELEVADA] hace=102r | avg=30r | z=2.9σ | presión=1.00
2026-05-13 20:56:21 [INFO] main_v3 — [DISTANCIA 100x ELEVADA] hace=198r | avg=55r | z=2.9σ | presión=1.00
2026-05-13 20:56:21 [INFO] main_v3 — [PRE-SPIKE DETECTADO] Contexto similar a previo a 10x (n=12 muestras | avg_low=38.30%)
2026-05-13 20:56:21 [INFO] main_v3 — [PRE-SPIKE DETECTADO] Contexto similar a previo a 20x (n=6 muestras | avg_low=38.90%)
2026-05-13 20:56:44 [INFO] advanced_stats — [DISTANCIA 20x ELEVADA] hace=56r | avg=18r | z=2.5σ | presión=1.00
2026-05-13 20:56:44 [INFO] advanced_stats — [DISTANCIA 50x ELEVADA] hace=103r | avg=30r | z=2.9σ | presión=1.00
2026-05-13 20:56:44 [INFO] advanced_stats — [DISTANCIA 100x ELEVADA] hace=199r | avg=55r | z=2.9σ | presión=1.00
2026-05-13 20:56:44 [DEBUG] entropy — [ENTROPÍA] score=0.689 label=normal structured=False dead=False
2026-05-13 20:56:44 [DEBUG] ml_clustering — [ML] contexto=neutral score=71 anomalía=0.600 similar=5 buffer=98
2026-05-13 20:56:44 [INFO] dual_engine — [DUAL ENGINE] mode=moon emit=True target=10.00x safe=42 hunter=40 moon=45 entropy=0.689
2026-05-13 20:56:44 [INFO] main_v3 — [20:56:44] 2.96x | mode=moon | safe=42 | hunter=40 | moon=45 | entropy=0.689 | comp=0.156 | tension=38
2026-05-13 20:56:44 [INFO] main_v3 — [MOON] target=10.0x score=45 | tensión=38 | overdue_levels=[20, 50, 100]
2026-05-13 20:56:44 [INFO] main_v3 — [ANOMALÍA] Contexto: NEUTRAL (score=71) | Crash density 15r=20.00% | Compresión=0.156 | Entropía=0.689 | Anomalía=0.600
2026-05-13 20:56:44 [INFO] main_v3 — [DISTANCIA 20x ELEVADA] hace=56r | avg=18r | z=2.5σ | presión=1.00
2026-05-13 20:56:44 [INFO] main_v3 — [DISTANCIA 50x ELEVADA] hace=103r | avg=30r | z=2.9σ | presión=1.00
2026-05-13 20:56:44 [INFO] main_v3 — [DISTANCIA 100x ELEVADA] hace=199r | avg=55r | z=2.9σ | presión=1.00
2026-05-13 20:56:51 [INFO] db_v2 — [DUAL SIGNAL] id=14 mode=moon target=10.00x conf=28%
2026-05-13 20:56:52 [INFO] main_v3 — ✅ Señal #14 emitida | mode=moon target=10.0x conf=28% safe=42 hunter=40 moon=45
2026-05-13 20:57:47 [INFO] main_v3 — ✅ Dual señal #14 (moon 10.0x) → 138.18x en 1 ronda
2026-05-13 20:57:47 [INFO] analyzer — Anti-FOMO: spike 138.18x → bloqueando 3 rondas.
2026-05-13 20:57:47 [INFO] advanced_stats — [POST_SPIKE_COOLDOWN] 138.18x >= 5x → bloqueando 2 rondas
2026-05-13 20:57:47 [INFO] advanced_stats — [POST_SPIKE_COOLDOWN] 138.18x >= 8x → bloqueando 2 rondas
2026-05-13 20:57:47 [INFO] advanced_stats — [POST_SPIKE_COOLDOWN] 138.18x >= 10x → bloqueando 3 rondas
2026-05-13 20:57:47 [INFO] advanced_stats — [POST_SPIKE_COOLDOWN] 138.18x >= 20x → bloqueando 4 rondas
2026-05-13 20:57:47 [INFO] advanced_stats — [POST_SPIKE_COOLDOWN] 138.18x >= 50x → bloqueando 5 rondas
2026-05-13 20:57:47 [DEBUG] db_advanced — spike_distances: nivel=5x dist=2 val=138.18
2026-05-13 20:57:47 [DEBUG] db_advanced — pre_spike_context guardado: 138.18x (nivel=5x)
2026-05-13 20:57:47 [INFO] spike_tracker — [SPIKE] 138.18x >= 5x | distancia=2 rondas
2026-05-13 20:57:47 [DEBUG] db_advanced — spike_distances: nivel=8x dist=4 val=138.18
2026-05-13 20:57:47 [DEBUG] db_advanced — pre_spike_context guardado: 138.18x (nivel=8x)
2026-05-13 20:57:47 [INFO] spike_tracker — [SPIKE] 138.18x >= 8x | distancia=4 rondas
2026-05-13 20:57:48 [DEBUG] db_advanced — spike_distances: nivel=10x dist=13 val=138.18
2026-05-13 20:57:48 [DEBUG] db_advanced — pre_spike_context guardado: 138.18x (nivel=10x)
2026-05-13 20:57:48 [INFO] spike_tracker — [SPIKE] 138.18x >= 10x | distancia=13 rondas
2026-05-13 20:57:48 [DEBUG] db_advanced — spike_distances: nivel=20x dist=57 val=138.18
2026-05-13 20:57:48 [DEBUG] db_advanced — pre_spike_context guardado: 138.18x (nivel=20x)
2026-05-13 20:57:48 [INFO] spike_tracker — [SPIKE] 138.18x >= 20x | distancia=57 rondas
2026-05-13 20:57:48 [DEBUG] db_advanced — spike_distances: nivel=50x dist=99 val=138.18
2026-05-13 20:57:48 [DEBUG] db_advanced — pre_spike_context guardado: 138.18x (nivel=50x)
2026-05-13 20:57:48 [INFO] spike_tracker — [SPIKE] 138.18x >= 50x | distancia=99 rondas
2026-05-13 20:57:48 [DEBUG] db_advanced — spike_distances: nivel=100x dist=99 val=138.18
2026-05-13 20:57:48 [DEBUG] db_advanced — pre_spike_context guardado: 138.18x (nivel=100x)
2026-05-13 20:57:48 [INFO] spike_tracker — [SPIKE] 138.18x >= 100x | distancia=99 rondas
2026-05-13 20:57:48 [DEBUG] entropy — [ENTROPÍA] score=0.043 label=estructurado structured=True dead=False
2026-05-13 20:57:48 [WARNING] entropy — [DEAD MARKET] Bloqueando todas las señales. toxicity=0.60 | 2 spikes ≥8x en últimas 5 rondas | Volatilidad absurda (std=42.6 en 10r)
2026-05-13 20:57:48 [DEBUG] ml_clustering — [ML] contexto=neutral score=72 anomalía=0.953 similar=0 buffer=99
2026-05-13 20:57:48 [INFO] dual_engine — [DUAL ENGINE] mode=dead emit=False target=0.00x safe=32 hunter=9 moon=0 entropy=0.043
2026-05-13 20:57:48 [INFO] main_v3 — [20:57:46] 138.18x | mode=dead | safe=32 | hunter=9 | moon=0 | entropy=0.043 | comp=0.156 | tension=8
2026-05-13 20:57:49 [INFO] main_v3 — [DEAD MARKET] 2 spikes ≥8x en últimas 5 rondas | Volatilidad absurda (std=42.6 en 10r)
2026-05-13 20:57:49 [INFO] main_v3 — [ENTROPÍA] Entropía baja (0.043) con run-length=0.540. Posible compresión estadística activa.
2026-05-13 20:57:49 [INFO] main_v3 — [ANOMALÍA] Contexto: NEUTRAL (score=72) | Crash density 15r=13.33% | Compresión=0.156 | Entropía=0.043 | Anomalía=0.953
2026-05-13 20:57:49 [INFO] main_v3 — [POST_SPIKE_COOLDOWN] Bloqueado 4 rondas tras 50x
2026-05-13 20:58:11 [DEBUG] entropy — [ENTROPÍA] score=0.043 label=estructurado structured=True dead=False
2026-05-13 20:58:11 [DEBUG] ml_clustering — [ML] contexto=neutral score=72 anomalía=0.949 similar=1 buffer=100
2026-05-13 20:58:11 [INFO] dual_engine — [DUAL ENGINE] mode=none emit=False target=0.00x safe=32 hunter=9 moon=0 entropy=0.043
2026-05-13 20:58:11 [INFO] main_v3 — [20:58:10] 4.41x | mode=none | safe=32 | hunter=9 | moon=0 | entropy=0.043 | comp=0.156 | tension=8
2026-05-13 20:58:11 [INFO] main_v3 — [ENTROPÍA] Entropía baja (0.043) con run-length=0.540. Posible compresión estadística activa.
2026-05-13 20:58:11 [INFO] main_v3 — [ANOMALÍA] Contexto: NEUTRAL (score=72) | Crash density 15r=13.33% | Compresión=0.156 | Entropía=0.043 | Anomalía=0.949
2026-05-13 20:58:11 [INFO] main_v3 — [POST_SPIKE_COOLDOWN] Bloqueado 3 rondas tras 50x
2026-05-13 20:58:40 [INFO] analyzer — Anti-FOMO: spike 6.22x → bloqueando 3 rondas.
2026-05-13 20:58:40 [INFO] advanced_stats — [POST_SPIKE_COOLDOWN] 6.22x >= 5x → bloqueando 2 rondas
2026-05-13 20:58:40 [DEBUG] db_advanced — spike_distances: nivel=5x dist=2 val=6.22
2026-05-13 20:58:40 [DEBUG] db_advanced — pre_spike_context guardado: 6.22x (nivel=5x)
2026-05-13 20:58:40 [INFO] spike_tracker — [SPIKE] 6.22x >= 5x | distancia=2 rondas
2026-05-13 20:58:40 [DEBUG] entropy — [ENTROPÍA] score=0.043 label=estructurado structured=True dead=False
2026-05-13 20:58:40 [DEBUG] ml_clustering — [ML] contexto=neutral score=72 anomalía=1.000 similar=2 buffer=101
2026-05-13 20:58:40 [INFO] dual_engine — [DUAL ENGINE] mode=none emit=False target=0.00x safe=34 hunter=5 moon=0 entropy=0.043
2026-05-13 20:58:40 [INFO] main_v3 — [20:58:40] 6.22x | mode=none | safe=34 | hunter=5 | moon=0 | entropy=0.043 | comp=0.000 | tension=2
2026-05-13 20:58:40 [INFO] main_v3 — [ENTROPÍA] Entropía baja (0.043) con run-length=0.540. Posible compresión estadística activa.
2026-05-13 20:58:40 [INFO] main_v3 — [ANOMALÍA] Contexto: NEUTRAL (score=72) | Crash density 15r=13.33% | Compresión=0.000 | Entropía=0.043 | Anomalía=1.000
2026-05-13 20:58:40 [INFO] main_v3 — [POST_SPIKE_COOLDOWN] Bloqueado 2 rondas tras 50x
2026-05-13 20:58:55 [DEBUG] entropy — [ENTROPÍA] score=0.043 label=estructurado structured=True dead=False
2026-05-13 20:58:55 [DEBUG] ml_clustering — [ML] contexto=neutral score=73 anomalía=1.000 similar=3 buffer=102
2026-05-13 20:58:55 [INFO] dual_engine — [DUAL ENGINE] mode=none emit=False target=0.00x safe=32 hunter=5 moon=0 entropy=0.043
2026-05-13 20:58:55 [INFO] main_v3 — [20:58:54] 1.64x | mode=none | safe=32 | hunter=5 | moon=0 | entropy=0.043 | comp=0.000 | tension=2
2026-05-13 20:58:55 [INFO] main_v3 — [ENTROPÍA] Entropía baja (0.043) con run-length=0.540. Posible compresión estadística activa.
2026-05-13 20:58:55 [INFO] main_v3 — [ANOMALÍA] Contexto: NEUTRAL (score=73) | Crash density 15r=6.67% | Compresión=0.000 | Entropía=0.043 | Anomalía=1.000
2026-05-13 20:58:55 [INFO] main_v3 — [POST_SPIKE_COOLDOWN] Bloqueado 1 rondas tras 50x
2026-05-13 20:59:09 [DEBUG] entropy — [ENTROPÍA] score=0.043 label=estructurado structured=True dead=False
2026-05-13 20:59:09 [DEBUG] ml_clustering — [ML] contexto=neutral score=73 anomalía=1.000 similar=4 buffer=103
2026-05-13 20:59:09 [INFO] dual_engine — [DUAL ENGINE] mode=none emit=False target=0.00x safe=31 hunter=5 moon=0 entropy=0.043
2026-05-13 20:59:09 [INFO] main_v3 — [20:59:09] 1.57x | mode=none | safe=31 | hunter=5 | moon=0 | entropy=0.043 | comp=0.000 | tension=2
2026-05-13 20:59:09 [INFO] main_v3 — [ENTROPÍA] Entropía baja (0.043) con run-length=0.540. Posible compresión estadística activa.
2026-05-13 20:59:09 [INFO] main_v3 — [ANOMALÍA] Contexto: NEUTRAL (score=73) | Crash density 15r=6.67% | Compresión=0.000 | Entropía=0.043 | Anomalía=1.000
2026-05-13 20:59:41 [INFO] analyzer — Anti-FOMO: spike 8.52x → bloqueando 3 rondas.
2026-05-13 20:59:41 [INFO] advanced_stats — [POST_SPIKE_COOLDOWN] 8.52x >= 5x → bloqueando 2 rondas
2026-05-13 20:59:41 [INFO] advanced_stats — [POST_SPIKE_COOLDOWN] 8.52x >= 8x → bloqueando 2 rondas
2026-05-13 20:59:41 [DEBUG] db_advanced — spike_distances: nivel=5x dist=3 val=8.52
2026-05-13 20:59:41 [DEBUG] db_advanced — pre_spike_context guardado: 8.52x (nivel=5x)
2026-05-13 20:59:41 [INFO] spike_tracker — [SPIKE] 8.52x >= 5x | distancia=3 rondas
2026-05-13 20:59:41 [DEBUG] db_advanced — spike_distances: nivel=8x dist=5 val=8.52
2026-05-13 20:59:41 [DEBUG] db_advanced — pre_spike_context guardado: 8.52x (nivel=8x)
2026-05-13 20:59:41 [INFO] spike_tracker — [SPIKE] 8.52x >= 8x | distancia=5 rondas
2026-05-13 20:59:41 [DEBUG] entropy — [ENTROPÍA] score=0.043 label=estructurado structured=True dead=False
2026-05-13 20:59:41 [DEBUG] ml_clustering — [ML] contexto=neutral score=73 anomalía=1.000 similar=5 buffer=104
2026-05-13 20:59:41 [INFO] dual_engine — [DUAL ENGINE] mode=none emit=False target=0.00x safe=31 hunter=5 moon=0 entropy=0.043
2026-05-13 20:59:42 [INFO] main_v3 — [20:59:41] 8.52x | mode=none | safe=31 | hunter=5 | moon=0 | entropy=0.043 | comp=0.000 | tension=2
2026-05-13 20:59:42 [INFO] main_v3 — [ENTROPÍA] Entropía baja (0.043) con run-length=0.520. Posible compresión estadística activa.
2026-05-13 20:59:42 [INFO] main_v3 — [ANOMALÍA] Contexto: NEUTRAL (score=73) | Crash density 15r=6.67% | Compresión=0.000 | Entropía=0.043 | Anomalía=1.000
2026-05-13 20:59:42 [INFO] main_v3 — [POST_SPIKE_COOLDOWN] Bloqueado 1 rondas tras 8x
2026-05-13 20:59:54 [DEBUG] entropy — [ENTROPÍA] score=0.043 label=estructurado structured=True dead=False
2026-05-13 20:59:54 [DEBUG] ml_clustering — [ML] contexto=neutral score=73 anomalía=1.000 similar=6 buffer=105
2026-05-13 20:59:54 [INFO] dual_engine — [DUAL ENGINE] mode=none emit=False target=0.00x safe=29 hunter=5 moon=0 entropy=0.043
2026-05-13 20:59:54 [INFO] main_v3 — [20:59:54] 1.51x | mode=none | safe=29 | hunter=5 | moon=0 | entropy=0.043 | comp=0.000 | tension=2
2026-05-13 20:59:54 [INFO] main_v3 — [ENTROPÍA] Entropía baja (0.043) con run-length=0.520. Posible compresión estadística activa.
2026-05-13 20:59:54 [INFO] main_v3 — [ANOMALÍA] Contexto: NEUTRAL (score=73) | Crash density 15r=6.67% | Compresión=0.000 | Entropía=0.043 | Anomalía=1.000
2026-05-13 21:00:11 [DEBUG] entropy — [ENTROPÍA] score=0.043 label=estructurado structured=True dead=False
2026-05-13 21:00:11 [DEBUG] ml_clustering — [ML] contexto=neutral score=74 anomalía=1.000 similar=5 buffer=106
2026-05-13 21:00:11 [INFO] dual_engine — [DUAL ENGINE] mode=none emit=False target=0.00x safe=28 hunter=5 moon=0 entropy=0.043
2026-05-13 21:00:11 [INFO] main_v3 — [21:00:11] 1.79x | mode=none | safe=28 | hunter=5 | moon=0 | entropy=0.043 | comp=0.000 | tension=2
2026-05-13 21:00:11 [INFO] main_v3 — [ENTROPÍA] Entropía baja (0.043) con run-length=0.520. Posible compresión estadística activa.
2026-05-13 21:00:11 [INFO] main_v3 — [ANOMALÍA] Contexto: NEUTRAL (score=74) | Crash density 15r=0.00% | Compresión=0.000 | Entropía=0.043 | Anomalía=1.000
2026-05-13 21:00:43 [INFO] analyzer — Anti-FOMO: spike 7.93x → bloqueando 3 rondas.
2026-05-13 21:00:43 [INFO] advanced_stats — [POST_SPIKE_COOLDOWN] 7.93x >= 5x → bloqueando 2 rondas
2026-05-13 21:00:43 [DEBUG] db_advanced — spike_distances: nivel=5x dist=3 val=7.93
2026-05-13 21:00:43 [DEBUG] db_advanced — pre_spike_context guardado: 7.93x (nivel=5x)
2026-05-13 21:00:43 [INFO] spike_tracker — [SPIKE] 7.93x >= 5x | distancia=3 rondas
2026-05-13 21:00:43 [DEBUG] entropy — [ENTROPÍA] score=0.043 label=estructurado structured=True dead=False
2026-05-13 21:00:43 [DEBUG] ml_clustering — [ML] contexto=neutral score=74 anomalía=1.000 similar=6 buffer=107
2026-05-13 21:00:43 [INFO] dual_engine — [DUAL ENGINE] mode=none emit=False target=0.00x safe=28 hunter=5 moon=0 entropy=0.043
2026-05-13 21:00:43 [INFO] main_v3 — [21:00:43] 7.93x | mode=none | safe=28 | hunter=5 | moon=0 | entropy=0.043 | comp=0.000 | tension=2
2026-05-13 21:00:43 [INFO] main_v3 — [ENTROPÍA] Entropía baja (0.043) con run-length=0.520. Posible compresión estadística activa.
2026-05-13 21:00:43 [INFO] main_v3 — [ANOMALÍA] Contexto: NEUTRAL (score=74) | Crash density 15r=0.00% | Compresión=0.000 | Entropía=0.043 | Anomalía=1.000
2026-05-13 21:00:43 [INFO] main_v3 — [POST_SPIKE_COOLDOWN] Bloqueado 1 rondas tras 5x
2026-05-13 21:00:53 [DEBUG] entropy — [ENTROPÍA] score=0.043 label=estructurado structured=True dead=False
2026-05-13 21:00:53 [DEBUG] ml_clustering — [ML] contexto=neutral score=73 anomalía=1.000 similar=8 buffer=108
2026-05-13 21:00:53 [INFO] dual_engine — [DUAL ENGINE] mode=none emit=False target=0.00x safe=26 hunter=9 moon=0 entropy=0.043
2026-05-13 21:00:53 [INFO] main_v3 — [21:00:53] 1.27x | mode=none | safe=26 | hunter=9 | moon=0 | entropy=0.043 | comp=0.156 | tension=8
2026-05-13 21:00:54 [INFO] main_v3 — [ENTROPÍA] Entropía baja (0.043) con run-length=0.520. Posible compresión estadística activa.
2026-05-13 21:00:54 [INFO] main_v3 — [ANOMALÍA] Contexto: NEUTRAL (score=73) | Crash density 15r=6.67% | Compresión=0.156 | Entropía=0.043 | Anomalía=1.000
2026-05-13 21:01:23 [INFO] analyzer — Anti-FOMO: spike 8.16x → bloqueando 3 rondas.
2026-05-13 21:01:23 [INFO] advanced_stats — [POST_SPIKE_COOLDOWN] 8.16x >= 5x → bloqueando 2 rondas
2026-05-13 21:01:23 [INFO] advanced_stats — [POST_SPIKE_COOLDOWN] 8.16x >= 8x → bloqueando 2 rondas
2026-05-13 21:01:23 [DEBUG] db_advanced — spike_distances: nivel=5x dist=2 val=8.16
2026-05-13 21:01:23 [DEBUG] db_advanced — pre_spike_context guardado: 8.16x (nivel=5x)
2026-05-13 21:01:23 [INFO] spike_tracker — [SPIKE] 8.16x >= 5x | distancia=2 rondas
2026-05-13 21:01:23 [DEBUG] db_advanced — spike_distances: nivel=8x dist=5 val=8.16
2026-05-13 21:01:23 [DEBUG] db_advanced — pre_spike_context guardado: 8.16x (nivel=8x)
2026-05-13 21:01:23 [INFO] spike_tracker — [SPIKE] 8.16x >= 8x | distancia=5 rondas
2026-05-13 21:01:23 [DEBUG] entropy — [ENTROPÍA] score=0.043 label=estructurado structured=True dead=False
2026-05-13 21:01:23 [DEBUG] ml_clustering — [ML] contexto=neutral score=73 anomalía=1.000 similar=9 buffer=109
2026-05-13 21:01:23 [INFO] dual_engine — [DUAL ENGINE] mode=none emit=False target=0.00x safe=26 hunter=9 moon=0 entropy=0.043
2026-05-13 21:01:23 [INFO] main_v3 — [21:01:23] 8.16x | mode=none | safe=26 | hunter=9 | moon=0 | entropy=0.043 | comp=0.156 | tension=8
2026-05-13 21:01:23 [INFO] main_v3 — [ENTROPÍA] Entropía baja (0.043) con run-length=0.520. Posible compresión estadística activa.
2026-05-13 21:01:23 [INFO] main_v3 — [ANOMALÍA] Contexto: NEUTRAL (score=73) | Crash density 15r=6.67% | Compresión=0.156 | Entropía=0.043 | Anomalía=1.000
2026-05-13 21:01:23 [INFO] main_v3 — [POST_SPIKE_COOLDOWN] Bloqueado 1 rondas tras 8x
2026-05-13 21:01:55 [INFO] analyzer — Anti-FOMO: spike 7.71x → bloqueando 3 rondas.
2026-05-13 21:01:55 [INFO] advanced_stats — [POST_SPIKE_COOLDOWN] 7.71x >= 5x → bloqueando 2 rondas
2026-05-13 21:01:55 [DEBUG] db_advanced — spike_distances: nivel=5x dist=1 val=7.71
2026-05-13 21:01:55 [DEBUG] db_advanced — pre_spike_context guardado: 7.71x (nivel=5x)
2026-05-13 21:01:55 [INFO] spike_tracker — [SPIKE] 7.71x >= 5x | distancia=1 rondas
2026-05-13 21:01:55 [DEBUG] entropy — [ENTROPÍA] score=0.043 label=estructurado structured=True dead=False
2026-05-13 21:01:55 [DEBUG] ml_clustering — [ML] contexto=neutral score=73 anomalía=1.000 similar=6 buffer=110
2026-05-13 21:01:55 [INFO] dual_engine — [DUAL ENGINE] mode=none emit=False target=0.00x safe=26 hunter=9 moon=0 entropy=0.043
2026-05-13 21:01:55 [INFO] main_v3 — [21:01:55] 7.71x | mode=none | safe=26 | hunter=9 | moon=0 | entropy=0.043 | comp=0.156 | tension=8
2026-05-13 21:01:55 [INFO] main_v3 — [ENTROPÍA] Entropía baja (0.043) con run-length=0.540. Posible compresión estadística activa.
2026-05-13 21:01:55 [INFO] main_v3 — [ANOMALÍA] Contexto: NEUTRAL (score=73) | Crash density 15r=6.67% | Compresión=0.156 | Entropía=0.043 | Anomalía=1.000
2026-05-13 21:01:55 [INFO] main_v3 — [POST_SPIKE_COOLDOWN] Bloqueado 1 rondas tras 5x
2026-05-13 21:02:06 [DEBUG] entropy — [ENTROPÍA] score=0.043 label=estructurado structured=True dead=False
2026-05-13 21:02:06 [DEBUG] ml_clustering — [ML] contexto=neutral score=72 anomalía=0.988 similar=7 buffer=111
2026-05-13 21:02:06 [INFO] dual_engine — [DUAL ENGINE] mode=none emit=False target=0.00x safe=25 hunter=10 moon=0 entropy=0.043
2026-05-13 21:02:06 [INFO] main_v3 — [21:02:06] 1.31x | mode=none | safe=25 | hunter=10 | moon=0 | entropy=0.043 | comp=0.181 | tension=8
2026-05-13 21:02:06 [INFO] main_v3 — [ENTROPÍA] Entropía baja (0.043) con run-length=0.520. Posible compresión estadística activa.
2026-05-13 21:02:06 [INFO] main_v3 — [ANOMALÍA] Contexto: NEUTRAL (score=72) | Crash density 15r=13.33% | Compresión=0.181 | Entropía=0.043 | Anomalía=0.988
2026-05-13 21:02:32 [DEBUG] entropy — [ENTROPÍA] score=0.043 label=estructurado structured=True dead=False
2026-05-13 21:02:32 [DEBUG] ml_clustering — [ML] contexto=neutral score=72 anomalía=0.975 similar=11 buffer=112
2026-05-13 21:02:32 [INFO] dual_engine — [DUAL ENGINE] mode=none emit=False target=0.00x safe=26 hunter=10 moon=0 entropy=0.043
2026-05-13 21:02:32 [INFO] main_v3 — [21:02:32] 4.74x | mode=none | safe=26 | hunter=10 | moon=0 | entropy=0.043 | comp=0.181 | tension=9
2026-05-13 21:02:32 [INFO] main_v3 — [ENTROPÍA] Entropía baja (0.043) con run-length=0.500. Posible compresión estadística activa.
2026-05-13 21:02:32 [INFO] main_v3 — [ANOMALÍA] Contexto: NEUTRAL (score=72) | Crash density 15r=13.33% | Compresión=0.181 | Entropía=0.043 | Anomalía=0.975
2026-05-13 21:02:54 [DEBUG] entropy — [ENTROPÍA] score=0.043 label=estructurado structured=True dead=False
2026-05-13 21:02:54 [DEBUG] ml_clustering — [ML] contexto=neutral score=72 anomalía=0.984 similar=9 buffer=113
2026-05-13 21:02:54 [INFO] dual_engine — [DUAL ENGINE] mode=safe emit=True target=2.50x safe=38 hunter=15 moon=6 entropy=0.043
2026-05-13 21:02:54 [INFO] main_v3 — [21:02:54] 2.71x | mode=safe | safe=38 | hunter=15 | moon=6 | entropy=0.043 | comp=0.181 | tension=9
2026-05-13 21:02:54 [INFO] main_v3 — [SAFE] target=2.5x score=38.0 | score=38.0 | crash_density=13.30% | P(≥2.5x)=54.3% | std=34.69
2026-05-13 21:02:54 [INFO] main_v3 — [ENTROPÍA] Entropía baja (0.043) con run-length=0.500. Posible compresión estadística activa.
2026-05-13 21:02:54 [INFO] main_v3 — [ANOMALÍA] Contexto: NEUTRAL (score=72) | Crash density 15r=13.33% | Compresión=0.181 | Entropía=0.043 | Anomalía=0.984
2026-05-13 21:02:59 [INFO] main_v3 — 🚫 IA bloqueó señal | reason='condiciones safe insuficientes' mode=safe target=2.5x
2026-05-13 21:03:00 [INFO] main_v3 — ✅ Señal #14 emitida | mode=safe target=2.5x conf=40% safe=38 hunter=15 moon=6
2026-05-13 21:03:33 [INFO] analyzer — Anti-FOMO: spike 13.65x → bloqueando 3 rondas.
2026-05-13 21:03:33 [INFO] advanced_stats — [POST_SPIKE_COOLDOWN] 13.65x >= 5x → bloqueando 2 rondas
2026-05-13 21:03:33 [INFO] advanced_stats — [POST_SPIKE_COOLDOWN] 13.65x >= 8x → bloqueando 2 rondas
2026-05-13 21:03:33 [INFO] advanced_stats — [POST_SPIKE_COOLDOWN] 13.65x >= 10x → bloqueando 3 rondas
2026-05-13 21:03:33 [DEBUG] db_advanced — spike_distances: nivel=5x dist=4 val=13.65
2026-05-13 21:03:33 [DEBUG] db_advanced — pre_spike_context guardado: 13.65x (nivel=5x)
2026-05-13 21:03:33 [INFO] spike_tracker — [SPIKE] 13.65x >= 5x | distancia=4 rondas
2026-05-13 21:03:33 [DEBUG] db_advanced — spike_distances: nivel=8x dist=5 val=13.65
2026-05-13 21:03:33 [DEBUG] db_advanced — pre_spike_context guardado: 13.65x (nivel=8x)
2026-05-13 21:03:33 [INFO] spike_tracker — [SPIKE] 13.65x >= 8x | distancia=5 rondas
2026-05-13 21:03:33 [DEBUG] db_advanced — spike_distances: nivel=10x dist=15 val=13.65
2026-05-13 21:03:33 [DEBUG] db_advanced — pre_spike_context guardado: 13.65x (nivel=10x)
2026-05-13 21:03:33 [INFO] spike_tracker — [SPIKE] 13.65x >= 10x | distancia=15 rondas
2026-05-13 21:03:34 [DEBUG] entropy — [ENTROPÍA] score=0.043 label=estructurado structured=True dead=False
2026-05-13 21:03:34 [DEBUG] ml_clustering — [ML] contexto=safe score=94 anomalía=1.000 similar=0 buffer=114
2026-05-13 21:03:34 [INFO] dual_engine — [DUAL ENGINE] mode=none emit=False target=0.00x safe=38 hunter=10 moon=0 entropy=0.043
2026-05-13 21:03:34 [INFO] main_v3 — [21:03:33] 13.65x | mode=none | safe=38 | hunter=10 | moon=0 | entropy=0.043 | comp=0.181 | tension=8
2026-05-13 21:03:34 [INFO] main_v3 — [ENTROPÍA] Entropía baja (0.043) con run-length=0.520. Posible compresión estadística activa.
2026-05-13 21:03:34 [INFO] main_v3 — [ANOMALÍA] Contexto: SAFE (score=94) | Crash density 15r=13.33% | Compresión=0.181 | Entropía=0.043 | Anomalía=1.000
2026-05-13 21:03:34 [INFO] main_v3 — [POST_SPIKE_COOLDOWN] Bloqueado 2 rondas tras 10x
2026-05-13 21:03:40 [INFO] advanced_stats — [PRE-SPIKE DETECTADO] Contexto similar a previo a 10x (n=14 muestras | avg_low=34.30%)
2026-05-13 21:03:41 [INFO] advanced_stats — [PRE-SPIKE DETECTADO] Contexto similar a previo a 20x (n=7 muestras | avg_low=34.30%)
2026-05-13 21:03:41 [DEBUG] entropy — [ENTROPÍA] score=0.043 label=estructurado structured=True dead=False
2026-05-13 21:03:41 [DEBUG] ml_clustering — [ML] contexto=safe score=92 anomalía=1.000 similar=1 buffer=115
2026-05-13 21:03:41 [INFO] dual_engine — [DUAL ENGINE] mode=none emit=False target=0.00x safe=38 hunter=43 moon=40 entropy=0.043
2026-05-13 21:03:41 [INFO] main_v3 — [21:03:40] 1.08x | mode=none | safe=38 | hunter=43 | moon=40 | entropy=0.043 | comp=0.278 | tension=12
2026-05-13 21:03:41 [INFO] main_v3 — [ENTROPÍA] Entropía baja (0.043) con run-length=0.500. Posible compresión estadística activa.
2026-05-13 21:03:41 [INFO] main_v3 — [ANOMALÍA] Contexto: SAFE (score=92) | Crash density 15r=20.00% | Compresión=0.278 | Entropía=0.043 | Anomalía=1.000
2026-05-13 21:03:41 [INFO] main_v3 — [POST_SPIKE_COOLDOWN] Bloqueado 1 rondas tras 10x
2026-05-13 21:03:41 [INFO] main_v3 — [PRE-SPIKE DETECTADO] Contexto similar a previo a 10x (n=14 muestras | avg_low=34.30%)
2026-05-13 21:03:41 [INFO] main_v3 — [PRE-SPIKE DETECTADO] Contexto similar a previo a 20x (n=7 muestras | avg_low=34.30%)
2026-05-13 21:04:14 [INFO] analyzer — Anti-FOMO: spike 8.64x → bloqueando 3 rondas.
2026-05-13 21:04:14 [INFO] advanced_stats — [POST_SPIKE_COOLDOWN] 8.64x >= 5x → bloqueando 2 rondas
2026-05-13 21:04:14 [INFO] advanced_stats — [POST_SPIKE_COOLDOWN] 8.64x >= 8x → bloqueando 2 rondas
2026-05-13 21:04:14 [DEBUG] db_advanced — spike_distances: nivel=5x dist=2 val=8.64
2026-05-13 21:04:14 [DEBUG] db_advanced — pre_spike_context guardado: 8.64x (nivel=5x)
2026-05-13 21:04:14 [INFO] spike_tracker — [SPIKE] 8.64x >= 5x | distancia=2 rondas
2026-05-13 21:04:14 [DEBUG] db_advanced — spike_distances: nivel=8x dist=2 val=8.64
2026-05-13 21:04:14 [DEBUG] db_advanced — pre_spike_context guardado: 8.64x (nivel=8x)
2026-05-13 21:04:14 [INFO] spike_tracker — [SPIKE] 8.64x >= 8x | distancia=2 rondas
2026-05-13 21:04:15 [INFO] advanced_stats — [PRE-SPIKE DETECTADO] Contexto similar a previo a 10x (n=14 muestras | avg_low=34.80%)
2026-05-13 21:04:15 [DEBUG] entropy — [ENTROPÍA] score=0.043 label=estructurado structured=True dead=False
2026-05-13 21:04:15 [DEBUG] ml_clustering — [ML] contexto=safe score=92 anomalía=1.000 similar=2 buffer=116
2026-05-13 21:04:15 [INFO] dual_engine — [DUAL ENGINE] mode=none emit=False target=0.00x safe=39 hunter=28 moon=20 entropy=0.043
2026-05-13 21:04:15 [INFO] main_v3 — [21:04:14] 8.64x | mode=none | safe=39 | hunter=28 | moon=20 | entropy=0.043 | comp=0.278 | tension=12
2026-05-13 21:04:15 [INFO] main_v3 — [ENTROPÍA] Entropía baja (0.043) con run-length=0.480. Posible compresión estadística activa.
2026-05-13 21:04:15 [INFO] main_v3 — [ANOMALÍA] Contexto: SAFE (score=92) | Crash density 15r=20.00% | Compresión=0.278 | Entropía=0.043 | Anomalía=1.000
2026-05-13 21:04:15 [INFO] main_v3 — [POST_SPIKE_COOLDOWN] Bloqueado 1 rondas tras 8x
2026-05-13 21:04:15 [INFO] main_v3 — [PRE-SPIKE DETECTADO] Contexto similar a previo a 10x (n=14 muestras | avg_low=34.80%)
2026-05-13 21:04:29 [INFO] advanced_stats — [PRE-SPIKE DETECTADO] Contexto similar a previo a 5x (n=36 muestras | avg_low=35.00%)
2026-05-13 21:04:29 [INFO] advanced_stats — [PRE-SPIKE DETECTADO] Contexto similar a previo a 10x (n=13 muestras | avg_low=34.40%)
2026-05-13 21:04:29 [INFO] advanced_stats — [PRE-SPIKE DETECTADO] Contexto similar a previo a 20x (n=6 muestras | avg_low=34.40%)
2026-05-13 21:04:29 [DEBUG] entropy — [ENTROPÍA] score=0.043 label=estructurado structured=True dead=False
2026-05-13 21:04:29 [DEBUG] ml_clustering — [ML] contexto=safe score=92 anomalía=1.000 similar=3 buffer=117
2026-05-13 21:04:29 [INFO] dual_engine — [DUAL ENGINE] mode=moon emit=True target=10.00x safe=38 hunter=53 moon=40 entropy=0.043
2026-05-13 21:04:29 [INFO] main_v3 — [21:04:29] 1.69x | mode=moon | safe=38 | hunter=53 | moon=40 | entropy=0.043 | comp=0.278 | tension=12
2026-05-13 21:04:29 [INFO] main_v3 — [MOON] target=10.0x score=40 | mode=moon score=40
2026-05-13 21:04:29 [INFO] main_v3 — [ENTROPÍA] Entropía baja (0.043) con run-length=0.480. Posible compresión estadística activa.
2026-05-13 21:04:29 [INFO] main_v3 — [ANOMALÍA] Contexto: SAFE (score=92) | Crash density 15r=20.00% | Compresión=0.278 | Entropía=0.043 | Anomalía=1.000
2026-05-13 21:04:29 [INFO] main_v3 — [PRE-SPIKE DETECTADO] Contexto similar a previo a 5x (n=36 muestras | avg_low=35.00%)
2026-05-13 21:04:29 [INFO] main_v3 — [PRE-SPIKE DETECTADO] Contexto similar a previo a 10x (n=13 muestras | avg_low=34.40%)
2026-05-13 21:04:29 [INFO] main_v3 — [PRE-SPIKE DETECTADO] Contexto similar a previo a 20x (n=6 muestras | avg_low=34.40%)
2026-05-13 21:04:39 [INFO] advanced_stats — [PRE-SPIKE DETECTADO] Contexto similar a previo a 5x (n=36 muestras | avg_low=35.00%)
2026-05-13 21:04:39 [INFO] advanced_stats — [PRE-SPIKE DETECTADO] Contexto similar a previo a 10x (n=13 muestras | avg_low=34.40%)
2026-05-13 21:04:39 [INFO] advanced_stats — [PRE-SPIKE DETECTADO] Contexto similar a previo a 20x (n=6 muestras | avg_low=34.40%)
2026-05-13 21:04:39 [DEBUG] entropy — [ENTROPÍA] score=0.043 label=estructurado structured=True dead=False
2026-05-13 21:04:39 [DEBUG] ml_clustering — [ML] contexto=neutral score=82 anomalía=1.000 similar=4 buffer=118
2026-05-13 21:04:39 [INFO] dual_engine — [DUAL ENGINE] mode=moon emit=True target=10.00x safe=38 hunter=53 moon=40 entropy=0.043
2026-05-13 21:04:39 [INFO] main_v3 — [21:04:39] 1.18x | mode=moon | safe=38 | hunter=53 | moon=40 | entropy=0.043 | comp=0.278 | tension=12
2026-05-13 21:04:39 [INFO] main_v3 — [MOON] target=10.0x score=40 | mode=moon score=40
2026-05-13 21:04:39 [INFO] main_v3 — [ENTROPÍA] Entropía baja (0.043) con run-length=0.500. Posible compresión estadística activa.
2026-05-13 21:04:39 [INFO] main_v3 — [ANOMALÍA] Contexto: NEUTRAL (score=82) | Crash density 15r=26.67% | Compresión=0.278 | Entropía=0.043 | Anomalía=1.000
2026-05-13 21:04:39 [INFO] main_v3 — [PRE-SPIKE DETECTADO] Contexto similar a previo a 5x (n=36 muestras | avg_low=35.00%)
2026-05-13 21:04:39 [INFO] main_v3 — [PRE-SPIKE DETECTADO] Contexto similar a previo a 10x (n=13 muestras | avg_low=34.40%)
2026-05-13 21:04:39 [INFO] main_v3 — [PRE-SPIKE DETECTADO] Contexto similar a previo a 20x (n=6 muestras | avg_low=34.40%)
2026-05-13 21:04:52 [INFO] advanced_stats — [PRE-SPIKE DETECTADO] Contexto similar a previo a 5x (n=36 muestras | avg_low=35.00%)
2026-05-13 21:04:52 [INFO] advanced_stats — [PRE-SPIKE DETECTADO] Contexto similar a previo a 10x (n=13 muestras | avg_low=34.40%)
2026-05-13 21:04:52 [INFO] advanced_stats — [PRE-SPIKE DETECTADO] Contexto similar a previo a 20x (n=6 muestras | avg_low=34.40%)
2026-05-13 21:04:52 [DEBUG] entropy — [ENTROPÍA] score=0.043 label=estructurado structured=True dead=False
2026-05-13 21:04:52 [DEBUG] ml_clustering — [ML] contexto=neutral score=81 anomalía=1.000 similar=4 buffer=119
2026-05-13 21:04:52 [INFO] dual_engine — [DUAL ENGINE] mode=moon emit=True target=10.00x safe=32 hunter=59 moon=47 entropy=0.043
2026-05-13 21:04:52 [INFO] main_v3 — [21:04:52] 1.33x | mode=moon | safe=32 | hunter=59 | moon=47 | entropy=0.043 | comp=0.303 | tension=13
2026-05-13 21:04:52 [INFO] main_v3 — [MOON] target=10.0x score=47 | mode=moon score=47
2026-05-13 21:04:52 [INFO] main_v3 — [ENTROPÍA] Entropía baja (0.043) con run-length=0.500. Posible compresión estadística activa.
2026-05-13 21:04:52 [INFO] main_v3 — [ANOMALÍA] Contexto: NEUTRAL (score=81) | Crash density 15r=33.33% | Compresión=0.303 | Entropía=0.043 | Anomalía=1.000
2026-05-13 21:04:52 [INFO] main_v3 — [PRE-SPIKE DETECTADO] Contexto similar a previo a 5x (n=36 muestras | avg_low=35.00%)
2026-05-13 21:04:52 [INFO] main_v3 — [PRE-SPIKE DETECTADO] Contexto similar a previo a 10x (n=13 muestras | avg_low=34.40%)
2026-05-13 21:04:52 [INFO] main_v3 — [PRE-SPIKE DETECTADO] Contexto similar a previo a 20x (n=6 muestras | avg_low=34.40%)
2026-05-13 21:05:11 [INFO] advanced_stats — [PRE-SPIKE DETECTADO] Contexto similar a previo a 5x (n=36 muestras | avg_low=35.00%)
2026-05-13 21:05:11 [INFO] advanced_stats — [PRE-SPIKE DETECTADO] Contexto similar a previo a 10x (n=13 muestras | avg_low=34.40%)
2026-05-13 21:05:11 [INFO] advanced_stats — [PRE-SPIKE DETECTADO] Contexto similar a previo a 20x (n=6 muestras | avg_low=34.40%)
2026-05-13 21:05:11 [DEBUG] entropy — [ENTROPÍA] score=0.043 label=estructurado structured=True dead=False
2026-05-13 21:05:11 [DEBUG] ml_clustering — [CLUSTERING] Modelos re-entrenados con 120 muestras
2026-05-13 21:05:11 [DEBUG] ml_clustering — [ML] contexto=neutral score=81 anomalía=1.000 similar=5 buffer=120
2026-05-13 21:05:11 [INFO] dual_engine — [DUAL ENGINE] mode=moon emit=True target=10.00x safe=33 hunter=58 moon=47 entropy=0.043
2026-05-13 21:05:11 [INFO] main_v3 — [21:05:11] 2.29x | mode=moon | safe=33 | hunter=58 | moon=47 | entropy=0.043 | comp=0.303 | tension=14
2026-05-13 21:05:11 [INFO] main_v3 — [MOON] target=10.0x score=47 | mode=moon score=47
2026-05-13 21:05:11 [INFO] main_v3 — [ENTROPÍA] Entropía baja (0.043) con run-length=0.500. Posible compresión estadística activa.
2026-05-13 21:05:11 [INFO] main_v3 — [ANOMALÍA] Contexto: NEUTRAL (score=81) | Crash density 15r=33.33% | Compresión=0.303 | Entropía=0.043 | Anomalía=1.000
2026-05-13 21:05:11 [INFO] main_v3 — [PRE-SPIKE DETECTADO] Contexto similar a previo a 5x (n=36 muestras | avg_low=35.00%)
2026-05-13 21:05:11 [INFO] main_v3 — [PRE-SPIKE DETECTADO] Contexto similar a previo a 10x (n=13 muestras | avg_low=34.40%)
2026-05-13 21:05:11 [INFO] main_v3 — [PRE-SPIKE DETECTADO] Contexto similar a previo a 20x (n=6 muestras | avg_low=34.40%)
2026-05-13 21:05:21 [INFO] advanced_stats — [PRE-SPIKE DETECTADO] Contexto similar a previo a 5x (n=36 muestras | avg_low=35.10%)
2026-05-13 21:05:21 [INFO] advanced_stats — [PRE-SPIKE DETECTADO] Contexto similar a previo a 10x (n=13 muestras | avg_low=34.40%)
2026-05-13 21:05:21 [INFO] advanced_stats — [PRE-SPIKE DETECTADO] Contexto similar a previo a 20x (n=6 muestras | avg_low=34.40%)
2026-05-13 21:05:21 [DEBUG] entropy — [ENTROPÍA] score=0.043 label=estructurado structured=True dead=False
2026-05-13 21:05:21 [DEBUG] ml_clustering — [ML] contexto=neutral score=80 anomalía=0.600 similar=6 buffer=121
2026-05-13 21:05:21 [INFO] dual_engine — [DUAL ENGINE] mode=moon emit=True target=10.00x safe=37 hunter=58 moon=37 entropy=0.043
2026-05-13 21:05:21 [INFO] main_v3 — [21:05:21] 1.33x | mode=moon | safe=37 | hunter=58 | moon=37 | entropy=0.043 | comp=0.303 | tension=15
2026-05-13 21:05:21 [INFO] main_v3 — [MOON] target=10.0x score=37 | mode=moon score=37
2026-05-13 21:05:21 [INFO] main_v3 — [ENTROPÍA] Entropía baja (0.043) con run-length=0.500. Posible compresión estadística activa.
2026-05-13 21:05:21 [INFO] main_v3 — [ANOMALÍA] Contexto: NEUTRAL (score=80) | Crash density 15r=40.00% | Compresión=0.303 | Entropía=0.043 | Anomalía=0.600
2026-05-13 21:05:21 [INFO] main_v3 — [PRE-SPIKE DETECTADO] Contexto similar a previo a 5x (n=36 muestras | avg_low=35.10%)
2026-05-13 21:05:21 [INFO] main_v3 — [PRE-SPIKE DETECTADO] Contexto similar a previo a 10x (n=13 muestras | avg_low=34.40%)
2026-05-13 21:05:21 [INFO] main_v3 — [PRE-SPIKE DETECTADO] Contexto similar a previo a 20x (n=6 muestras | avg_low=34.40%)
2026-05-13 21:05:59 [INFO] analyzer — Anti-FOMO: spike 12.89x → bloqueando 3 rondas.
2026-05-13 21:05:59 [INFO] advanced_stats — [POST_SPIKE_COOLDOWN] 12.89x >= 5x → bloqueando 2 rondas
2026-05-13 21:05:59 [INFO] advanced_stats — [POST_SPIKE_COOLDOWN] 12.89x >= 8x → bloqueando 2 rondas
2026-05-13 21:05:59 [INFO] advanced_stats — [POST_SPIKE_COOLDOWN] 12.89x >= 10x → bloqueando 3 rondas
2026-05-13 21:05:59 [DEBUG] db_advanced — spike_distances: nivel=5x dist=6 val=12.89
2026-05-13 21:05:59 [DEBUG] db_advanced — pre_spike_context guardado: 12.89x (nivel=5x)
2026-05-13 21:05:59 [INFO] spike_tracker — [SPIKE] 12.89x >= 5x | distancia=6 rondas
2026-05-13 21:05:59 [DEBUG] db_advanced — spike_distances: nivel=8x dist=6 val=12.89
2026-05-13 21:05:59 [DEBUG] db_advanced — pre_spike_context guardado: 12.89x (nivel=8x)
2026-05-13 21:05:59 [INFO] spike_tracker — [SPIKE] 12.89x >= 8x | distancia=6 rondas
2026-05-13 21:06:00 [DEBUG] db_advanced — spike_distances: nivel=10x dist=8 val=12.89
2026-05-13 21:06:00 [DEBUG] db_advanced — pre_spike_context guardado: 12.89x (nivel=10x)
2026-05-13 21:06:00 [INFO] spike_tracker — [SPIKE] 12.89x >= 10x | distancia=8 rondas
2026-05-13 21:06:00 [INFO] advanced_stats — [PRE-SPIKE DETECTADO] Contexto similar a previo a 5x (n=37 muestras | avg_low=35.30%)
2026-05-13 21:06:00 [INFO] advanced_stats — [PRE-SPIKE DETECTADO] Contexto similar a previo a 10x (n=14 muestras | avg_low=34.80%)
2026-05-13 21:06:00 [INFO] advanced_stats — [PRE-SPIKE DETECTADO] Contexto similar a previo a 20x (n=6 muestras | avg_low=34.40%)
2026-05-13 21:06:00 [DEBUG] entropy — [ENTROPÍA] score=0.043 label=estructurado structured=True dead=False
2026-05-13 21:06:00 [DEBUG] ml_clustering — [ML] contexto=neutral score=80 anomalía=0.600 similar=7 buffer=122
2026-05-13 21:06:00 [INFO] dual_engine — [DUAL ENGINE] mode=none emit=False target=0.00x safe=30 hunter=54 moon=40 entropy=0.043
2026-05-13 21:06:00 [INFO] main_v3 — [21:05:59] 12.89x | mode=none | safe=30 | hunter=54 | moon=40 | entropy=0.043 | comp=0.303 | tension=14
2026-05-13 21:06:00 [INFO] main_v3 — [ENTROPÍA] Entropía baja (0.043) con run-length=0.480. Posible compresión estadística activa.
2026-05-13 21:06:00 [INFO] main_v3 — [ANOMALÍA] Contexto: NEUTRAL (score=80) | Crash density 15r=40.00% | Compresión=0.303 | Entropía=0.043 | Anomalía=0.600
2026-05-13 21:06:00 [INFO] main_v3 — [POST_SPIKE_COOLDOWN] Bloqueado 2 rondas tras 10x
2026-05-13 21:06:00 [INFO] main_v3 — [PRE-SPIKE DETECTADO] Contexto similar a previo a 5x (n=37 muestras | avg_low=35.30%)
2026-05-13 21:06:00 [INFO] main_v3 — [PRE-SPIKE DETECTADO] Contexto similar a previo a 10x (n=14 muestras | avg_low=34.80%)
2026-05-13 21:06:00 [INFO] main_v3 — [PRE-SPIKE DETECTADO] Contexto similar a previo a 20x (n=6 muestras | avg_low=34.40%)
2026-05-13 21:06:20 [INFO] advanced_stats — [PRE-SPIKE DETECTADO] Contexto similar a previo a 5x (n=37 muestras | avg_low=35.50%)
2026-05-13 21:06:20 [INFO] advanced_stats — [PRE-SPIKE DETECTADO] Contexto similar a previo a 10x (n=14 muestras | avg_low=35.00%)
2026-05-13 21:06:20 [INFO] advanced_stats — [PRE-SPIKE DETECTADO] Contexto similar a previo a 20x (n=6 muestras | avg_low=34.40%)
2026-05-13 21:06:20 [DEBUG] entropy — [ENTROPÍA] score=0.043 label=estructurado structured=True dead=False
2026-05-13 21:06:20 [DEBUG] ml_clustering — [ML] contexto=neutral score=81 anomalía=0.600 similar=8 buffer=123
2026-05-13 21:06:20 [INFO] dual_engine — [DUAL ENGINE] mode=none emit=False target=0.00x safe=30 hunter=54 moon=40 entropy=0.043
2026-05-13 21:06:20 [INFO] main_v3 — [21:06:20] 2.49x | mode=none | safe=30 | hunter=54 | moon=40 | entropy=0.043 | comp=0.303 | tension=15
2026-05-13 21:06:20 [INFO] main_v3 — [ENTROPÍA] Entropía baja (0.043) con run-length=0.480. Posible compresión estadística activa.
2026-05-13 21:06:20 [INFO] main_v3 — [ANOMALÍA] Contexto: NEUTRAL (score=81) | Crash density 15r=33.33% | Compresión=0.303 | Entropía=0.043 | Anomalía=0.600
2026-05-13 21:06:20 [INFO] main_v3 — [POST_SPIKE_COOLDOWN] Bloqueado 1 rondas tras 10x
2026-05-13 21:06:20 [INFO] main_v3 — [PRE-SPIKE DETECTADO] Contexto similar a previo a 5x (n=37 muestras | avg_low=35.50%)
2026-05-13 21:06:20 [INFO] main_v3 — [PRE-SPIKE DETECTADO] Contexto similar a previo a 10x (n=14 muestras | avg_low=35.00%)
2026-05-13 21:06:20 [INFO] main_v3 — [PRE-SPIKE DETECTADO] Contexto similar a previo a 20x (n=6 muestras | avg_low=34.40%)
2026-05-13 21:06:43 [INFO] advanced_stats — [PRE-SPIKE DETECTADO] Contexto similar a previo a 5x (n=37 muestras | avg_low=35.30%)
2026-05-13 21:06:43 [INFO] advanced_stats — [PRE-SPIKE DETECTADO] Contexto similar a previo a 10x (n=14 muestras | avg_low=34.70%)
2026-05-13 21:06:43 [INFO] advanced_stats — [PRE-SPIKE DETECTADO] Contexto similar a previo a 20x (n=6 muestras | avg_low=34.40%)
2026-05-13 21:06:43 [DEBUG] entropy — [ENTROPÍA] score=0.043 label=estructurado structured=True dead=False
2026-05-13 21:06:43 [DEBUG] ml_clustering — [ML] contexto=neutral score=81 anomalía=0.600 similar=9 buffer=124
2026-05-13 21:06:43 [INFO] dual_engine — [DUAL ENGINE] mode=moon emit=True target=10.00x safe=30 hunter=55 moon=40 entropy=0.043
2026-05-13 21:06:44 [INFO] main_v3 — [21:06:43] 4.17x | mode=moon | safe=30 | hunter=55 | moon=40 | entropy=0.043 | comp=0.303 | tension=15
2026-05-13 21:06:44 [INFO] main_v3 — [MOON] target=10.0x score=40 | mode=moon score=40
2026-05-13 21:06:44 [INFO] main_v3 — [ENTROPÍA] Entropía baja (0.043) con run-length=0.500. Posible compresión estadística activa.
2026-05-13 21:06:44 [INFO] main_v3 — [ANOMALÍA] Contexto: NEUTRAL (score=81) | Crash density 15r=33.33% | Compresión=0.303 | Entropía=0.043 | Anomalía=0.600
2026-05-13 21:06:44 [INFO] main_v3 — [PRE-SPIKE DETECTADO] Contexto similar a previo a 5x (n=37 muestras | avg_low=35.30%)
2026-05-13 21:06:44 [INFO] main_v3 — [PRE-SPIKE DETECTADO] Contexto similar a previo a 10x (n=14 muestras | avg_low=34.70%)
2026-05-13 21:06:44 [INFO] main_v3 — [PRE-SPIKE DETECTADO] Contexto similar a previo a 20x (n=6 muestras | avg_low=34.40%)
2026-05-13 21:06:50 [INFO] main_v3 — 🚫 IA bloqueó señal | reason='solo 1/5 factores — insuficiente' mode=moon target=10.0x
2026-05-13 21:06:50 [INFO] main_v3 — ✅ Señal #14 emitida | mode=moon target=10.0x conf=20% safe=30 hunter=55 moon=40
2026-05-13 21:06:54 [INFO] advanced_stats — [PRE-SPIKE DETECTADO] Contexto similar a previo a 5x (n=37 muestras | avg_low=35.50%)
2026-05-13 21:06:54 [INFO] advanced_stats — [PRE-SPIKE DETECTADO] Contexto similar a previo a 10x (n=14 muestras | avg_low=35.00%)
2026-05-13 21:06:54 [INFO] advanced_stats — [PRE-SPIKE DETECTADO] Contexto similar a previo a 20x (n=6 muestras | avg_low=34.40%)
2026-05-13 21:06:54 [DEBUG] entropy — [ENTROPÍA] score=0.043 label=estructurado structured=True dead=False
2026-05-13 21:06:54 [DEBUG] ml_clustering — [ML] contexto=neutral score=80 anomalía=0.600 similar=10 buffer=125
2026-05-13 21:06:54 [INFO] dual_engine — [DUAL ENGINE] mode=moon emit=True target=10.00x safe=25 hunter=59 moon=37 entropy=0.043
2026-05-13 21:06:54 [INFO] main_v3 — [21:06:54] 1.07x | mode=moon | safe=25 | hunter=59 | moon=37 | entropy=0.043 | comp=0.303 | tension=16
2026-05-13 21:06:54 [INFO] main_v3 — [MOON] target=10.0x score=37 | mode=moon score=37
2026-05-13 21:06:54 [INFO] main_v3 — [ENTROPÍA] Entropía baja (0.043) con run-length=0.500. Posible compresión estadística activa.
2026-05-13 21:06:54 [INFO] main_v3 — [ANOMALÍA] Contexto: NEUTRAL (score=80) | Crash density 15r=40.00% | Compresión=0.303 | Entropía=0.043 | Anomalía=0.600
2026-05-13 21:06:54 [INFO] main_v3 — [PRE-SPIKE DETECTADO] Contexto similar a previo a 5x (n=37 muestras | avg_low=35.50%)
2026-05-13 21:06:54 [INFO] main_v3 — [PRE-SPIKE DETECTADO] Contexto similar a previo a 10x (n=14 muestras | avg_low=35.00%)
2026-05-13 21:06:54 [INFO] main_v3 — [PRE-SPIKE DETECTADO] Contexto similar a previo a 20x (n=6 muestras | avg_low=34.40%)
2026-05-13 21:07:05 [INFO] advanced_stats — [PRE-SPIKE DETECTADO] Contexto similar a previo a 5x (n=37 muestras | avg_low=35.80%)
2026-05-13 21:07:05 [INFO] advanced_stats — [PRE-SPIKE DETECTADO] Contexto similar a previo a 10x (n=14 muestras | avg_low=35.30%)
2026-05-13 21:07:05 [INFO] advanced_stats — [PRE-SPIKE DETECTADO] Contexto similar a previo a 20x (n=6 muestras | avg_low=34.40%)
2026-05-13 21:07:06 [DEBUG] entropy — [ENTROPÍA] score=0.043 label=estructurado structured=True dead=False
2026-05-13 21:07:06 [DEBUG] ml_clustering — [ML] contexto=neutral score=80 anomalía=0.600 similar=9 buffer=126
2026-05-13 21:07:06 [INFO] dual_engine — [DUAL ENGINE] mode=moon emit=True target=10.00x safe=20 hunter=59 moon=36 entropy=0.043
2026-05-13 21:07:06 [INFO] main_v3 — [21:07:05] 1.34x | mode=moon | safe=20 | hunter=59 | moon=36 | entropy=0.043 | comp=0.328 | tension=17
2026-05-13 21:07:06 [INFO] main_v3 — [MOON] target=10.0x score=36 | mode=moon score=36
2026-05-13 21:07:06 [INFO] main_v3 — [ENTROPÍA] Entropía baja (0.043) con run-length=0.500. Posible compresión estadística activa.
2026-05-13 21:07:06 [INFO] main_v3 — [ANOMALÍA] Contexto: NEUTRAL (score=80) | Crash density 15r=40.00% | Compresión=0.328 | Entropía=0.043 | Anomalía=0.600
2026-05-13 21:07:06 [INFO] main_v3 — [PRE-SPIKE DETECTADO] Contexto similar a previo a 5x (n=37 muestras | avg_low=35.80%)
2026-05-13 21:07:06 [INFO] main_v3 — [PRE-SPIKE DETECTADO] Contexto similar a previo a 10x (n=14 muestras | avg_low=35.30%)
2026-05-13 21:07:06 [INFO] main_v3 — [PRE-SPIKE DETECTADO] Contexto similar a previo a 20x (n=6 muestras | avg_low=34.40%)
2026-05-13 21:07:14 [INFO] advanced_stats — [PRE-SPIKE DETECTADO] Contexto similar a previo a 5x (n=37 muestras | avg_low=35.50%)
2026-05-13 21:07:14 [INFO] advanced_stats — [PRE-SPIKE DETECTADO] Contexto similar a previo a 10x (n=14 muestras | avg_low=35.00%)
2026-05-13 21:07:14 [INFO] advanced_stats — [PRE-SPIKE DETECTADO] Contexto similar a previo a 20x (n=6 muestras | avg_low=34.40%)
2026-05-13 21:07:14 [DEBUG] entropy — [ENTROPÍA] score=0.043 label=estructurado structured=True dead=False
2026-05-13 21:07:14 [DEBUG] ml_clustering — [ML] contexto=neutral score=79 anomalía=0.600 similar=8 buffer=127
2026-05-13 21:07:14 [INFO] dual_engine — [DUAL ENGINE] mode=moon emit=True target=10.00x safe=25 hunter=53 moon=34 entropy=0.043
2026-05-13 21:07:14 [INFO] main_v3 — [21:07:14] 1.08x | mode=moon | safe=25 | hunter=53 | moon=34 | entropy=0.043 | comp=0.424 | tension=21
2026-05-13 21:07:14 [INFO] main_v3 — [MOON] target=10.0x score=34 | compresión=0.42
2026-05-13 21:07:14 [INFO] main_v3 — [ENTROPÍA] Entropía baja (0.043) con run-length=0.500. Posible compresión estadística activa.
2026-05-13 21:07:14 [INFO] main_v3 — [ANOMALÍA] Contexto: NEUTRAL (score=79) | Crash density 15r=46.67% | Compresión=0.424 | Entropía=0.043 | Anomalía=0.600
2026-05-13 21:07:14 [INFO] main_v3 — [PRE-SPIKE DETECTADO] Contexto similar a previo a 5x (n=37 muestras | avg_low=35.50%)
2026-05-13 21:07:14 [INFO] main_v3 — [PRE-SPIKE DETECTADO] Contexto similar a previo a 10x (n=14 muestras | avg_low=35.00%)
2026-05-13 21:07:14 [INFO] main_v3 — [PRE-SPIKE DETECTADO] Contexto similar a previo a 20x (n=6 muestras | avg_low=34.40%)
2026-05-13 21:07:25 [DEBUG] entropy — [ENTROPÍA] score=0.043 label=estructurado structured=True dead=False
2026-05-13 21:07:25 [DEBUG] ml_clustering — [ML] contexto=neutral score=78 anomalía=0.600 similar=2 buffer=128
2026-05-13 21:07:25 [INFO] dual_engine — [DUAL ENGINE] mode=safe emit=True target=2.00x safe=25 hunter=14 moon=0 entropy=0.043
2026-05-13 21:07:25 [INFO] main_v3 — [21:07:25] 1.18x | mode=safe | safe=25 | hunter=14 | moon=0 | entropy=0.043 | comp=0.484 | tension=24
2026-05-13 21:07:25 [INFO] main_v3 — [SAFE] target=2.0x score=25.0 | score=25.0 | crash_density=53.30% | P(≥2.0x)=47.7% | std=4.36
2026-05-13 21:07:25 [INFO] main_v3 — [ENTROPÍA] Entropía baja (0.043) con run-length=0.520. Posible compresión estadística activa.
2026-05-13 21:07:25 [INFO] main_v3 — [ANOMALÍA] Contexto: NEUTRAL (score=78) | Crash density 15r=53.33% | Compresión=0.484 | Entropía=0.043 | Anomalía=0.600
2026-05-13 21:07:41 [DEBUG] entropy — [ENTROPÍA] score=0.043 label=estructurado structured=True dead=False
2026-05-13 21:07:41 [DEBUG] ml_clustering — [ML] contexto=neutral score=79 anomalía=0.600 similar=0 buffer=129
2026-05-13 21:07:41 [INFO] dual_engine — [DUAL ENGINE] mode=safe emit=True target=2.00x safe=30 hunter=18 moon=0 entropy=0.043
2026-05-13 21:07:41 [INFO] main_v3 — [21:07:41] 1.79x | mode=safe | safe=30 | hunter=18 | moon=0 | entropy=0.043 | comp=0.459 | tension=30
2026-05-13 21:07:41 [INFO] main_v3 — [SAFE] target=2.0x score=30.0 | score=30.0 | crash_density=53.30% | P(≥2.0x)=47.0% | std=3.39
2026-05-13 21:07:41 [INFO] main_v3 — [ENTROPÍA] Entropía baja (0.043) con run-length=0.540. Posible compresión estadística activa.
2026-05-13 21:07:41 [INFO] main_v3 — [ANOMALÍA] Contexto: NEUTRAL (score=79) | Crash density 15r=53.33% | Compresión=0.459 | Entropía=0.043 | Anomalía=0.600
2026-05-13 21:08:20 [INFO] advanced_stats — [PRE-SPIKE DETECTADO] Contexto similar a previo a 5x (n=37 muestras | avg_low=36.00%)
2026-05-13 21:08:20 [INFO] advanced_stats — [PRE-SPIKE DETECTADO] Contexto similar a previo a 10x (n=14 muestras | avg_low=35.50%)
2026-05-13 21:08:20 [INFO] advanced_stats — [PRE-SPIKE DETECTADO] Contexto similar a previo a 20x (n=6 muestras | avg_low=34.40%)
2026-05-13 21:08:20 [DEBUG] entropy — [ENTROPÍA] score=0.043 label=estructurado structured=True dead=False
2026-05-13 21:08:20 [DEBUG] ml_clustering — [ML] contexto=neutral score=80 anomalía=0.600 similar=1 buffer=130
2026-05-13 21:08:20 [INFO] dual_engine — [DUAL ENGINE] mode=moon emit=True target=10.00x safe=31 hunter=64 moon=34 entropy=0.043
2026-05-13 21:08:20 [INFO] main_v3 — [21:08:20] 3.41x | mode=moon | safe=31 | hunter=64 | moon=34 | entropy=0.043 | comp=0.459 | tension=32
2026-05-13 21:08:20 [INFO] main_v3 — [MOON] target=10.0x score=34 | compresión=0.46 | overdue_levels=[5]
2026-05-13 21:08:20 [INFO] main_v3 — [ENTROPÍA] Entropía baja (0.043) con run-length=0.540. Posible compresión estadística activa.
2026-05-13 21:08:20 [INFO] main_v3 — [ANOMALÍA] Contexto: NEUTRAL (score=80) | Crash density 15r=46.67% | Compresión=0.459 | Entropía=0.043 | Anomalía=0.600
2026-05-13 21:08:20 [INFO] main_v3 — [DISTANCIA 5x SOBRE MEDIA] hace=8r | avg=4r
2026-05-13 21:08:20 [INFO] main_v3 — [PRE-SPIKE DETECTADO] Contexto similar a previo a 5x (n=37 muestras | avg_low=36.00%)
2026-05-13 21:08:20 [INFO] main_v3 — [PRE-SPIKE DETECTADO] Contexto similar a previo a 10x (n=14 muestras | avg_low=35.50%)
2026-05-13 21:08:20 [INFO] main_v3 — [PRE-SPIKE DETECTADO] Contexto similar a previo a 20x (n=6 muestras | avg_low=34.40%)
2026-05-13 21:08:28 [DEBUG] entropy — [ENTROPÍA] score=0.043 label=estructurado structured=True dead=False
2026-05-13 21:08:28 [DEBUG] ml_clustering — [ML] contexto=neutral score=79 anomalía=0.496 similar=2 buffer=131
2026-05-13 21:08:28 [INFO] dual_engine — [DUAL ENGINE] mode=safe emit=True target=2.00x safe=30 hunter=21 moon=0 entropy=0.043
2026-05-13 21:08:28 [INFO] main_v3 — [21:08:28] 1.10x | mode=safe | safe=30 | hunter=21 | moon=0 | entropy=0.043 | comp=0.531 | tension=36
2026-05-13 21:08:28 [INFO] main_v3 — [SAFE] target=2.0x score=30.0 | score=30.0 | crash_density=53.30% | P(≥2.0x)=47.3% | std=3.00
2026-05-13 21:08:28 [INFO] main_v3 — [ENTROPÍA] Entropía baja (0.043) con run-length=0.520. Posible compresión estadística activa.
2026-05-13 21:08:28 [INFO] main_v3 — [DISTANCIA 5x SOBRE MEDIA] hace=9r | avg=4r
2026-05-13 21:09:04 [INFO] analyzer — Anti-FOMO: spike 11.83x → bloqueando 3 rondas.
2026-05-13 21:09:04 [INFO] advanced_stats — [POST_SPIKE_COOLDOWN] 11.83x >= 5x → bloqueando 2 rondas
2026-05-13 21:09:04 [INFO] advanced_stats — [POST_SPIKE_COOLDOWN] 11.83x >= 8x → bloqueando 2 rondas
2026-05-13 21:09:04 [INFO] advanced_stats — [POST_SPIKE_COOLDOWN] 11.83x >= 10x → bloqueando 3 rondas
2026-05-13 21:09:04 [DEBUG] db_advanced — spike_distances: nivel=5x dist=10 val=11.83
2026-05-13 21:09:04 [DEBUG] db_advanced — pre_spike_context guardado: 11.83x (nivel=5x)
2026-05-13 21:09:04 [INFO] spike_tracker — [SPIKE] 11.83x >= 5x | distancia=10 rondas
2026-05-13 21:09:05 [DEBUG] db_advanced — spike_distances: nivel=8x dist=10 val=11.83
2026-05-13 21:09:05 [DEBUG] db_advanced — pre_spike_context guardado: 11.83x (nivel=8x)
2026-05-13 21:09:05 [INFO] spike_tracker — [SPIKE] 11.83x >= 8x | distancia=10 rondas
2026-05-13 21:09:05 [DEBUG] db_advanced — spike_distances: nivel=10x dist=10 val=11.83
2026-05-13 21:09:05 [DEBUG] db_advanced — pre_spike_context guardado: 11.83x (nivel=10x)
2026-05-13 21:09:05 [INFO] spike_tracker — [SPIKE] 11.83x >= 10x | distancia=10 rondas
2026-05-13 21:09:05 [DEBUG] entropy — [ENTROPÍA] score=0.043 label=estructurado structured=True dead=False
2026-05-13 21:09:05 [DEBUG] ml_clustering — [ML] contexto=neutral score=78 anomalía=0.561 similar=3 buffer=132
2026-05-13 21:09:05 [INFO] dual_engine — [DUAL ENGINE] mode=none emit=False target=0.00x safe=35 hunter=27 moon=0 entropy=0.043
2026-05-13 21:09:05 [INFO] main_v3 — [21:09:04] 11.83x | mode=none | safe=35 | hunter=27 | moon=0 | entropy=0.043 | comp=0.531 | tension=33
2026-05-13 21:09:05 [INFO] main_v3 — [ENTROPÍA] Entropía baja (0.043) con run-length=0.520. Posible compresión estadística activa.
2026-05-13 21:09:05 [INFO] main_v3 — [ANOMALÍA] Contexto: NEUTRAL (score=78) | Crash density 15r=53.33% | Compresión=0.531 | Entropía=0.043 | Anomalía=0.561
2026-05-13 21:09:05 [INFO] main_v3 — [POST_SPIKE_COOLDOWN] Bloqueado 2 rondas tras 10x
2026-05-13 21:09:32 [INFO] advanced_stats — [PRE-SPIKE DETECTADO] Contexto similar a previo a 5x (n=36 muestras | avg_low=35.20%)
2026-05-13 21:09:32 [INFO] advanced_stats — [PRE-SPIKE DETECTADO] Contexto similar a previo a 10x (n=14 muestras | avg_low=35.20%)
2026-05-13 21:09:32 [INFO] advanced_stats — [PRE-SPIKE DETECTADO] Contexto similar a previo a 20x (n=6 muestras | avg_low=34.40%)
2026-05-13 21:09:32 [DEBUG] entropy — [ENTROPÍA] score=0.043 label=estructurado structured=True dead=False
2026-05-13 21:09:32 [DEBUG] ml_clustering — [ML] contexto=neutral score=79 anomalía=0.600 similar=4 buffer=133
2026-05-13 21:09:32 [INFO] dual_engine — [DUAL ENGINE] mode=none emit=False target=0.00x safe=35 hunter=72 moon=60 entropy=0.043
2026-05-13 21:09:32 [INFO] main_v3 — [21:09:31] 4.48x | mode=none | safe=35 | hunter=72 | moon=60 | entropy=0.043 | comp=0.531 | tension=33
2026-05-13 21:09:32 [INFO] main_v3 — [ENTROPÍA] Entropía baja (0.043) con run-length=0.520. Posible compresión estadística activa.
2026-05-13 21:09:33 [INFO] main_v3 — [ANOMALÍA] Contexto: NEUTRAL (score=79) | Crash density 15r=46.67% | Compresión=0.531 | Entropía=0.043 | Anomalía=0.600
2026-05-13 21:09:33 [INFO] main_v3 — [POST_SPIKE_COOLDOWN] Bloqueado 1 rondas tras 10x
2026-05-13 21:09:33 [INFO] main_v3 — [DISTANCIA 20x SOBRE MEDIA] hace=34r | avg=18r
2026-05-13 21:09:33 [INFO] main_v3 — [PRE-SPIKE DETECTADO] Contexto similar a previo a 5x (n=36 muestras | avg_low=35.20%)
2026-05-13 21:09:33 [INFO] main_v3 — [PRE-SPIKE DETECTADO] Contexto similar a previo a 10x (n=14 muestras | avg_low=35.20%)
2026-05-13 21:09:33 [INFO] main_v3 — [PRE-SPIKE DETECTADO] Contexto similar a previo a 20x (n=6 muestras | avg_low=34.40%)
2026-05-13 21:09:41 [INFO] advanced_stats — [COMPRESIÓN] COMPRESIÓN ALTA | score=0.63 | ultra_low=5/10 | racha=2
2026-05-13 21:09:41 [INFO] advanced_stats — [PRE-SPIKE DETECTADO] Contexto similar a previo a 5x (n=36 muestras | avg_low=35.20%)
2026-05-13 21:09:41 [INFO] advanced_stats — [PRE-SPIKE DETECTADO] Contexto similar a previo a 10x (n=14 muestras | avg_low=35.20%)
2026-05-13 21:09:42 [INFO] advanced_stats — [PRE-SPIKE DETECTADO] Contexto similar a previo a 20x (n=6 muestras | avg_low=34.40%)
2026-05-13 21:09:42 [DEBUG] entropy — [ENTROPÍA] score=0.043 label=estructurado structured=True dead=False
2026-05-13 21:09:42 [DEBUG] ml_clustering — [ML] contexto=neutral score=79 anomalía=0.536 similar=5 buffer=134
2026-05-13 21:09:42 [INFO] dual_engine — [DUAL ENGINE] mode=moon emit=True target=20.00x safe=33 hunter=70 moon=75 entropy=0.043
2026-05-13 21:09:42 [INFO] main_v3 — [21:09:41] 1.05x | mode=moon | safe=33 | hunter=70 | moon=75 | entropy=0.043 | comp=0.627 | tension=37
2026-05-13 21:09:42 [INFO] main_v3 — [MOON] target=20.0x score=75 | compresión=0.63 | tensión=37 | overdue_levels=[20]
2026-05-13 21:09:42 [INFO] main_v3 — [ENTROPÍA] Entropía baja (0.043) con run-length=0.500. Posible compresión estadística activa.
2026-05-13 21:09:42 [INFO] main_v3 — [COMPRESIÓN ALTA] score=0.63 ultra_low=5/10 racha_max=2
2026-05-13 21:09:42 [INFO] main_v3 — [DISTANCIA 20x SOBRE MEDIA] hace=35r | avg=18r
2026-05-13 21:09:42 [INFO] main_v3 — [PRE-SPIKE DETECTADO] Contexto similar a previo a 5x (n=36 muestras | avg_low=35.20%)
2026-05-13 21:09:42 [INFO] main_v3 — [PRE-SPIKE DETECTADO] Contexto similar a previo a 10x (n=14 muestras | avg_low=35.20%)
2026-05-13 21:09:43 [INFO] main_v3 — [PRE-SPIKE DETECTADO] Contexto similar a previo a 20x (n=6 muestras | avg_low=34.40%)
2026-05-13 21:09:43 [INFO] db_advanced — [COMPRESIÓN GUARDADA] id=35 score=0.63 label=COMPRESIÓN ALTA
2026-05-13 21:09:50 [INFO] advanced_stats — [COMPRESIÓN] COMPRESIÓN ALTA | score=0.63 | ultra_low=5/10 | racha=2
2026-05-13 21:09:50 [DEBUG] entropy — [ENTROPÍA] score=0.043 label=estructurado structured=True dead=False
2026-05-13 21:09:50 [DEBUG] ml_clustering — [ML] contexto=neutral score=78 anomalía=0.505 similar=6 buffer=135
2026-05-13 21:09:50 [INFO] dual_engine — [DUAL ENGINE] mode=moon emit=True target=10.00x safe=17 hunter=23 moon=27 entropy=0.043
2026-05-13 21:09:50 [INFO] main_v3 — [21:09:50] 1.27x | mode=moon | safe=17 | hunter=23 | moon=27 | entropy=0.043 | comp=0.627 | tension=38
2026-05-13 21:09:51 [INFO] main_v3 — [MOON] target=10.0x score=27 | compresión=0.63 | tensión=38 | overdue_levels=[20]
2026-05-13 21:09:51 [INFO] main_v3 — [ENTROPÍA] Entropía baja (0.043) con run-length=0.520. Posible compresión estadística activa.
2026-05-13 21:09:51 [INFO] main_v3 — [COMPRESIÓN ALTA] score=0.63 ultra_low=5/10 racha_max=2
2026-05-13 21:09:51 [INFO] main_v3 — [DISTANCIA 20x SOBRE MEDIA] hace=36r | avg=18r
2026-05-13 21:09:51 [INFO] db_advanced — [COMPRESIÓN GUARDADA] id=36 score=0.63 label=COMPRESIÓN ALTA
2026-05-13 21:09:57 [INFO] db_v2 — [DUAL SIGNAL] id=15 mode=moon target=10.00x conf=27%
2026-05-13 21:09:58 [INFO] main_v3 — ✅ Señal #15 emitida | mode=moon target=10.0x conf=27% safe=17 hunter=23 moon=27
2026-05-13 21:10:10 [INFO] main_v3 — ❌ Dual señal #15 (moon 10.0x) → 2.49x en 1 ronda
2026-05-13 21:10:10 [INFO] advanced_stats — [COMPRESIÓN] COMPRESIÓN ALTA | score=0.60 | ultra_low=5/10 | racha=2
2026-05-13 21:10:10 [DEBUG] entropy — [ENTROPÍA] score=0.043 label=estructurado structured=True dead=False
2026-05-13 21:10:10 [DEBUG] ml_clustering — [ML] contexto=neutral score=79 anomalía=0.508 similar=7 buffer=136
2026-05-13 21:10:10 [INFO] dual_engine — [DUAL ENGINE] mode=moon emit=True target=10.00x safe=22 hunter=24 moon=29 entropy=0.043
2026-05-13 21:10:11 [INFO] main_v3 — [21:10:09] 2.49x | mode=moon | safe=22 | hunter=24 | moon=29 | entropy=0.043 | comp=0.602 | tension=37
2026-05-13 21:10:11 [INFO] main_v3 — [MOON] target=10.0x score=29 | compresión=0.60 | tensión=37 | overdue_levels=[20]
2026-05-13 21:10:11 [INFO] main_v3 — [ENTROPÍA] Entropía baja (0.043) con run-length=0.520. Posible compresión estadística activa.
2026-05-13 21:10:12 [INFO] main_v3 — [COMPRESIÓN ALTA] score=0.60 ultra_low=5/10 racha_max=2
2026-05-13 21:10:12 [INFO] main_v3 — [DISTANCIA 20x SOBRE MEDIA] hace=37r | avg=18r
2026-05-13 21:10:13 [INFO] db_advanced — [COMPRESIÓN GUARDADA] id=37 score=0.60 label=COMPRESIÓN ALTA
2026-05-13 21:10:34 [DEBUG] entropy — [ENTROPÍA] score=0.043 label=estructurado structured=True dead=False
2026-05-13 21:10:34 [DEBUG] ml_clustering — [ML] contexto=neutral score=80 anomalía=0.439 similar=8 buffer=137
2026-05-13 21:10:34 [INFO] dual_engine — [DUAL ENGINE] mode=safe emit=True target=2.00x safe=34 hunter=20 moon=14 entropy=0.043
2026-05-13 21:10:34 [INFO] main_v3 — [21:10:34] 4.17x | mode=safe | safe=34 | hunter=20 | moon=14 | entropy=0.043 | comp=0.506 | tension=35
2026-05-13 21:10:34 [INFO] main_v3 — [SAFE] target=2.0x score=34.5 | score=34.5 | crash_density=46.70% | P(≥2.0x)=50.7% | std=2.79
2026-05-13 21:10:34 [INFO] main_v3 — [ENTROPÍA] Entropía baja (0.043) con run-length=0.520. Posible compresión estadística activa.
2026-05-13 21:10:34 [INFO] main_v3 — [DISTANCIA 20x SOBRE MEDIA] hace=38r | avg=18r
2026-05-13 21:10:44 [DEBUG] entropy — [ENTROPÍA] score=0.043 label=estructurado structured=True dead=False
2026-05-13 21:10:44 [DEBUG] ml_clustering — [ML] contexto=neutral score=79 anomalía=0.430 similar=9 buffer=138
2026-05-13 21:10:44 [INFO] dual_engine — [DUAL ENGINE] mode=safe emit=True target=2.00x safe=33 hunter=20 moon=12 entropy=0.043
2026-05-13 21:10:44 [INFO] main_v3 — [21:10:44] 1.04x | mode=safe | safe=33 | hunter=20 | moon=12 | entropy=0.043 | comp=0.506 | tension=36
2026-05-13 21:10:44 [INFO] main_v3 — [SAFE] target=2.0x score=33.5 | score=33.5 | crash_density=53.30% | P(≥2.0x)=49.7% | std=2.82
2026-05-13 21:10:44 [INFO] main_v3 — [ENTROPÍA] Entropía baja (0.043) con run-length=0.520. Posible compresión estadística activa.
2026-05-13 21:10:44 [INFO] main_v3 — [DISTANCIA 20x SOBRE MEDIA] hace=39r | avg=18r
2026-05-13 21:11:16 [INFO] advanced_stats — [COMPRESIÓN] COMPRESIÓN ALTA | score=0.60 | ultra_low=5/10 | racha=2
2026-05-13 21:11:16 [DEBUG] entropy — [ENTROPÍA] score=0.043 label=estructurado structured=True dead=False
2026-05-13 21:11:16 [DEBUG] ml_clustering — [ML] contexto=neutral score=78 anomalía=0.404 similar=8 buffer=139
2026-05-13 21:11:16 [INFO] dual_engine — [DUAL ENGINE] mode=none emit=False target=0.00x safe=33 hunter=22 moon=25 entropy=0.043
2026-05-13 21:11:16 [INFO] main_v3 — [21:11:16] 1.00x | mode=none | safe=33 | hunter=22 | moon=25 | entropy=0.043 | comp=0.602 | tension=41
2026-05-13 21:11:16 [INFO] main_v3 — [ENTROPÍA] Entropía baja (0.043) con run-length=0.520. Posible compresión estadística activa.
2026-05-13 21:11:16 [INFO] main_v3 — [COMPRESIÓN ALTA] score=0.60 ultra_low=5/10 racha_max=2
2026-05-13 21:11:16 [INFO] main_v3 — [DISTANCIA 20x SOBRE MEDIA] hace=40r | avg=18r
2026-05-13 21:11:16 [INFO] db_advanced — [COMPRESIÓN GUARDADA] id=38 score=0.60 label=COMPRESIÓN ALTA
2026-05-13 21:11:26 [INFO] advanced_stats — [COMPRESIÓN] COMPRESIÓN ALTA | score=0.76 | ultra_low=6/10 | racha=3
2026-05-13 21:11:26 [DEBUG] entropy — [ENTROPÍA] score=0.043 label=estructurado structured=True dead=False
2026-05-13 21:11:26 [DEBUG] ml_clustering — [ML] contexto=neutral score=78 anomalía=0.432 similar=2 buffer=140
2026-05-13 21:11:26 [INFO] dual_engine — [DUAL ENGINE] mode=none emit=False target=0.00x safe=28 hunter=40 moon=28 entropy=0.043
2026-05-13 21:11:26 [INFO] main_v3 — [21:11:26] 1.20x | mode=none | safe=28 | hunter=40 | moon=28 | entropy=0.043 | comp=0.759 | tension=48
2026-05-13 21:11:26 [INFO] main_v3 — [ENTROPÍA] Entropía baja (0.043) con run-length=0.540. Posible compresión estadística activa.
2026-05-13 21:11:26 [INFO] main_v3 — [COMPRESIÓN ALTA] score=0.76 ultra_low=6/10 racha_max=3
2026-05-13 21:11:26 [INFO] main_v3 — [DISTANCIA 5x SOBRE MEDIA] hace=8r | avg=4r
2026-05-13 21:11:26 [INFO] main_v3 — [DISTANCIA 20x SOBRE MEDIA] hace=41r | avg=18r
2026-05-13 21:11:26 [INFO] db_advanced — [COMPRESIÓN GUARDADA] id=39 score=0.76 label=COMPRESIÓN ALTA
2026-05-13 21:11:39 [INFO] advanced_stats — [COMPRESIÓN] COMPRESIÓN ALTA | score=0.66 | ultra_low=5/10 | racha=3
2026-05-13 21:11:39 [DEBUG] entropy — [ENTROPÍA] score=0.043 label=estructurado structured=True dead=False
2026-05-13 21:11:40 [DEBUG] ml_clustering — [ML] contexto=neutral score=79 anomalía=0.382 similar=8 buffer=141
2026-05-13 21:11:40 [INFO] dual_engine — [DUAL ENGINE] mode=moon emit=True target=10.00x safe=27 hunter=40 moon=28 entropy=0.043
2026-05-13 21:11:40 [INFO] main_v3 — [21:11:39] 1.60x | mode=moon | safe=27 | hunter=40 | moon=28 | entropy=0.043 | comp=0.662 | tension=46
2026-05-13 21:11:40 [INFO] main_v3 — [MOON] target=10.0x score=28 | compresión=0.66 | tensión=46 | overdue_levels=[5, 20]
2026-05-13 21:11:40 [INFO] main_v3 — [ENTROPÍA] Entropía baja (0.043) con run-length=0.560. Posible compresión estadística activa.
2026-05-13 21:11:40 [INFO] main_v3 — [COMPRESIÓN ALTA] score=0.66 ultra_low=5/10 racha_max=3
2026-05-13 21:11:40 [INFO] main_v3 — [DISTANCIA 5x SOBRE MEDIA] hace=9r | avg=4r
2026-05-13 21:11:40 [INFO] main_v3 — [DISTANCIA 20x SOBRE MEDIA] hace=42r | avg=18r
2026-05-13 21:11:40 [INFO] db_advanced — [COMPRESIÓN GUARDADA] id=40 score=0.66 label=COMPRESIÓN ALTA
2026-05-13 21:12:02 [INFO] advanced_stats — [COMPRESIÓN] COMPRESIÓN ALTA | score=0.66 | ultra_low=5/10 | racha=3
2026-05-13 21:12:02 [DEBUG] entropy — [ENTROPÍA] score=0.043 label=estructurado structured=True dead=False
2026-05-13 21:12:02 [DEBUG] ml_clustering — [ML] contexto=neutral score=80 anomalía=0.385 similar=10 buffer=142
2026-05-13 21:12:02 [INFO] dual_engine — [DUAL ENGINE] mode=moon emit=True target=10.00x safe=28 hunter=39 moon=28 entropy=0.043
2026-05-13 21:12:02 [INFO] main_v3 — [21:12:02] 3.77x | mode=moon | safe=28 | hunter=39 | moon=28 | entropy=0.043 | comp=0.662 | tension=48
2026-05-13 21:12:02 [INFO] main_v3 — [MOON] target=10.0x score=28 | compresión=0.66 | tensión=48 | overdue_levels=[5, 20]
2026-05-13 21:12:02 [INFO] main_v3 — [ENTROPÍA] Entropía baja (0.043) con run-length=0.540. Posible compresión estadística activa.
2026-05-13 21:12:02 [INFO] main_v3 — [COMPRESIÓN ALTA] score=0.66 ultra_low=5/10 racha_max=3
2026-05-13 21:12:02 [INFO] main_v3 — [DISTANCIA 5x SOBRE MEDIA] hace=10r | avg=4r
2026-05-13 21:12:02 [INFO] main_v3 — [DISTANCIA 20x SOBRE MEDIA] hace=43r | avg=18r
2026-05-13 21:12:02 [INFO] db_advanced — [COMPRESIÓN GUARDADA] id=41 score=0.66 label=COMPRESIÓN ALTA
2026-05-13 21:12:28 [INFO] advanced_stats — [COMPRESIÓN] COMPRESIÓN ALTA | score=0.66 | ultra_low=5/10 | racha=3
2026-05-13 21:12:28 [DEBUG] entropy — [ENTROPÍA] score=0.043 label=estructurado structured=True dead=False
2026-05-13 21:12:28 [DEBUG] ml_clustering — [ML] contexto=neutral score=81 anomalía=0.386 similar=9 buffer=143
2026-05-13 21:12:28 [INFO] dual_engine — [DUAL ENGINE] mode=moon emit=True target=10.00x safe=32 hunter=48 moon=29 entropy=0.043
2026-05-13 21:12:28 [INFO] main_v3 — [21:12:28] 3.82x | mode=moon | safe=32 | hunter=48 | moon=29 | entropy=0.043 | comp=0.662 | tension=50
2026-05-13 21:12:28 [INFO] main_v3 — [MOON] target=10.0x score=29 | compresión=0.66 | tensión=50 | overdue_levels=[5, 20]
2026-05-13 21:12:28 [INFO] main_v3 — [ENTROPÍA] Entropía baja (0.043) con run-length=0.540. Posible compresión estadística activa.
2026-05-13 21:12:28 [INFO] main_v3 — [COMPRESIÓN ALTA] score=0.66 ultra_low=5/10 racha_max=3
2026-05-13 21:12:28 [INFO] main_v3 — [DISTANCIA 5x SOBRE MEDIA] hace=11r | avg=4r
2026-05-13 21:12:28 [INFO] main_v3 — [DISTANCIA 20x SOBRE MEDIA] hace=44r | avg=18r
2026-05-13 21:12:28 [INFO] db_advanced — [COMPRESIÓN GUARDADA] id=42 score=0.66 label=COMPRESIÓN ALTA
2026-05-13 21:12:44 [INFO] advanced_stats — [COMPRESIÓN] COMPRESIÓN ALTA | score=0.57 | ultra_low=4/10 | racha=3
2026-05-13 21:12:44 [INFO] advanced_stats — [DISTANCIA 5x ELEVADA] hace=12r | avg=4r | z=2.3σ | presión=1.00
2026-05-13 21:12:44 [DEBUG] entropy — [ENTROPÍA] score=0.043 label=estructurado structured=True dead=False
2026-05-13 21:12:44 [DEBUG] ml_clustering — [ML] contexto=neutral score=81 anomalía=0.336 similar=13 buffer=144
2026-05-13 21:12:44 [INFO] dual_engine — [DUAL ENGINE] mode=hunter emit=True target=5.00x safe=36 hunter=51 moon=12 entropy=0.043
2026-05-13 21:12:44 [INFO] main_v3 — [21:12:44] 2.07x | mode=hunter | safe=36 | hunter=51 | moon=12 | entropy=0.043 | comp=0.566 | tension=47
2026-05-13 21:12:44 [INFO] main_v3 — [HUNTER] target=5.0x score=51 | compresión=0.57 | tensión=47 | overdue_levels=[5, 20]
2026-05-13 21:12:44 [INFO] main_v3 — [ENTROPÍA] Entropía baja (0.043) con run-length=0.540. Posible compresión estadística activa.
2026-05-13 21:12:44 [INFO] main_v3 — [COMPRESIÓN ALTA] score=0.57 ultra_low=4/10 racha_max=3
2026-05-13 21:12:44 [INFO] main_v3 — [DISTANCIA 5x ELEVADA] hace=12r | avg=4r | z=2.3σ | presión=1.00
2026-05-13 21:12:44 [INFO] main_v3 — [DISTANCIA 20x SOBRE MEDIA] hace=45r | avg=18r
2026-05-13 21:12:44 [INFO] main_v3 — [CONTEXTO HIGH RISK] hr_score=63 target=5.0x
2026-05-13 21:12:44 [INFO] db_advanced — [COMPRESIÓN GUARDADA] id=43 score=0.57 label=COMPRESIÓN ALTA
2026-05-13 21:13:03 [INFO] advanced_stats — [DISTANCIA 5x ELEVADA] hace=13r | avg=4r | z=2.6σ | presión=1.00
2026-05-13 21:13:03 [DEBUG] entropy — [ENTROPÍA] score=0.043 label=estructurado structured=True dead=False
2026-05-13 21:13:03 [DEBUG] ml_clustering — [ML] contexto=neutral score=81 anomalía=0.344 similar=12 buffer=145
2026-05-13 21:13:03 [INFO] dual_engine — [DUAL ENGINE] mode=hunter emit=True target=5.00x safe=42 hunter=48 moon=12 entropy=0.043
2026-05-13 21:13:03 [INFO] main_v3 — [21:13:03] 2.75x | mode=hunter | safe=42 | hunter=48 | moon=12 | entropy=0.043 | comp=0.469 | tension=45
2026-05-13 21:13:03 [INFO] main_v3 — [HUNTER] target=5.0x score=48 | compresión=0.47 | tensión=45 | overdue_levels=[5, 20]
2026-05-13 21:13:03 [INFO] main_v3 — [ENTROPÍA] Entropía baja (0.043) con run-length=0.540. Posible compresión estadística activa.
2026-05-13 21:13:03 [INFO] main_v3 — [DISTANCIA 5x ELEVADA] hace=13r | avg=4r | z=2.6σ | presión=1.00
2026-05-13 21:13:03 [INFO] main_v3 — [DISTANCIA 20x SOBRE MEDIA] hace=46r | avg=18r
2026-05-13 21:13:03 [INFO] main_v3 — [CONTEXTO HIGH RISK] hr_score=61 target=5.0x
2026-05-13 21:13:05 [INFO] db_v2 — [DUAL SIGNAL] id=16 mode=hunter target=5.00x conf=34%
2026-05-13 21:13:05 [INFO] main_v3 — ✅ Señal #16 emitida | mode=hunter target=5.0x conf=34% safe=42 hunter=48 moon=12
2026-05-13 21:13:19 [INFO] main_v3 — ❌ Dual señal #16 (hunter 5.0x) → 1.49x en 1 ronda
2026-05-13 21:13:19 [INFO] advanced_stats — [DISTANCIA 5x ELEVADA] hace=14r | avg=4r | z=2.9σ | presión=1.00
2026-05-13 21:13:19 [INFO] advanced_stats — [PRE-SPIKE DETECTADO] Contexto similar a previo a 5x (n=36 muestras | avg_low=34.30%)
2026-05-13 21:13:19 [INFO] advanced_stats — [PRE-SPIKE DETECTADO] Contexto similar a previo a 10x (n=14 muestras | avg_low=34.50%)
2026-05-13 21:13:19 [INFO] advanced_stats — [PRE-SPIKE DETECTADO] Contexto similar a previo a 20x (n=6 muestras | avg_low=32.70%)
2026-05-13 21:13:19 [DEBUG] entropy — [ENTROPÍA] score=0.043 label=estructurado structured=True dead=False
2026-05-13 21:13:19 [DEBUG] ml_clustering — [ML] contexto=neutral score=81 anomalía=0.311 similar=12 buffer=146
2026-05-13 21:13:19 [INFO] dual_engine — [DUAL ENGINE] mode=moon emit=True target=10.00x safe=37 hunter=94 moon=52 entropy=0.043
2026-05-13 21:13:19 [INFO] main_v3 — [21:13:18] 1.49x | mode=moon | safe=37 | hunter=94 | moon=52 | entropy=0.043 | comp=0.494 | tension=48
2026-05-13 21:13:19 [INFO] main_v3 — [MOON] target=10.0x score=52 | compresión=0.49 | tensión=48 | overdue_levels=[5, 8, 20]
2026-05-13 21:13:19 [INFO] main_v3 — [ENTROPÍA] Entropía baja (0.043) con run-length=0.520. Posible compresión estadística activa.
2026-05-13 21:13:19 [INFO] main_v3 — [DISTANCIA 5x ELEVADA] hace=14r | avg=4r | z=2.9σ | presión=1.00
2026-05-13 21:13:19 [INFO] main_v3 — [DISTANCIA 8x SOBRE MEDIA] hace=14r | avg=7r
2026-05-13 21:13:19 [INFO] main_v3 — [DISTANCIA 20x SOBRE MEDIA] hace=47r | avg=18r
2026-05-13 21:13:19 [INFO] main_v3 — [PRE-SPIKE DETECTADO] Contexto similar a previo a 5x (n=36 muestras | avg_low=34.30%)
2026-05-13 21:13:19 [INFO] main_v3 — [PRE-SPIKE DETECTADO] Contexto similar a previo a 10x (n=14 muestras | avg_low=34.50%)
2026-05-13 21:13:19 [INFO] main_v3 — [PRE-SPIKE DETECTADO] Contexto similar a previo a 20x (n=6 muestras | avg_low=32.70%)
2026-05-13 21:13:19 [INFO] main_v3 — [CONTEXTO HIGH RISK] hr_score=96 target=5.0x
2026-05-13 21:13:41 [INFO] advanced_stats — [DISTANCIA 5x ELEVADA] hace=15r | avg=4r | z=3.1σ | presión=1.00
2026-05-13 21:13:41 [INFO] advanced_stats — [PRE-SPIKE DETECTADO] Contexto similar a previo a 5x (n=36 muestras | avg_low=34.50%)
2026-05-13 21:13:41 [INFO] advanced_stats — [PRE-SPIKE DETECTADO] Contexto similar a previo a 10x (n=14 muestras | avg_low=34.60%)
2026-05-13 21:13:41 [INFO] advanced_stats — [PRE-SPIKE DETECTADO] Contexto similar a previo a 20x (n=6 muestras | avg_low=33.10%)
2026-05-13 21:13:41 [DEBUG] entropy — [ENTROPÍA] score=0.043 label=estructurado structured=True dead=False
2026-05-13 21:13:41 [DEBUG] ml_clustering — [ML] contexto=neutral score=82 anomalía=0.332 similar=8 buffer=147
2026-05-13 21:13:41 [INFO] dual_engine — [DUAL ENGINE] mode=moon emit=True target=10.00x safe=45 hunter=94 moon=52 entropy=0.043
2026-05-13 21:13:41 [INFO] main_v3 — [21:13:41] 3.72x | mode=moon | safe=45 | hunter=94 | moon=52 | entropy=0.043 | comp=0.494 | tension=50
2026-05-13 21:13:41 [INFO] main_v3 — [MOON] target=10.0x score=52 | compresión=0.49 | tensión=50 | overdue_levels=[5, 8, 20]
2026-05-13 21:13:41 [INFO] main_v3 — [ENTROPÍA] Entropía baja (0.043) con run-length=0.500. Posible compresión estadística activa.
2026-05-13 21:13:41 [INFO] main_v3 — [DISTANCIA 5x ELEVADA] hace=15r | avg=4r | z=3.1σ | presión=1.00
2026-05-13 21:13:41 [INFO] main_v3 — [DISTANCIA 8x SOBRE MEDIA] hace=15r | avg=7r
2026-05-13 21:13:41 [INFO] main_v3 — [DISTANCIA 20x SOBRE MEDIA] hace=48r | avg=18r
2026-05-13 21:13:41 [INFO] main_v3 — [PRE-SPIKE DETECTADO] Contexto similar a previo a 5x (n=36 muestras | avg_low=34.50%)
2026-05-13 21:13:41 [INFO] main_v3 — [PRE-SPIKE DETECTADO] Contexto similar a previo a 10x (n=14 muestras | avg_low=34.60%)
2026-05-13 21:13:41 [INFO] main_v3 — [PRE-SPIKE DETECTADO] Contexto similar a previo a 20x (n=6 muestras | avg_low=33.10%)
2026-05-13 21:13:41 [INFO] main_v3 — [CONTEXTO HIGH RISK] hr_score=96 target=5.0x
2026-05-13 21:15:34 [INFO] main_v3 — Señal de sistema 2 — deteniendo bot…
2026-05-13 21:15:34 [INFO] browser — Cerrando navegador (sesión #1)…
2026-05-13 21:15:34 [INFO] main_v3 — Señal de sistema 2 — deteniendo bot…
2026-05-13 21:15:34 [INFO] main_v3 — Cierre limpio completado.
2026-05-13 21:20:19 [INFO] main_v3 — ═══════════════════════════════════════════════════════
2026-05-13 21:20:19 [INFO] main_v3 —   JetX Bot v3 — Motor Dual Estadístico
2026-05-13 21:20:19 [INFO] main_v3 —   SAFE MODE + HUNTER MODE + MOON MODE
2026-05-13 21:20:19 [INFO] main_v3 —   Entropía | Fibonacci | ML Clustering | Dead Market
2026-05-13 21:20:19 [INFO] main_v3 — ═══════════════════════════════════════════════════════
2026-05-13 21:20:19 [INFO] database — Base de datos inicializada: jetx_data.db
2026-05-13 21:20:19 [INFO] db_advanced — Tablas avanzadas inicializadas correctamente.
2026-05-13 21:20:19 [INFO] db_v2 — Tablas DB v2 inicializadas correctamente.
2026-05-13 21:20:19 [INFO] browser — Lanzando navegador (sesión #1)…
2026-05-13 21:20:21 [INFO] browser — Navegando a https://betplay.com.co — esperando login manual si es necesario.
2026-05-13 21:20:27 [DEBUG] browser — Frame no encontrado — reintentando…
2026-05-13 21:20:29 [DEBUG] browser — Frame no encontrado — reintentando…
2026-05-13 21:20:32 [DEBUG] browser — Frame no encontrado — reintentando…
2026-05-13 21:20:34 [DEBUG] browser — Frame no encontrado — reintentando…
2026-05-13 21:20:36 [DEBUG] browser — Frame no encontrado — reintentando…
2026-05-13 21:20:38 [DEBUG] browser — Frame no encontrado — reintentando…
2026-05-13 21:20:39 [DEBUG] browser — Frame no encontrado — reintentando…
2026-05-13 21:20:41 [DEBUG] browser — Frame no encontrado — reintentando…
2026-05-13 21:20:43 [DEBUG] browser — Frame no encontrado — reintentando…
2026-05-13 21:20:45 [DEBUG] browser — Frame no encontrado — reintentando…
2026-05-13 21:20:46 [DEBUG] browser — Frame no encontrado — reintentando…
2026-05-13 21:20:48 [DEBUG] browser — Frame no encontrado — reintentando…
2026-05-13 21:20:49 [DEBUG] browser — Frame no encontrado — reintentando…
2026-05-13 21:20:52 [INFO] browser — Historial inicial leído: 0 valores (0.00x – 0.00x)
2026-05-13 21:20:56 [INFO] advanced_stats — [PRE-SPIKE DETECTADO] Contexto similar a previo a 5x (n=37 muestras | avg_low=35.30%)
2026-05-13 21:20:56 [INFO] advanced_stats — [PRE-SPIKE DETECTADO] Contexto similar a previo a 10x (n=14 muestras | avg_low=34.70%)
2026-05-13 21:20:56 [INFO] advanced_stats — [PRE-SPIKE DETECTADO] Contexto similar a previo a 20x (n=6 muestras | avg_low=34.40%)
2026-05-13 21:20:56 [DEBUG] entropy — [ENTROPÍA] score=0.043 label=estructurado structured=True dead=False
2026-05-13 21:20:56 [DEBUG] ml_clustering — [ML] contexto=neutral score=81 anomalía=0.000 similar=0 buffer=1
2026-05-13 21:20:56 [INFO] dual_engine — [DUAL ENGINE] mode=moon emit=True target=10.00x safe=28 hunter=54 moon=47 entropy=0.043
2026-05-13 21:20:56 [INFO] main_v3 — [21:20:56] 2.56x | mode=moon | safe=28 | hunter=54 | moon=47 | entropy=0.043 | comp=0.303 | tension=15
2026-05-13 21:20:56 [INFO] main_v3 — [MOON] target=10.0x score=47 | mode=moon score=47
2026-05-13 21:20:56 [INFO] main_v3 — [ENTROPÍA] Entropía baja (0.043) con run-length=0.500. Posible compresión estadística activa.
2026-05-13 21:20:56 [INFO] main_v3 — [PRE-SPIKE DETECTADO] Contexto similar a previo a 5x (n=37 muestras | avg_low=35.30%)
2026-05-13 21:20:56 [INFO] main_v3 — [PRE-SPIKE DETECTADO] Contexto similar a previo a 10x (n=14 muestras | avg_low=34.70%)
2026-05-13 21:20:56 [INFO] main_v3 — [PRE-SPIKE DETECTADO] Contexto similar a previo a 20x (n=6 muestras | avg_low=34.40%)
2026-05-13 21:20:59 [INFO] advanced_stats — [PRE-SPIKE DETECTADO] Contexto similar a previo a 5x (n=37 muestras | avg_low=35.50%)
2026-05-13 21:20:59 [INFO] advanced_stats — [PRE-SPIKE DETECTADO] Contexto similar a previo a 10x (n=14 muestras | avg_low=35.00%)
2026-05-13 21:20:59 [INFO] advanced_stats — [PRE-SPIKE DETECTADO] Contexto similar a previo a 20x (n=6 muestras | avg_low=34.40%)
2026-05-13 21:20:59 [DEBUG] entropy — [ENTROPÍA] score=0.043 label=estructurado structured=True dead=False
2026-05-13 21:20:59 [DEBUG] ml_clustering — [ML] contexto=neutral score=81 anomalía=0.000 similar=0 buffer=2
2026-05-13 21:20:59 [INFO] dual_engine — [DUAL ENGINE] mode=moon emit=True target=10.00x safe=34 hunter=51 moon=47 entropy=0.043
2026-05-13 21:20:59 [INFO] main_v3 — [21:20:59] 3.18x | mode=moon | safe=34 | hunter=51 | moon=47 | entropy=0.043 | comp=0.206 | tension=12
2026-05-13 21:20:59 [INFO] main_v3 — [MOON] target=10.0x score=47 | mode=moon score=47
2026-05-13 21:20:59 [INFO] main_v3 — [ENTROPÍA] Entropía baja (0.043) con run-length=0.520. Posible compresión estadística activa.
2026-05-13 21:20:59 [INFO] main_v3 — [PRE-SPIKE DETECTADO] Contexto similar a previo a 5x (n=37 muestras | avg_low=35.50%)
2026-05-13 21:20:59 [INFO] main_v3 — [PRE-SPIKE DETECTADO] Contexto similar a previo a 10x (n=14 muestras | avg_low=35.00%)
2026-05-13 21:20:59 [INFO] main_v3 — [PRE-SPIKE DETECTADO] Contexto similar a previo a 20x (n=6 muestras | avg_low=34.40%)
2026-05-13 21:21:06 [INFO] advanced_stats — [PRE-SPIKE DETECTADO] Contexto similar a previo a 5x (n=37 muestras | avg_low=35.80%)
2026-05-13 21:21:06 [INFO] advanced_stats — [PRE-SPIKE DETECTADO] Contexto similar a previo a 10x (n=14 muestras | avg_low=35.30%)
2026-05-13 21:21:06 [INFO] advanced_stats — [PRE-SPIKE DETECTADO] Contexto similar a previo a 20x (n=6 muestras | avg_low=34.40%)
2026-05-13 21:21:06 [DEBUG] entropy — [ENTROPÍA] score=0.043 label=estructurado structured=True dead=False
2026-05-13 21:21:06 [DEBUG] ml_clustering — [ML] contexto=neutral score=81 anomalía=0.000 similar=0 buffer=3
2026-05-13 21:21:06 [INFO] dual_engine — [DUAL ENGINE] mode=moon emit=True target=10.00x safe=28 hunter=53 moon=46 entropy=0.043
2026-05-13 21:21:06 [INFO] main_v3 — [21:21:06] 1.01x | mode=moon | safe=28 | hunter=53 | moon=46 | entropy=0.043 | comp=0.303 | tension=16
2026-05-13 21:21:06 [INFO] main_v3 — [MOON] target=10.0x score=46 | mode=moon score=46
2026-05-13 21:21:06 [INFO] main_v3 — [ENTROPÍA] Entropía baja (0.043) con run-length=0.500. Posible compresión estadística activa.
2026-05-13 21:21:06 [INFO] main_v3 — [PRE-SPIKE DETECTADO] Contexto similar a previo a 5x (n=37 muestras | avg_low=35.80%)
2026-05-13 21:21:06 [INFO] main_v3 — [PRE-SPIKE DETECTADO] Contexto similar a previo a 10x (n=14 muestras | avg_low=35.30%)
2026-05-13 21:21:06 [INFO] main_v3 — [PRE-SPIKE DETECTADO] Contexto similar a previo a 20x (n=6 muestras | avg_low=34.40%)
2026-05-13 21:21:23 [INFO] advanced_stats — [PRE-SPIKE DETECTADO] Contexto similar a previo a 5x (n=37 muestras | avg_low=35.50%)
2026-05-13 21:21:23 [INFO] advanced_stats — [PRE-SPIKE DETECTADO] Contexto similar a previo a 10x (n=14 muestras | avg_low=35.00%)
2026-05-13 21:21:23 [INFO] advanced_stats — [PRE-SPIKE DETECTADO] Contexto similar a previo a 20x (n=6 muestras | avg_low=34.40%)
2026-05-13 21:21:23 [DEBUG] entropy — [ENTROPÍA] score=0.043 label=estructurado structured=True dead=False
2026-05-13 21:21:23 [DEBUG] ml_clustering — [ML] contexto=neutral score=81 anomalía=0.000 similar=0 buffer=4
2026-05-13 21:21:23 [INFO] dual_engine — [DUAL ENGINE] mode=moon emit=True target=10.00x safe=36 hunter=53 moon=45 entropy=0.043
2026-05-13 21:21:23 [INFO] main_v3 — [21:21:23] 1.60x | mode=moon | safe=36 | hunter=53 | moon=45 | entropy=0.043 | comp=0.303 | tension=17
2026-05-13 21:21:23 [INFO] main_v3 — [MOON] target=10.0x score=45 | mode=moon score=45
2026-05-13 21:21:23 [INFO] main_v3 — [ENTROPÍA] Entropía baja (0.043) con run-length=0.500. Posible compresión estadística activa.
2026-05-13 21:21:23 [INFO] main_v3 — [PRE-SPIKE DETECTADO] Contexto similar a previo a 5x (n=37 muestras | avg_low=35.50%)
2026-05-13 21:21:23 [INFO] main_v3 — [PRE-SPIKE DETECTADO] Contexto similar a previo a 10x (n=14 muestras | avg_low=35.00%)
2026-05-13 21:21:23 [INFO] main_v3 — [PRE-SPIKE DETECTADO] Contexto similar a previo a 20x (n=6 muestras | avg_low=34.40%)
2026-05-13 21:21:46 [INFO] advanced_stats — [PRE-SPIKE DETECTADO] Contexto similar a previo a 5x (n=37 muestras | avg_low=35.80%)
2026-05-13 21:21:46 [INFO] advanced_stats — [PRE-SPIKE DETECTADO] Contexto similar a previo a 10x (n=14 muestras | avg_low=35.40%)
2026-05-13 21:21:46 [INFO] advanced_stats — [PRE-SPIKE DETECTADO] Contexto similar a previo a 20x (n=6 muestras | avg_low=34.40%)
2026-05-13 21:21:46 [DEBUG] entropy — [ENTROPÍA] score=0.043 label=estructurado structured=True dead=False
2026-05-13 21:21:46 [DEBUG] ml_clustering — [ML] contexto=neutral score=81 anomalía=0.000 similar=0 buffer=5
2026-05-13 21:21:46 [INFO] dual_engine — [DUAL ENGINE] mode=moon emit=True target=10.00x safe=42 hunter=50 moon=45 entropy=0.043
2026-05-13 21:21:46 [INFO] main_v3 — [21:21:45] 3.56x | mode=moon | safe=42 | hunter=50 | moon=45 | entropy=0.043 | comp=0.206 | tension=15
2026-05-13 21:21:46 [INFO] main_v3 — [MOON] target=10.0x score=45 | mode=moon score=45
2026-05-13 21:21:46 [INFO] main_v3 — [ENTROPÍA] Entropía baja (0.043) con run-length=0.500. Posible compresión estadística activa.
2026-05-13 21:21:46 [INFO] main_v3 — [PRE-SPIKE DETECTADO] Contexto similar a previo a 5x (n=37 muestras | avg_low=35.80%)
2026-05-13 21:21:46 [INFO] main_v3 — [PRE-SPIKE DETECTADO] Contexto similar a previo a 10x (n=14 muestras | avg_low=35.40%)
2026-05-13 21:21:46 [INFO] main_v3 — [PRE-SPIKE DETECTADO] Contexto similar a previo a 20x (n=6 muestras | avg_low=34.40%)
2026-05-13 21:21:52 [INFO] main_v3 — 🚫 IA bloqueó señal | reason='solo 1/5 factores — insuficiente' mode=moon target=10.0x
2026-05-13 21:22:17 [INFO] analyzer — Anti-FOMO: spike 8.77x → bloqueando 3 rondas.
2026-05-13 21:22:17 [INFO] advanced_stats — [POST_SPIKE_COOLDOWN] 8.77x >= 5x → bloqueando 2 rondas
2026-05-13 21:22:17 [INFO] advanced_stats — [POST_SPIKE_COOLDOWN] 8.77x >= 8x → bloqueando 2 rondas
2026-05-13 21:22:17 [DEBUG] db_advanced — spike_distances: nivel=5x dist=6 val=8.77
2026-05-13 21:22:17 [DEBUG] db_advanced — pre_spike_context guardado: 8.77x (nivel=5x)
2026-05-13 21:22:17 [INFO] spike_tracker — [SPIKE] 8.77x >= 5x | distancia=6 rondas
2026-05-13 21:22:17 [DEBUG] db_advanced — spike_distances: nivel=8x dist=6 val=8.77
2026-05-13 21:22:17 [DEBUG] db_advanced — pre_spike_context guardado: 8.77x (nivel=8x)
2026-05-13 21:22:17 [INFO] spike_tracker — [SPIKE] 8.77x >= 8x | distancia=6 rondas
2026-05-13 21:22:17 [INFO] advanced_stats — [PRE-SPIKE DETECTADO] Contexto similar a previo a 5x (n=38 muestras | avg_low=36.20%)
2026-05-13 21:22:17 [INFO] advanced_stats — [PRE-SPIKE DETECTADO] Contexto similar a previo a 10x (n=14 muestras | avg_low=35.90%)
2026-05-13 21:22:17 [INFO] advanced_stats — [PRE-SPIKE DETECTADO] Contexto similar a previo a 20x (n=6 muestras | avg_low=34.40%)
2026-05-13 21:22:17 [DEBUG] entropy — [ENTROPÍA] score=0.043 label=estructurado structured=True dead=False
2026-05-13 21:22:17 [DEBUG] ml_clustering — [ML] contexto=neutral score=82 anomalía=0.000 similar=0 buffer=6
2026-05-13 21:22:17 [INFO] dual_engine — [DUAL ENGINE] mode=none emit=False target=0.00x safe=39 hunter=47 moon=40 entropy=0.043
2026-05-13 21:22:17 [INFO] main_v3 — [21:22:17] 8.77x | mode=none | safe=39 | hunter=47 | moon=40 | entropy=0.043 | comp=0.181 | tension=19
2026-05-13 21:22:17 [INFO] main_v3 — [ENTROPÍA] Entropía baja (0.043) con run-length=0.520. Posible compresión estadística activa.
2026-05-13 21:22:17 [INFO] main_v3 — [POST_SPIKE_COOLDOWN] Bloqueado 1 rondas tras 8x
2026-05-13 21:22:17 [INFO] main_v3 — [PRE-SPIKE DETECTADO] Contexto similar a previo a 5x (n=38 muestras | avg_low=36.20%)
2026-05-13 21:22:17 [INFO] main_v3 — [PRE-SPIKE DETECTADO] Contexto similar a previo a 10x (n=14 muestras | avg_low=35.90%)
2026-05-13 21:22:17 [INFO] main_v3 — [PRE-SPIKE DETECTADO] Contexto similar a previo a 20x (n=6 muestras | avg_low=34.40%)
2026-05-13 21:22:27 [INFO] advanced_stats — [PRE-SPIKE DETECTADO] Contexto similar a previo a 5x (n=38 muestras | avg_low=35.90%)
2026-05-13 21:22:27 [INFO] advanced_stats — [PRE-SPIKE DETECTADO] Contexto similar a previo a 10x (n=14 muestras | avg_low=35.50%)
2026-05-13 21:22:27 [INFO] advanced_stats — [PRE-SPIKE DETECTADO] Contexto similar a previo a 20x (n=6 muestras | avg_low=34.40%)
2026-05-13 21:22:27 [DEBUG] entropy — [ENTROPÍA] score=0.043 label=estructurado structured=True dead=False
2026-05-13 21:22:27 [DEBUG] ml_clustering — [ML] contexto=neutral score=82 anomalía=0.000 similar=0 buffer=7
2026-05-13 21:22:27 [INFO] dual_engine — [DUAL ENGINE] mode=moon emit=True target=10.00x safe=38 hunter=50 moon=40 entropy=0.043
2026-05-13 21:22:27 [INFO] main_v3 — [21:22:27] 1.10x | mode=moon | safe=38 | hunter=50 | moon=40 | entropy=0.043 | comp=0.278 | tension=23
2026-05-13 21:22:27 [INFO] main_v3 — [MOON] target=10.0x score=40 | mode=moon score=40
2026-05-13 21:22:27 [INFO] main_v3 — [ENTROPÍA] Entropía baja (0.043) con run-length=0.520. Posible compresión estadística activa.
2026-05-13 21:22:27 [INFO] main_v3 — [PRE-SPIKE DETECTADO] Contexto similar a previo a 5x (n=38 muestras | avg_low=35.90%)
2026-05-13 21:22:27 [INFO] main_v3 — [PRE-SPIKE DETECTADO] Contexto similar a previo a 10x (n=14 muestras | avg_low=35.50%)
2026-05-13 21:22:27 [INFO] main_v3 — [PRE-SPIKE DETECTADO] Contexto similar a previo a 20x (n=6 muestras | avg_low=34.40%)
2026-05-13 21:22:51 [INFO] advanced_stats — [PRE-SPIKE DETECTADO] Contexto similar a previo a 5x (n=37 muestras | avg_low=35.50%)
2026-05-13 21:22:51 [INFO] advanced_stats — [PRE-SPIKE DETECTADO] Contexto similar a previo a 10x (n=14 muestras | avg_low=36.20%)
2026-05-13 21:22:51 [INFO] advanced_stats — [PRE-SPIKE DETECTADO] Contexto similar a previo a 20x (n=6 muestras | avg_low=34.40%)
2026-05-13 21:22:52 [DEBUG] entropy — [ENTROPÍA] score=0.043 label=estructurado structured=True dead=False
2026-05-13 21:22:52 [DEBUG] ml_clustering — [ML] contexto=neutral score=82 anomalía=0.000 similar=0 buffer=8
2026-05-13 21:22:52 [INFO] dual_engine — [DUAL ENGINE] mode=moon emit=True target=10.00x safe=39 hunter=50 moon=40 entropy=0.043
2026-05-13 21:22:52 [INFO] main_v3 — [21:22:51] 3.51x | mode=moon | safe=39 | hunter=50 | moon=40 | entropy=0.043 | comp=0.253 | tension=22
2026-05-13 21:22:52 [INFO] main_v3 — [MOON] target=10.0x score=40 | mode=moon score=40
2026-05-13 21:22:52 [INFO] main_v3 — [ENTROPÍA] Entropía baja (0.043) con run-length=0.500. Posible compresión estadística activa.
2026-05-13 21:22:52 [INFO] main_v3 — [PRE-SPIKE DETECTADO] Contexto similar a previo a 5x (n=37 muestras | avg_low=35.50%)
2026-05-13 21:22:52 [INFO] main_v3 — [PRE-SPIKE DETECTADO] Contexto similar a previo a 10x (n=14 muestras | avg_low=36.20%)
2026-05-13 21:22:52 [INFO] main_v3 — [PRE-SPIKE DETECTADO] Contexto similar a previo a 20x (n=6 muestras | avg_low=34.40%)
2026-05-13 21:23:05 [INFO] advanced_stats — [PRE-SPIKE DETECTADO] Contexto similar a previo a 5x (n=37 muestras | avg_low=35.30%)
2026-05-13 21:23:05 [INFO] advanced_stats — [PRE-SPIKE DETECTADO] Contexto similar a previo a 10x (n=14 muestras | avg_low=35.70%)
2026-05-13 21:23:05 [INFO] advanced_stats — [PRE-SPIKE DETECTADO] Contexto similar a previo a 20x (n=6 muestras | avg_low=34.40%)
2026-05-13 21:23:05 [DEBUG] entropy — [ENTROPÍA] score=0.043 label=estructurado structured=True dead=False
2026-05-13 21:23:05 [DEBUG] ml_clustering — [ML] contexto=neutral score=81 anomalía=0.000 similar=0 buffer=9
2026-05-13 21:23:05 [INFO] dual_engine — [DUAL ENGINE] mode=moon emit=True target=10.00x safe=36 hunter=53 moon=36 entropy=0.043
2026-05-13 21:23:05 [INFO] main_v3 — [21:23:05] 1.36x | mode=moon | safe=36 | hunter=53 | moon=36 | entropy=0.043 | comp=0.278 | tension=24
2026-05-13 21:23:05 [INFO] main_v3 — [MOON] target=10.0x score=36 | mode=moon score=36
2026-05-13 21:23:05 [INFO] main_v3 — [ENTROPÍA] Entropía baja (0.043) con run-length=0.500. Posible compresión estadística activa.
2026-05-13 21:23:05 [INFO] main_v3 — [PRE-SPIKE DETECTADO] Contexto similar a previo a 5x (n=37 muestras | avg_low=35.30%)
2026-05-13 21:23:05 [INFO] main_v3 — [PRE-SPIKE DETECTADO] Contexto similar a previo a 10x (n=14 muestras | avg_low=35.70%)
2026-05-13 21:23:05 [INFO] main_v3 — [PRE-SPIKE DETECTADO] Contexto similar a previo a 20x (n=6 muestras | avg_low=34.40%)
2026-05-13 21:23:18 [INFO] advanced_stats — [PRE-SPIKE DETECTADO] Contexto similar a previo a 5x (n=36 muestras | avg_low=34.60%)
2026-05-13 21:23:18 [INFO] advanced_stats — [PRE-SPIKE DETECTADO] Contexto similar a previo a 10x (n=13 muestras | avg_low=33.80%)
2026-05-13 21:23:18 [INFO] advanced_stats — [PRE-SPIKE DETECTADO] Contexto similar a previo a 20x (n=6 muestras | avg_low=34.40%)
2026-05-13 21:23:18 [DEBUG] entropy — [ENTROPÍA] score=0.043 label=estructurado structured=True dead=False
2026-05-13 21:23:18 [DEBUG] ml_clustering — [ML] contexto=neutral score=81 anomalía=0.000 similar=0 buffer=10
2026-05-13 21:23:18 [INFO] dual_engine — [DUAL ENGINE] mode=moon emit=True target=20.00x safe=31 hunter=60 moon=56 entropy=0.043
2026-05-13 21:23:18 [INFO] main_v3 — [21:23:18] 1.44x | mode=moon | safe=31 | hunter=60 | moon=56 | entropy=0.043 | comp=0.303 | tension=25
2026-05-13 21:23:18 [INFO] main_v3 — [MOON] target=20.0x score=56 | overdue_levels=[20]
2026-05-13 21:23:18 [INFO] main_v3 — [ENTROPÍA] Entropía baja (0.043) con run-length=0.500. Posible compresión estadística activa.
2026-05-13 21:23:18 [INFO] main_v3 — [DISTANCIA 20x SOBRE MEDIA] hace=34r | avg=18r
2026-05-13 21:23:18 [INFO] main_v3 — [PRE-SPIKE DETECTADO] Contexto similar a previo a 5x (n=36 muestras | avg_low=34.60%)
2026-05-13 21:23:18 [INFO] main_v3 — [PRE-SPIKE DETECTADO] Contexto similar a previo a 10x (n=13 muestras | avg_low=33.80%)
2026-05-13 21:23:18 [INFO] main_v3 — [PRE-SPIKE DETECTADO] Contexto similar a previo a 20x (n=6 muestras | avg_low=34.40%)
2026-05-13 21:23:51 [INFO] analyzer — Anti-FOMO: spike 10.71x → bloqueando 3 rondas.
2026-05-13 21:23:51 [INFO] advanced_stats — [POST_SPIKE_COOLDOWN] 10.71x >= 5x → bloqueando 2 rondas
2026-05-13 21:23:51 [INFO] advanced_stats — [POST_SPIKE_COOLDOWN] 10.71x >= 8x → bloqueando 2 rondas
2026-05-13 21:23:51 [INFO] advanced_stats — [POST_SPIKE_COOLDOWN] 10.71x >= 10x → bloqueando 3 rondas
2026-05-13 21:23:52 [DEBUG] db_advanced — spike_distances: nivel=5x dist=5 val=10.71
2026-05-13 21:23:52 [DEBUG] db_advanced — pre_spike_context guardado: 10.71x (nivel=5x)
2026-05-13 21:23:52 [INFO] spike_tracker — [SPIKE] 10.71x >= 5x | distancia=5 rondas
2026-05-13 21:23:52 [DEBUG] db_advanced — spike_distances: nivel=8x dist=5 val=10.71
2026-05-13 21:23:52 [DEBUG] db_advanced — pre_spike_context guardado: 10.71x (nivel=8x)
2026-05-13 21:23:52 [INFO] spike_tracker — [SPIKE] 10.71x >= 8x | distancia=5 rondas
2026-05-13 21:23:52 [DEBUG] db_advanced — spike_distances: nivel=10x dist=11 val=10.71
2026-05-13 21:23:52 [DEBUG] db_advanced — pre_spike_context guardado: 10.71x (nivel=10x)
2026-05-13 21:23:52 [INFO] spike_tracker — [SPIKE] 10.71x >= 10x | distancia=11 rondas
2026-05-13 21:23:52 [INFO] advanced_stats — [PRE-SPIKE DETECTADO] Contexto similar a previo a 5x (n=37 muestras | avg_low=34.80%)
2026-05-13 21:23:52 [INFO] advanced_stats — [PRE-SPIKE DETECTADO] Contexto similar a previo a 10x (n=14 muestras | avg_low=34.30%)
2026-05-13 21:23:52 [INFO] advanced_stats — [PRE-SPIKE DETECTADO] Contexto similar a previo a 20x (n=6 muestras | avg_low=34.40%)
2026-05-13 21:23:52 [DEBUG] entropy — [ENTROPÍA] score=0.043 label=estructurado structured=True dead=False
2026-05-13 21:23:52 [DEBUG] ml_clustering — [ML] contexto=neutral score=81 anomalía=0.000 similar=0 buffer=11
2026-05-13 21:23:52 [INFO] dual_engine — [DUAL ENGINE] mode=none emit=False target=0.00x safe=36 hunter=57 moon=60 entropy=0.043
2026-05-13 21:23:52 [INFO] main_v3 — [21:23:51] 10.71x | mode=none | safe=36 | hunter=57 | moon=60 | entropy=0.043 | comp=0.303 | tension=26
2026-05-13 21:23:52 [INFO] main_v3 — [ENTROPÍA] Entropía baja (0.043) con run-length=0.480. Posible compresión estadística activa.
2026-05-13 21:23:52 [INFO] main_v3 — [POST_SPIKE_COOLDOWN] Bloqueado 2 rondas tras 10x
2026-05-13 21:23:52 [INFO] main_v3 — [DISTANCIA 20x SOBRE MEDIA] hace=35r | avg=18r
2026-05-13 21:23:52 [INFO] main_v3 — [PRE-SPIKE DETECTADO] Contexto similar a previo a 5x (n=37 muestras | avg_low=34.80%)
2026-05-13 21:23:52 [INFO] main_v3 — [PRE-SPIKE DETECTADO] Contexto similar a previo a 10x (n=14 muestras | avg_low=34.30%)
2026-05-13 21:23:52 [INFO] main_v3 — [PRE-SPIKE DETECTADO] Contexto similar a previo a 20x (n=6 muestras | avg_low=34.40%)
2026-05-13 21:24:10 [INFO] advanced_stats — [PRE-SPIKE DETECTADO] Contexto similar a previo a 5x (n=37 muestras | avg_low=34.80%)
2026-05-13 21:24:11 [INFO] advanced_stats — [PRE-SPIKE DETECTADO] Contexto similar a previo a 10x (n=14 muestras | avg_low=34.30%)
2026-05-13 21:24:11 [INFO] advanced_stats — [PRE-SPIKE DETECTADO] Contexto similar a previo a 20x (n=6 muestras | avg_low=34.40%)
2026-05-13 21:24:11 [DEBUG] entropy — [ENTROPÍA] score=0.043 label=estructurado structured=True dead=False
2026-05-13 21:24:11 [DEBUG] ml_clustering — [ML] contexto=neutral score=81 anomalía=0.000 similar=0 buffer=12
2026-05-13 21:24:11 [INFO] dual_engine — [DUAL ENGINE] mode=none emit=False target=0.00x safe=35 hunter=57 moon=60 entropy=0.043
2026-05-13 21:24:11 [INFO] main_v3 — [21:24:10] 1.79x | mode=none | safe=35 | hunter=57 | moon=60 | entropy=0.043 | comp=0.303 | tension=26
2026-05-13 21:24:11 [INFO] main_v3 — [ENTROPÍA] Entropía baja (0.043) con run-length=0.480. Posible compresión estadística activa.
2026-05-13 21:24:11 [INFO] main_v3 — [POST_SPIKE_COOLDOWN] Bloqueado 1 rondas tras 10x
2026-05-13 21:24:11 [INFO] main_v3 — [DISTANCIA 20x SOBRE MEDIA] hace=36r | avg=18r
2026-05-13 21:24:11 [INFO] main_v3 — [PRE-SPIKE DETECTADO] Contexto similar a previo a 5x (n=37 muestras | avg_low=34.80%)
2026-05-13 21:24:11 [INFO] main_v3 — [PRE-SPIKE DETECTADO] Contexto similar a previo a 10x (n=14 muestras | avg_low=34.30%)
2026-05-13 21:24:11 [INFO] main_v3 — [PRE-SPIKE DETECTADO] Contexto similar a previo a 20x (n=6 muestras | avg_low=34.40%)
2026-05-13 21:24:33 [INFO] advanced_stats — [PRE-SPIKE DETECTADO] Contexto similar a previo a 5x (n=37 muestras | avg_low=34.80%)
2026-05-13 21:24:33 [INFO] advanced_stats — [PRE-SPIKE DETECTADO] Contexto similar a previo a 10x (n=14 muestras | avg_low=34.30%)
2026-05-13 21:24:33 [INFO] advanced_stats — [PRE-SPIKE DETECTADO] Contexto similar a previo a 20x (n=6 muestras | avg_low=34.40%)
2026-05-13 21:24:34 [DEBUG] entropy — [ENTROPÍA] score=0.043 label=estructurado structured=True dead=False
2026-05-13 21:24:34 [DEBUG] ml_clustering — [ML] contexto=neutral score=82 anomalía=0.000 similar=0 buffer=13
2026-05-13 21:24:34 [INFO] dual_engine — [DUAL ENGINE] mode=moon emit=True target=20.00x safe=36 hunter=54 moon=60 entropy=0.043
2026-05-13 21:24:34 [INFO] main_v3 — [21:24:33] 4.17x | mode=moon | safe=36 | hunter=54 | moon=60 | entropy=0.043 | comp=0.206 | tension=23
2026-05-13 21:24:34 [INFO] main_v3 — [MOON] target=20.0x score=60 | overdue_levels=[20]
2026-05-13 21:24:35 [INFO] main_v3 — [ENTROPÍA] Entropía baja (0.043) con run-length=0.480. Posible compresión estadística activa.
2026-05-13 21:24:35 [INFO] main_v3 — [DISTANCIA 20x SOBRE MEDIA] hace=37r | avg=18r
2026-05-13 21:24:35 [INFO] main_v3 — [PRE-SPIKE DETECTADO] Contexto similar a previo a 5x (n=37 muestras | avg_low=34.80%)
2026-05-13 21:24:35 [INFO] main_v3 — [PRE-SPIKE DETECTADO] Contexto similar a previo a 10x (n=14 muestras | avg_low=34.30%)
2026-05-13 21:24:35 [INFO] main_v3 — [PRE-SPIKE DETECTADO] Contexto similar a previo a 20x (n=6 muestras | avg_low=34.40%)
2026-05-13 21:24:56 [INFO] advanced_stats — [PRE-SPIKE DETECTADO] Contexto similar a previo a 5x (n=37 muestras | avg_low=34.80%)
2026-05-13 21:24:56 [INFO] advanced_stats — [PRE-SPIKE DETECTADO] Contexto similar a previo a 10x (n=14 muestras | avg_low=34.30%)
2026-05-13 21:24:56 [INFO] advanced_stats — [PRE-SPIKE DETECTADO] Contexto similar a previo a 20x (n=6 muestras | avg_low=34.40%)
2026-05-13 21:24:56 [DEBUG] entropy — [ENTROPÍA] score=0.043 label=estructurado structured=True dead=False
2026-05-13 21:24:56 [DEBUG] ml_clustering — [ML] contexto=neutral score=83 anomalía=0.000 similar=0 buffer=14
2026-05-13 21:24:56 [INFO] dual_engine — [DUAL ENGINE] mode=moon emit=True target=20.00x safe=43 hunter=58 moon=67 entropy=0.043
2026-05-13 21:24:56 [INFO] main_v3 — [21:24:56] 3.66x | mode=moon | safe=43 | hunter=58 | moon=67 | entropy=0.043 | comp=0.206 | tension=24
2026-05-13 21:24:56 [INFO] main_v3 — [MOON] target=20.0x score=67 | overdue_levels=[20]
2026-05-13 21:24:56 [INFO] main_v3 — [ENTROPÍA] Entropía baja (0.043) con run-length=0.480. Posible compresión estadística activa.
2026-05-13 21:24:56 [INFO] main_v3 — [DISTANCIA 20x SOBRE MEDIA] hace=38r | avg=18r
2026-05-13 21:24:56 [INFO] main_v3 — [PRE-SPIKE DETECTADO] Contexto similar a previo a 5x (n=37 muestras | avg_low=34.80%)
2026-05-13 21:24:56 [INFO] main_v3 — [PRE-SPIKE DETECTADO] Contexto similar a previo a 10x (n=14 muestras | avg_low=34.30%)
2026-05-13 21:24:56 [INFO] main_v3 — [PRE-SPIKE DETECTADO] Contexto similar a previo a 20x (n=6 muestras | avg_low=34.40%)
2026-05-13 21:25:01 [INFO] db_v2 — [DUAL SIGNAL] id=15 mode=moon target=20.00x conf=46%
2026-05-13 21:25:02 [INFO] main_v3 — ✅ Señal #15 emitida | mode=moon target=20.0x conf=46% safe=43 hunter=58 moon=67
2026-05-13 21:25:09 [INFO] main_v3 — ❌ Dual señal #15 (moon 20.0x) → 1.42x en 1 ronda
2026-05-13 21:25:09 [INFO] advanced_stats — [PRE-SPIKE DETECTADO] Contexto similar a previo a 5x (n=37 muestras | avg_low=34.80%)
2026-05-13 21:25:10 [INFO] advanced_stats — [PRE-SPIKE DETECTADO] Contexto similar a previo a 10x (n=14 muestras | avg_low=34.30%)
2026-05-13 21:25:10 [INFO] advanced_stats — [PRE-SPIKE DETECTADO] Contexto similar a previo a 20x (n=6 muestras | avg_low=34.40%)
2026-05-13 21:25:10 [DEBUG] entropy — [ENTROPÍA] score=0.043 label=estructurado structured=True dead=False
2026-05-13 21:25:10 [DEBUG] ml_clustering — [ML] contexto=neutral score=82 anomalía=0.000 similar=0 buffer=15
2026-05-13 21:25:10 [INFO] dual_engine — [DUAL ENGINE] mode=moon emit=True target=20.00x safe=33 hunter=59 moon=67 entropy=0.043
2026-05-13 21:25:10 [INFO] main_v3 — [21:25:08] 1.42x | mode=moon | safe=33 | hunter=59 | moon=67 | entropy=0.043 | comp=0.231 | tension=25
2026-05-13 21:25:10 [INFO] main_v3 — [MOON] target=20.0x score=67 | overdue_levels=[20]
2026-05-13 21:25:10 [INFO] main_v3 — [ENTROPÍA] Entropía baja (0.043) con run-length=0.480. Posible compresión estadística activa.
2026-05-13 21:25:10 [INFO] main_v3 — [DISTANCIA 20x SOBRE MEDIA] hace=39r | avg=18r
2026-05-13 21:25:10 [INFO] main_v3 — [PRE-SPIKE DETECTADO] Contexto similar a previo a 5x (n=37 muestras | avg_low=34.80%)
2026-05-13 21:25:10 [INFO] main_v3 — [PRE-SPIKE DETECTADO] Contexto similar a previo a 10x (n=14 muestras | avg_low=34.30%)
2026-05-13 21:25:10 [INFO] main_v3 — [PRE-SPIKE DETECTADO] Contexto similar a previo a 20x (n=6 muestras | avg_low=34.40%)
2026-05-13 21:25:24 [INFO] advanced_stats — [PRE-SPIKE DETECTADO] Contexto similar a previo a 5x (n=37 muestras | avg_low=34.80%)
2026-05-13 21:25:24 [INFO] advanced_stats — [PRE-SPIKE DETECTADO] Contexto similar a previo a 10x (n=14 muestras | avg_low=34.30%)
2026-05-13 21:25:24 [INFO] advanced_stats — [PRE-SPIKE DETECTADO] Contexto similar a previo a 20x (n=6 muestras | avg_low=34.40%)
2026-05-13 21:25:24 [DEBUG] entropy — [ENTROPÍA] score=0.043 label=estructurado structured=True dead=False
2026-05-13 21:25:24 [DEBUG] ml_clustering — [ML] contexto=neutral score=82 anomalía=0.000 similar=0 buffer=16
2026-05-13 21:25:24 [INFO] dual_engine — [DUAL ENGINE] mode=moon emit=True target=20.00x safe=36 hunter=58 moon=65 entropy=0.043
2026-05-13 21:25:24 [INFO] main_v3 — [21:25:24] 1.87x | mode=moon | safe=36 | hunter=58 | moon=65 | entropy=0.043 | comp=0.231 | tension=26
2026-05-13 21:25:24 [INFO] main_v3 — [MOON] target=20.0x score=65 | overdue_levels=[20]
2026-05-13 21:25:24 [INFO] main_v3 — [ENTROPÍA] Entropía baja (0.043) con run-length=0.480. Posible compresión estadística activa.
2026-05-13 21:25:24 [INFO] main_v3 — [DISTANCIA 20x SOBRE MEDIA] hace=40r | avg=18r
2026-05-13 21:25:24 [INFO] main_v3 — [PRE-SPIKE DETECTADO] Contexto similar a previo a 5x (n=37 muestras | avg_low=34.80%)
2026-05-13 21:25:24 [INFO] main_v3 — [PRE-SPIKE DETECTADO] Contexto similar a previo a 10x (n=14 muestras | avg_low=34.30%)
2026-05-13 21:25:24 [INFO] main_v3 — [PRE-SPIKE DETECTADO] Contexto similar a previo a 20x (n=6 muestras | avg_low=34.40%)
2026-05-13 21:25:38 [INFO] advanced_stats — [PRE-SPIKE DETECTADO] Contexto similar a previo a 5x (n=37 muestras | avg_low=34.90%)
2026-05-13 21:25:38 [INFO] advanced_stats — [PRE-SPIKE DETECTADO] Contexto similar a previo a 10x (n=14 muestras | avg_low=34.30%)
2026-05-13 21:25:38 [INFO] advanced_stats — [PRE-SPIKE DETECTADO] Contexto similar a previo a 20x (n=6 muestras | avg_low=34.40%)
2026-05-13 21:25:38 [DEBUG] entropy — [ENTROPÍA] score=0.043 label=estructurado structured=True dead=False
2026-05-13 21:25:38 [DEBUG] ml_clustering — [ML] contexto=neutral score=82 anomalía=0.000 similar=0 buffer=17
2026-05-13 21:25:38 [INFO] dual_engine — [DUAL ENGINE] mode=moon emit=True target=20.00x safe=36 hunter=53 moon=65 entropy=0.043
2026-05-13 21:25:38 [INFO] main_v3 — [21:25:38] 1.84x | mode=moon | safe=36 | hunter=53 | moon=65 | entropy=0.043 | comp=0.075 | tension=22
2026-05-13 21:25:39 [INFO] main_v3 — [MOON] target=20.0x score=65 | overdue_levels=[20]
2026-05-13 21:25:39 [INFO] main_v3 — [ENTROPÍA] Entropía baja (0.043) con run-length=0.500. Posible compresión estadística activa.
2026-05-13 21:25:39 [INFO] main_v3 — [DISTANCIA 20x SOBRE MEDIA] hace=41r | avg=18r
2026-05-13 21:25:39 [INFO] main_v3 — [PRE-SPIKE DETECTADO] Contexto similar a previo a 5x (n=37 muestras | avg_low=34.90%)
2026-05-13 21:25:39 [INFO] main_v3 — [PRE-SPIKE DETECTADO] Contexto similar a previo a 10x (n=14 muestras | avg_low=34.30%)
2026-05-13 21:25:39 [INFO] main_v3 — [PRE-SPIKE DETECTADO] Contexto similar a previo a 20x (n=6 muestras | avg_low=34.40%)
2026-05-13 21:25:53 [INFO] advanced_stats — [PRE-SPIKE DETECTADO] Contexto similar a previo a 10x (n=14 muestras | avg_low=34.30%)
2026-05-13 21:25:53 [DEBUG] entropy — [ENTROPÍA] score=0.043 label=estructurado structured=True dead=False
2026-05-13 21:25:53 [DEBUG] ml_clustering — [ML] contexto=neutral score=83 anomalía=0.000 similar=0 buffer=18
2026-05-13 21:25:53 [INFO] dual_engine — [DUAL ENGINE] mode=moon emit=True target=10.00x safe=34 hunter=28 moon=45 entropy=0.043
2026-05-13 21:25:53 [INFO] main_v3 — [21:25:53] 1.62x | mode=moon | safe=34 | hunter=28 | moon=45 | entropy=0.043 | comp=0.075 | tension=23
2026-05-13 21:25:53 [INFO] main_v3 — [MOON] target=10.0x score=45 | overdue_levels=[20]
2026-05-13 21:25:53 [INFO] main_v3 — [ENTROPÍA] Entropía baja (0.043) con run-length=0.520. Posible compresión estadística activa.
2026-05-13 21:25:53 [INFO] main_v3 — [DISTANCIA 20x SOBRE MEDIA] hace=42r | avg=18r
2026-05-13 21:25:53 [INFO] main_v3 — [PRE-SPIKE DETECTADO] Contexto similar a previo a 10x (n=14 muestras | avg_low=34.30%)
2026-05-13 21:26:07 [INFO] advanced_stats — [PRE-SPIKE DETECTADO] Contexto similar a previo a 10x (n=14 muestras | avg_low=34.30%)
2026-05-13 21:26:07 [DEBUG] entropy — [ENTROPÍA] score=0.043 label=estructurado structured=True dead=False
2026-05-13 21:26:07 [DEBUG] ml_clustering — [ML] contexto=neutral score=83 anomalía=0.000 similar=0 buffer=19
2026-05-13 21:26:07 [INFO] dual_engine — [DUAL ENGINE] mode=moon emit=True target=10.00x safe=34 hunter=36 moon=45 entropy=0.043
2026-05-13 21:26:07 [INFO] main_v3 — [21:26:07] 1.82x | mode=moon | safe=34 | hunter=36 | moon=45 | entropy=0.043 | comp=0.050 | tension=24
2026-05-13 21:26:07 [INFO] main_v3 — [MOON] target=10.0x score=45 | overdue_levels=[5, 20]
2026-05-13 21:26:07 [INFO] main_v3 — [ENTROPÍA] Entropía baja (0.043) con run-length=0.520. Posible compresión estadística activa.
2026-05-13 21:26:07 [INFO] main_v3 — [DISTANCIA 5x SOBRE MEDIA] hace=8r | avg=4r
2026-05-13 21:26:07 [INFO] main_v3 — [DISTANCIA 20x SOBRE MEDIA] hace=43r | avg=18r
2026-05-13 21:26:07 [INFO] main_v3 — [PRE-SPIKE DETECTADO] Contexto similar a previo a 10x (n=14 muestras | avg_low=34.30%)
2026-05-13 21:26:40 [INFO] analyzer — Anti-FOMO: spike 9.02x → bloqueando 3 rondas.
2026-05-13 21:26:40 [INFO] advanced_stats — [POST_SPIKE_COOLDOWN] 9.02x >= 5x → bloqueando 2 rondas
2026-05-13 21:26:40 [INFO] advanced_stats — [POST_SPIKE_COOLDOWN] 9.02x >= 8x → bloqueando 2 rondas
2026-05-13 21:26:40 [DEBUG] db_advanced — spike_distances: nivel=5x dist=9 val=9.02
2026-05-13 21:26:40 [DEBUG] db_advanced — pre_spike_context guardado: 9.02x (nivel=5x)
2026-05-13 21:26:40 [INFO] spike_tracker — [SPIKE] 9.02x >= 5x | distancia=9 rondas
2026-05-13 21:26:40 [DEBUG] db_advanced — spike_distances: nivel=8x dist=9 val=9.02
2026-05-13 21:26:40 [DEBUG] db_advanced — pre_spike_context guardado: 9.02x (nivel=8x)
2026-05-13 21:26:40 [INFO] spike_tracker — [SPIKE] 9.02x >= 8x | distancia=9 rondas
2026-05-13 21:26:41 [INFO] advanced_stats — [PRE-SPIKE DETECTADO] Contexto similar a previo a 5x (n=38 muestras | avg_low=34.50%)
2026-05-13 21:26:41 [INFO] advanced_stats — [PRE-SPIKE DETECTADO] Contexto similar a previo a 10x (n=14 muestras | avg_low=34.30%)
2026-05-13 21:26:41 [DEBUG] entropy — [ENTROPÍA] score=0.043 label=estructurado structured=True dead=False
2026-05-13 21:26:41 [DEBUG] ml_clustering — [CLUSTERING] Modelos re-entrenados con 20 muestras
2026-05-13 21:26:41 [DEBUG] ml_clustering — [ML] contexto=neutral score=83 anomalía=0.000 similar=0 buffer=20
2026-05-13 21:26:41 [INFO] dual_engine — [DUAL ENGINE] mode=none emit=False target=0.00x safe=35 hunter=37 moon=40 entropy=0.043
2026-05-13 21:26:41 [INFO] main_v3 — [21:26:40] 9.02x | mode=none | safe=35 | hunter=37 | moon=40 | entropy=0.043 | comp=0.025 | tension=20
2026-05-13 21:26:41 [INFO] main_v3 — [ENTROPÍA] Entropía baja (0.043) con run-length=0.500. Posible compresión estadística activa.
2026-05-13 21:26:41 [INFO] main_v3 — [POST_SPIKE_COOLDOWN] Bloqueado 1 rondas tras 8x
2026-05-13 21:26:41 [INFO] main_v3 — [DISTANCIA 20x SOBRE MEDIA] hace=44r | avg=18r
2026-05-13 21:26:41 [INFO] main_v3 — [PRE-SPIKE DETECTADO] Contexto similar a previo a 5x (n=38 muestras | avg_low=34.50%)
2026-05-13 21:26:41 [INFO] main_v3 — [PRE-SPIKE DETECTADO] Contexto similar a previo a 10x (n=14 muestras | avg_low=34.30%)
2026-05-13 21:27:12 [INFO] analyzer — Anti-FOMO: spike 6.59x → bloqueando 3 rondas.
2026-05-13 21:27:12 [INFO] advanced_stats — [POST_SPIKE_COOLDOWN] 6.59x >= 5x → bloqueando 2 rondas
2026-05-13 21:27:12 [DEBUG] db_advanced — spike_distances: nivel=5x dist=1 val=6.59
2026-05-13 21:27:12 [DEBUG] db_advanced — pre_spike_context guardado: 6.59x (nivel=5x)
2026-05-13 21:27:12 [INFO] spike_tracker — [SPIKE] 6.59x >= 5x | distancia=1 rondas
2026-05-13 21:27:12 [INFO] advanced_stats — [PRE-SPIKE DETECTADO] Contexto similar a previo a 5x (n=39 muestras | avg_low=34.20%)
2026-05-13 21:27:12 [INFO] advanced_stats — [PRE-SPIKE DETECTADO] Contexto similar a previo a 10x (n=14 muestras | avg_low=34.30%)
2026-05-13 21:27:12 [DEBUG] entropy — [ENTROPÍA] score=0.043 label=estructurado structured=True dead=False
2026-05-13 21:27:12 [DEBUG] ml_clustering — [ML] contexto=neutral score=83 anomalía=0.208 similar=9 buffer=21
2026-05-13 21:27:12 [INFO] dual_engine — [DUAL ENGINE] mode=none emit=False target=0.00x safe=35 hunter=37 moon=40 entropy=0.043
2026-05-13 21:27:12 [INFO] main_v3 — [21:27:12] 6.59x | mode=none | safe=35 | hunter=37 | moon=40 | entropy=0.043 | comp=0.025 | tension=21
2026-05-13 21:27:12 [INFO] main_v3 — [ENTROPÍA] Entropía baja (0.043) con run-length=0.500. Posible compresión estadística activa.
2026-05-13 21:27:12 [INFO] main_v3 — [POST_SPIKE_COOLDOWN] Bloqueado 1 rondas tras 5x
2026-05-13 21:27:12 [INFO] main_v3 — [DISTANCIA 20x SOBRE MEDIA] hace=45r | avg=18r
2026-05-13 21:27:12 [INFO] main_v3 — [PRE-SPIKE DETECTADO] Contexto similar a previo a 5x (n=39 muestras | avg_low=34.20%)
2026-05-13 21:27:12 [INFO] main_v3 — [PRE-SPIKE DETECTADO] Contexto similar a previo a 10x (n=14 muestras | avg_low=34.30%)
2026-05-13 21:27:47 [INFO] analyzer — Anti-FOMO: spike 12.89x → bloqueando 3 rondas.
2026-05-13 21:27:47 [INFO] advanced_stats — [POST_SPIKE_COOLDOWN] 12.89x >= 5x → bloqueando 2 rondas
2026-05-13 21:27:47 [INFO] advanced_stats — [POST_SPIKE_COOLDOWN] 12.89x >= 8x → bloqueando 2 rondas
2026-05-13 21:27:47 [INFO] advanced_stats — [POST_SPIKE_COOLDOWN] 12.89x >= 10x → bloqueando 3 rondas
2026-05-13 21:27:47 [DEBUG] db_advanced — spike_distances: nivel=5x dist=1 val=12.89
2026-05-13 21:27:47 [DEBUG] db_advanced — pre_spike_context guardado: 12.89x (nivel=5x)
2026-05-13 21:27:47 [INFO] spike_tracker — [SPIKE] 12.89x >= 5x | distancia=1 rondas
2026-05-13 21:27:47 [DEBUG] db_advanced — spike_distances: nivel=8x dist=2 val=12.89
2026-05-13 21:27:47 [DEBUG] db_advanced — pre_spike_context guardado: 12.89x (nivel=8x)
2026-05-13 21:27:47 [INFO] spike_tracker — [SPIKE] 12.89x >= 8x | distancia=2 rondas
2026-05-13 21:27:47 [DEBUG] db_advanced — spike_distances: nivel=10x dist=11 val=12.89
2026-05-13 21:27:47 [DEBUG] db_advanced — pre_spike_context guardado: 12.89x (nivel=10x)
2026-05-13 21:27:47 [INFO] spike_tracker — [SPIKE] 12.89x >= 10x | distancia=11 rondas
2026-05-13 21:27:47 [DEBUG] entropy — [ENTROPÍA] score=0.043 label=estructurado structured=True dead=False
2026-05-13 21:27:47 [DEBUG] ml_clustering — [ML] contexto=neutral score=83 anomalía=0.398 similar=8 buffer=22
2026-05-13 21:27:47 [INFO] dual_engine — [DUAL ENGINE] mode=none emit=False target=0.00x safe=36 hunter=12 moon=20 entropy=0.043
2026-05-13 21:27:47 [INFO] main_v3 — [21:27:47] 12.89x | mode=none | safe=36 | hunter=12 | moon=20 | entropy=0.043 | comp=0.025 | tension=22
2026-05-13 21:27:48 [INFO] main_v3 — [ENTROPÍA] Entropía baja (0.043) con run-length=0.500. Posible compresión estadística activa.
2026-05-13 21:27:48 [INFO] main_v3 — [POST_SPIKE_COOLDOWN] Bloqueado 2 rondas tras 10x
2026-05-13 21:27:48 [INFO] main_v3 — [DISTANCIA 20x SOBRE MEDIA] hace=46r | avg=18r
2026-05-13 21:28:20 [INFO] analyzer — Anti-FOMO: spike 6.97x → bloqueando 3 rondas.
2026-05-13 21:28:20 [INFO] advanced_stats — [POST_SPIKE_COOLDOWN] 6.97x >= 5x → bloqueando 2 rondas
2026-05-13 21:28:20 [DEBUG] db_advanced — spike_distances: nivel=5x dist=1 val=6.97
2026-05-13 21:28:20 [DEBUG] db_advanced — pre_spike_context guardado: 6.97x (nivel=5x)
2026-05-13 21:28:20 [INFO] spike_tracker — [SPIKE] 6.97x >= 5x | distancia=1 rondas
2026-05-13 21:28:20 [DEBUG] entropy — [ENTROPÍA] score=0.043 label=estructurado structured=True dead=False
2026-05-13 21:28:20 [DEBUG] ml_clustering — [ML] contexto=neutral score=83 anomalía=0.427 similar=9 buffer=23
2026-05-13 21:28:20 [INFO] dual_engine — [DUAL ENGINE] mode=none emit=False target=0.00x safe=36 hunter=12 moon=20 entropy=0.043
2026-05-13 21:28:20 [INFO] main_v3 — [21:28:20] 6.97x | mode=none | safe=36 | hunter=12 | moon=20 | entropy=0.043 | comp=0.025 | tension=22
2026-05-13 21:28:20 [INFO] main_v3 — [ENTROPÍA] Entropía baja (0.043) con run-length=0.500. Posible compresión estadística activa.
2026-05-13 21:28:20 [INFO] main_v3 — [POST_SPIKE_COOLDOWN] Bloqueado 1 rondas tras 10x
2026-05-13 21:28:20 [INFO] main_v3 — [DISTANCIA 20x SOBRE MEDIA] hace=47r | avg=18r
2026-05-13 21:29:01 [INFO] analyzer — Anti-FOMO: spike 20.66x → bloqueando 3 rondas.
2026-05-13 21:29:01 [INFO] advanced_stats — [POST_SPIKE_COOLDOWN] 20.66x >= 5x → bloqueando 2 rondas
2026-05-13 21:29:01 [INFO] advanced_stats — [POST_SPIKE_COOLDOWN] 20.66x >= 8x → bloqueando 2 rondas
2026-05-13 21:29:01 [INFO] advanced_stats — [POST_SPIKE_COOLDOWN] 20.66x >= 10x → bloqueando 3 rondas
2026-05-13 21:29:01 [INFO] advanced_stats — [POST_SPIKE_COOLDOWN] 20.66x >= 20x → bloqueando 4 rondas
2026-05-13 21:29:01 [DEBUG] db_advanced — spike_distances: nivel=5x dist=1 val=20.66
2026-05-13 21:29:01 [DEBUG] db_advanced — pre_spike_context guardado: 20.66x (nivel=5x)
2026-05-13 21:29:01 [INFO] spike_tracker — [SPIKE] 20.66x >= 5x | distancia=1 rondas
2026-05-13 21:29:01 [DEBUG] db_advanced — spike_distances: nivel=8x dist=2 val=20.66
2026-05-13 21:29:01 [DEBUG] db_advanced — pre_spike_context guardado: 20.66x (nivel=8x)
2026-05-13 21:29:01 [INFO] spike_tracker — [SPIKE] 20.66x >= 8x | distancia=2 rondas
2026-05-13 21:29:02 [DEBUG] db_advanced — spike_distances: nivel=10x dist=2 val=20.66
2026-05-13 21:29:02 [DEBUG] db_advanced — pre_spike_context guardado: 20.66x (nivel=10x)
2026-05-13 21:29:02 [INFO] spike_tracker — [SPIKE] 20.66x >= 10x | distancia=2 rondas
2026-05-13 21:29:02 [DEBUG] db_advanced — spike_distances: nivel=20x dist=24 val=20.66
2026-05-13 21:29:02 [DEBUG] db_advanced — pre_spike_context guardado: 20.66x (nivel=20x)
2026-05-13 21:29:02 [INFO] spike_tracker — [SPIKE] 20.66x >= 20x | distancia=24 rondas
2026-05-13 21:29:02 [DEBUG] entropy — [ENTROPÍA] score=0.085 label=estructurado structured=True dead=False
2026-05-13 21:29:02 [DEBUG] ml_clustering — [ML] contexto=neutral score=82 anomalía=0.910 similar=0 buffer=24
2026-05-13 21:29:02 [INFO] dual_engine — [DUAL ENGINE] mode=none emit=False target=0.00x safe=30 hunter=10 moon=0 entropy=0.085
2026-05-13 21:29:03 [INFO] main_v3 — [21:29:01] 20.66x | mode=none | safe=30 | hunter=10 | moon=0 | entropy=0.085 | comp=0.025 | tension=11
2026-05-13 21:29:03 [INFO] main_v3 — [ENTROPÍA] Entropía baja (0.085) con run-length=0.500. Posible compresión estadística activa.
2026-05-13 21:29:03 [INFO] main_v3 — [ANOMALÍA] Contexto: NEUTRAL (score=82) | Crash density 15r=13.33% | Compresión=0.025 | Entropía=0.085 | Anomalía=0.910
2026-05-13 21:29:04 [INFO] main_v3 — [POST_SPIKE_COOLDOWN] Bloqueado 3 rondas tras 20x
2026-05-13 21:29:13 [DEBUG] entropy — [ENTROPÍA] score=0.085 label=estructurado structured=True dead=False
2026-05-13 21:29:13 [DEBUG] ml_clustering — [ML] contexto=neutral score=82 anomalía=0.840 similar=1 buffer=25
2026-05-13 21:29:13 [INFO] dual_engine — [DUAL ENGINE] mode=none emit=False target=0.00x safe=30 hunter=14 moon=0 entropy=0.085
2026-05-13 21:29:13 [INFO] main_v3 — [21:29:13] 1.01x | mode=none | safe=30 | hunter=14 | moon=0 | entropy=0.085 | comp=0.156 | tension=16
2026-05-13 21:29:13 [INFO] main_v3 — [ENTROPÍA] Entropía baja (0.085) con run-length=0.480. Posible compresión estadística activa.
2026-05-13 21:29:14 [INFO] main_v3 — [ANOMALÍA] Contexto: NEUTRAL (score=82) | Crash density 15r=13.33% | Compresión=0.156 | Entropía=0.085 | Anomalía=0.840
2026-05-13 21:29:14 [INFO] main_v3 — [POST_SPIKE_COOLDOWN] Bloqueado 2 rondas tras 20x
2026-05-13 21:29:35 [DEBUG] entropy — [ENTROPÍA] score=0.611 label=normal structured=False dead=False
2026-05-13 21:29:35 [DEBUG] ml_clustering — [ML] contexto=neutral score=72 anomalía=1.000 similar=0 buffer=26
2026-05-13 21:29:35 [INFO] dual_engine — [DUAL ENGINE] mode=none emit=False target=0.00x safe=32 hunter=14 moon=0 entropy=0.611
2026-05-13 21:29:35 [INFO] main_v3 — [21:29:35] 3.61x | mode=none | safe=32 | hunter=14 | moon=0 | entropy=0.611 | comp=0.156 | tension=16
2026-05-13 21:29:35 [INFO] main_v3 — [ANOMALÍA] Contexto: NEUTRAL (score=72) | Crash density 15r=13.33% | Compresión=0.156 | Entropía=0.611 | Anomalía=1.000
2026-05-13 21:29:35 [INFO] main_v3 — [POST_SPIKE_COOLDOWN] Bloqueado 1 rondas tras 20x
2026-05-13 21:30:25 [INFO] analyzer — Anti-FOMO: spike 42.82x → bloqueando 3 rondas.
2026-05-13 21:30:25 [INFO] advanced_stats — [POST_SPIKE_COOLDOWN] 42.82x >= 5x → bloqueando 2 rondas
2026-05-13 21:30:25 [INFO] advanced_stats — [POST_SPIKE_COOLDOWN] 42.82x >= 8x → bloqueando 2 rondas
2026-05-13 21:30:25 [INFO] advanced_stats — [POST_SPIKE_COOLDOWN] 42.82x >= 10x → bloqueando 3 rondas
2026-05-13 21:30:25 [INFO] advanced_stats — [POST_SPIKE_COOLDOWN] 42.82x >= 20x → bloqueando 4 rondas
2026-05-13 21:30:25 [DEBUG] db_advanced — spike_distances: nivel=5x dist=3 val=42.82
2026-05-13 21:30:25 [DEBUG] db_advanced — pre_spike_context guardado: 42.82x (nivel=5x)
2026-05-13 21:30:25 [INFO] spike_tracker — [SPIKE] 42.82x >= 5x | distancia=3 rondas
2026-05-13 21:30:25 [DEBUG] db_advanced — spike_distances: nivel=8x dist=3 val=42.82
2026-05-13 21:30:25 [DEBUG] db_advanced — pre_spike_context guardado: 42.82x (nivel=8x)
2026-05-13 21:30:25 [INFO] spike_tracker — [SPIKE] 42.82x >= 8x | distancia=3 rondas
2026-05-13 21:30:25 [DEBUG] db_advanced — spike_distances: nivel=10x dist=3 val=42.82
2026-05-13 21:30:25 [DEBUG] db_advanced — pre_spike_context guardado: 42.82x (nivel=10x)
2026-05-13 21:30:25 [INFO] spike_tracker — [SPIKE] 42.82x >= 10x | distancia=3 rondas
2026-05-13 21:30:25 [DEBUG] db_advanced — spike_distances: nivel=20x dist=3 val=42.82
2026-05-13 21:30:25 [DEBUG] db_advanced — pre_spike_context guardado: 42.82x (nivel=20x)
2026-05-13 21:30:25 [INFO] spike_tracker — [SPIKE] 42.82x >= 20x | distancia=3 rondas
2026-05-13 21:30:25 [DEBUG] entropy — [ENTROPÍA] score=0.429 label=estructurado structured=True dead=False
2026-05-13 21:30:25 [DEBUG] ml_clustering — [ML] contexto=neutral score=71 anomalía=1.000 similar=0 buffer=27
2026-05-13 21:30:25 [INFO] dual_engine — [DUAL ENGINE] mode=none emit=False target=0.00x safe=29 hunter=13 moon=0 entropy=0.429
2026-05-13 21:30:25 [INFO] main_v3 — [21:30:25] 42.82x | mode=none | safe=29 | hunter=13 | moon=0 | entropy=0.429 | comp=0.156 | tension=10
2026-05-13 21:30:25 [INFO] main_v3 — [ENTROPÍA] Entropía baja (0.429) con run-length=0.460. Posible compresión estadística activa.
2026-05-13 21:30:25 [INFO] main_v3 — [ANOMALÍA] Contexto: NEUTRAL (score=71) | Crash density 15r=13.33% | Compresión=0.156 | Entropía=0.429 | Anomalía=1.000
2026-05-13 21:30:25 [INFO] main_v3 — [POST_SPIKE_COOLDOWN] Bloqueado 3 rondas tras 20x
2026-05-13 21:30:35 [DEBUG] entropy — [ENTROPÍA] score=0.418 label=estructurado structured=True dead=False
2026-05-13 21:30:35 [DEBUG] ml_clustering — [ML] contexto=neutral score=71 anomalía=1.000 similar=1 buffer=28
2026-05-13 21:30:35 [INFO] dual_engine — [DUAL ENGINE] mode=none emit=False target=0.00x safe=29 hunter=13 moon=0 entropy=0.418
2026-05-13 21:30:35 [INFO] main_v3 — [21:30:35] 1.51x | mode=none | safe=29 | hunter=13 | moon=0 | entropy=0.418 | comp=0.156 | tension=10
2026-05-13 21:30:35 [INFO] main_v3 — [ENTROPÍA] Entropía baja (0.418) con run-length=0.460. Posible compresión estadística activa.
2026-05-13 21:30:35 [INFO] main_v3 — [ANOMALÍA] Contexto: NEUTRAL (score=71) | Crash density 15r=13.33% | Compresión=0.156 | Entropía=0.418 | Anomalía=1.000
2026-05-13 21:30:35 [INFO] main_v3 — [POST_SPIKE_COOLDOWN] Bloqueado 2 rondas tras 20x
2026-05-13 21:30:55 [INFO] advanced_stats — [PRE-SPIKE DETECTADO] Contexto similar a previo a 20x (n=8 muestras | avg_low=27.60%)
2026-05-13 21:30:55 [DEBUG] entropy — [ENTROPÍA] score=0.418 label=estructurado structured=True dead=False
2026-05-13 21:30:55 [DEBUG] ml_clustering — [ML] contexto=neutral score=71 anomalía=1.000 similar=2 buffer=29
2026-05-13 21:30:55 [INFO] dual_engine — [DUAL ENGINE] mode=none emit=False target=0.00x safe=31 hunter=28 moon=20 entropy=0.418
2026-05-13 21:30:55 [INFO] main_v3 — [21:30:55] 2.19x | mode=none | safe=31 | hunter=28 | moon=20 | entropy=0.418 | comp=0.156 | tension=11
2026-05-13 21:30:55 [INFO] main_v3 — [ENTROPÍA] Entropía baja (0.418) con run-length=0.440. Posible compresión estadística activa.
2026-05-13 21:30:55 [INFO] main_v3 — [ANOMALÍA] Contexto: NEUTRAL (score=71) | Crash density 15r=13.33% | Compresión=0.156 | Entropía=0.418 | Anomalía=1.000
2026-05-13 21:30:55 [INFO] main_v3 — [POST_SPIKE_COOLDOWN] Bloqueado 1 rondas tras 20x
2026-05-13 21:30:55 [INFO] main_v3 — [PRE-SPIKE DETECTADO] Contexto similar a previo a 20x (n=8 muestras | avg_low=27.60%)
2026-05-13 21:31:05 [INFO] advanced_stats — [PRE-SPIKE DETECTADO] Contexto similar a previo a 20x (n=8 muestras | avg_low=27.90%)
2026-05-13 21:31:05 [DEBUG] entropy — [ENTROPÍA] score=0.418 label=estructurado structured=True dead=False
2026-05-13 21:31:05 [DEBUG] ml_clustering — [ML] contexto=neutral score=71 anomalía=1.000 similar=3 buffer=30
2026-05-13 21:31:05 [INFO] dual_engine — [DUAL ENGINE] mode=moon emit=True target=10.00x safe=43 hunter=38 moon=35 entropy=0.418
2026-05-13 21:31:05 [INFO] main_v3 — [21:31:05] 1.27x | mode=moon | safe=43 | hunter=38 | moon=35 | entropy=0.418 | comp=0.253 | tension=14
2026-05-13 21:31:05 [INFO] main_v3 — [MOON] target=10.0x score=35 | mode=moon score=35
2026-05-13 21:31:05 [INFO] main_v3 — [ENTROPÍA] Entropía baja (0.418) con run-length=0.440. Posible compresión estadística activa.
2026-05-13 21:31:05 [INFO] main_v3 — [ANOMALÍA] Contexto: NEUTRAL (score=71) | Crash density 15r=13.33% | Compresión=0.253 | Entropía=0.418 | Anomalía=1.000
2026-05-13 21:31:05 [INFO] main_v3 — [PRE-SPIKE DETECTADO] Contexto similar a previo a 20x (n=8 muestras | avg_low=27.90%)
2026-05-13 21:31:07 [INFO] main_v3 — 🚫 IA bloqueó señal | reason='solo 0/5 factores — insuficiente' mode=moon target=10.0x
2026-05-13 21:31:08 [INFO] main_v3 — ✅ Señal #15 emitida | mode=moon target=10.0x conf=31% safe=43 hunter=38 moon=35
2026-05-13 21:31:15 [INFO] advanced_stats — [PRE-SPIKE DETECTADO] Contexto similar a previo a 5x (n=42 muestras | avg_low=32.30%)
2026-05-13 21:31:15 [INFO] advanced_stats — [PRE-SPIKE DETECTADO] Contexto similar a previo a 10x (n=17 muestras | avg_low=30.80%)
2026-05-13 21:31:15 [INFO] advanced_stats — [PRE-SPIKE DETECTADO] Contexto similar a previo a 20x (n=8 muestras | avg_low=28.30%)
2026-05-13 21:31:15 [DEBUG] entropy — [ENTROPÍA] score=0.405 label=estructurado structured=True dead=False
2026-05-13 21:31:15 [DEBUG] ml_clustering — [ML] contexto=neutral score=70 anomalía=1.000 similar=1 buffer=31
2026-05-13 21:31:15 [INFO] dual_engine — [DUAL ENGINE] mode=moon emit=True target=10.00x safe=35 hunter=67 moon=55 entropy=0.405
2026-05-13 21:31:15 [INFO] main_v3 — [21:31:15] 1.20x | mode=moon | safe=35 | hunter=67 | moon=55 | entropy=0.405 | comp=0.409 | tension=20
2026-05-13 21:31:15 [INFO] main_v3 — [MOON] target=10.0x score=55 | compresión=0.41
2026-05-13 21:31:15 [INFO] main_v3 — [ENTROPÍA] Entropía baja (0.405) con run-length=0.460. Posible compresión estadística activa.
2026-05-13 21:31:15 [INFO] main_v3 — [ANOMALÍA] Contexto: NEUTRAL (score=71) | Crash density 15r=20.00% | Compresión=0.409 | Entropía=0.405 | Anomalía=1.000
2026-05-13 21:31:15 [INFO] main_v3 — [PRE-SPIKE DETECTADO] Contexto similar a previo a 5x (n=42 muestras | avg_low=32.30%)
2026-05-13 21:31:15 [INFO] main_v3 — [PRE-SPIKE DETECTADO] Contexto similar a previo a 10x (n=17 muestras | avg_low=30.80%)
2026-05-13 21:31:15 [INFO] main_v3 — [PRE-SPIKE DETECTADO] Contexto similar a previo a 20x (n=8 muestras | avg_low=28.30%)
2026-05-13 21:32:06 [INFO] analyzer — Anti-FOMO: spike 37.65x → bloqueando 3 rondas.
2026-05-13 21:32:06 [INFO] advanced_stats — [POST_SPIKE_COOLDOWN] 37.65x >= 5x → bloqueando 2 rondas
2026-05-13 21:32:06 [INFO] advanced_stats — [POST_SPIKE_COOLDOWN] 37.65x >= 8x → bloqueando 2 rondas
2026-05-13 21:32:06 [INFO] advanced_stats — [POST_SPIKE_COOLDOWN] 37.65x >= 10x → bloqueando 3 rondas
2026-05-13 21:32:06 [INFO] advanced_stats — [POST_SPIKE_COOLDOWN] 37.65x >= 20x → bloqueando 4 rondas
2026-05-13 21:32:06 [DEBUG] db_advanced — spike_distances: nivel=5x dist=5 val=37.65
2026-05-13 21:32:06 [DEBUG] db_advanced — pre_spike_context guardado: 37.65x (nivel=5x)
2026-05-13 21:32:06 [INFO] spike_tracker — [SPIKE] 37.65x >= 5x | distancia=5 rondas
2026-05-13 21:32:06 [DEBUG] db_advanced — spike_distances: nivel=8x dist=5 val=37.65
2026-05-13 21:32:06 [DEBUG] db_advanced — pre_spike_context guardado: 37.65x (nivel=8x)
2026-05-13 21:32:06 [INFO] spike_tracker — [SPIKE] 37.65x >= 8x | distancia=5 rondas
2026-05-13 21:32:06 [DEBUG] db_advanced — spike_distances: nivel=10x dist=5 val=37.65
2026-05-13 21:32:06 [DEBUG] db_advanced — pre_spike_context guardado: 37.65x (nivel=10x)
2026-05-13 21:32:06 [INFO] spike_tracker — [SPIKE] 37.65x >= 10x | distancia=5 rondas
2026-05-13 21:32:06 [DEBUG] db_advanced — spike_distances: nivel=20x dist=5 val=37.65
2026-05-13 21:32:07 [DEBUG] db_advanced — pre_spike_context guardado: 37.65x (nivel=20x)
2026-05-13 21:32:07 [INFO] spike_tracker — [SPIKE] 37.65x >= 20x | distancia=5 rondas
2026-05-13 21:32:07 [INFO] advanced_stats — [PRE-SPIKE DETECTADO] Contexto similar a previo a 5x (n=42 muestras | avg_low=32.40%)
2026-05-13 21:32:07 [INFO] advanced_stats — [PRE-SPIKE DETECTADO] Contexto similar a previo a 10x (n=17 muestras | avg_low=31.10%)
2026-05-13 21:32:07 [INFO] advanced_stats — [PRE-SPIKE DETECTADO] Contexto similar a previo a 20x (n=8 muestras | avg_low=28.60%)
2026-05-13 21:32:07 [DEBUG] entropy — [ENTROPÍA] score=0.445 label=estructurado structured=True dead=False
2026-05-13 21:32:07 [DEBUG] ml_clustering — [ML] contexto=neutral score=68 anomalía=1.000 similar=0 buffer=32
2026-05-13 21:32:07 [INFO] dual_engine — [DUAL ENGINE] mode=none emit=False target=0.00x safe=28 hunter=66 moon=50 entropy=0.445
2026-05-13 21:32:07 [INFO] main_v3 — [21:32:06] 37.65x | mode=none | safe=28 | hunter=66 | moon=50 | entropy=0.445 | comp=0.409 | tension=20
2026-05-13 21:32:07 [INFO] main_v3 — [ENTROPÍA] Entropía baja (0.445) con run-length=0.440. Posible compresión estadística activa.
2026-05-13 21:32:07 [INFO] main_v3 — [ANOMALÍA] Contexto: NEUTRAL (score=68) | Crash density 15r=20.00% | Compresión=0.409 | Entropía=0.445 | Anomalía=1.000
2026-05-13 21:32:07 [INFO] main_v3 — [POST_SPIKE_COOLDOWN] Bloqueado 3 rondas tras 20x
2026-05-13 21:32:07 [INFO] main_v3 — [DISTANCIA 50x SOBRE MEDIA] hace=56r | avg=30r
2026-05-13 21:32:07 [INFO] main_v3 — [PRE-SPIKE DETECTADO] Contexto similar a previo a 5x (n=42 muestras | avg_low=32.40%)
2026-05-13 21:32:07 [INFO] main_v3 — [PRE-SPIKE DETECTADO] Contexto similar a previo a 10x (n=17 muestras | avg_low=31.10%)
2026-05-13 21:32:07 [INFO] main_v3 — [PRE-SPIKE DETECTADO] Contexto similar a previo a 20x (n=8 muestras | avg_low=28.60%)
2026-05-13 21:32:26 [INFO] advanced_stats — [PRE-SPIKE DETECTADO] Contexto similar a previo a 5x (n=42 muestras | avg_low=32.60%)
2026-05-13 21:32:26 [INFO] advanced_stats — [PRE-SPIKE DETECTADO] Contexto similar a previo a 10x (n=17 muestras | avg_low=31.60%)
2026-05-13 21:32:26 [INFO] advanced_stats — [PRE-SPIKE DETECTADO] Contexto similar a previo a 20x (n=8 muestras | avg_low=28.80%)
2026-05-13 21:32:26 [DEBUG] entropy — [ENTROPÍA] score=0.445 label=estructurado structured=True dead=False
2026-05-13 21:32:26 [DEBUG] ml_clustering — [ML] contexto=neutral score=68 anomalía=1.000 similar=1 buffer=33
2026-05-13 21:32:26 [INFO] dual_engine — [DUAL ENGINE] mode=none emit=False target=0.00x safe=28 hunter=67 moon=50 entropy=0.445
2026-05-13 21:32:26 [INFO] main_v3 — [21:32:26] 3.04x | mode=none | safe=28 | hunter=67 | moon=50 | entropy=0.445 | comp=0.409 | tension=20
2026-05-13 21:32:26 [INFO] main_v3 — [ENTROPÍA] Entropía baja (0.445) con run-length=0.460. Posible compresión estadística activa.
2026-05-13 21:32:26 [INFO] main_v3 — [ANOMALÍA] Contexto: NEUTRAL (score=68) | Crash density 15r=20.00% | Compresión=0.409 | Entropía=0.445 | Anomalía=1.000
2026-05-13 21:32:26 [INFO] main_v3 — [POST_SPIKE_COOLDOWN] Bloqueado 2 rondas tras 20x
2026-05-13 21:32:26 [INFO] main_v3 — [DISTANCIA 50x SOBRE MEDIA] hace=57r | avg=30r
2026-05-13 21:32:26 [INFO] main_v3 — [PRE-SPIKE DETECTADO] Contexto similar a previo a 5x (n=42 muestras | avg_low=32.60%)
2026-05-13 21:32:26 [INFO] main_v3 — [PRE-SPIKE DETECTADO] Contexto similar a previo a 10x (n=17 muestras | avg_low=31.60%)
2026-05-13 21:32:26 [INFO] main_v3 — [PRE-SPIKE DETECTADO] Contexto similar a previo a 20x (n=8 muestras | avg_low=28.80%)
2026-05-13 21:32:40 [INFO] advanced_stats — [PRE-SPIKE DETECTADO] Contexto similar a previo a 5x (n=42 muestras | avg_low=32.90%)
2026-05-13 21:32:40 [INFO] advanced_stats — [PRE-SPIKE DETECTADO] Contexto similar a previo a 10x (n=17 muestras | avg_low=32.20%)
2026-05-13 21:32:40 [INFO] advanced_stats — [PRE-SPIKE DETECTADO] Contexto similar a previo a 20x (n=8 muestras | avg_low=29.20%)
2026-05-13 21:32:40 [DEBUG] entropy — [ENTROPÍA] score=0.431 label=estructurado structured=True dead=False
2026-05-13 21:32:40 [DEBUG] ml_clustering — [ML] contexto=neutral score=67 anomalía=1.000 similar=2 buffer=34
2026-05-13 21:32:40 [INFO] dual_engine — [DUAL ENGINE] mode=none emit=False target=0.00x safe=26 hunter=69 moon=50 entropy=0.431
2026-05-13 21:32:40 [INFO] main_v3 — [21:32:40] 1.27x | mode=none | safe=26 | hunter=69 | moon=50 | entropy=0.431 | comp=0.506 | tension=24
2026-05-13 21:32:40 [INFO] main_v3 — [ENTROPÍA] Entropía baja (0.431) con run-length=0.460. Posible compresión estadística activa.
2026-05-13 21:32:40 [INFO] main_v3 — [ANOMALÍA] Contexto: NEUTRAL (score=67) | Crash density 15r=26.67% | Compresión=0.506 | Entropía=0.431 | Anomalía=1.000
2026-05-13 21:32:40 [INFO] main_v3 — [POST_SPIKE_COOLDOWN] Bloqueado 1 rondas tras 20x
2026-05-13 21:32:40 [INFO] main_v3 — [DISTANCIA 50x SOBRE MEDIA] hace=58r | avg=30r
2026-05-13 21:32:40 [INFO] main_v3 — [PRE-SPIKE DETECTADO] Contexto similar a previo a 5x (n=42 muestras | avg_low=32.90%)
2026-05-13 21:32:40 [INFO] main_v3 — [PRE-SPIKE DETECTADO] Contexto similar a previo a 10x (n=17 muestras | avg_low=32.20%)
2026-05-13 21:32:40 [INFO] main_v3 — [PRE-SPIKE DETECTADO] Contexto similar a previo a 20x (n=8 muestras | avg_low=29.20%)
2026-05-13 21:33:23 [INFO] analyzer — Anti-FOMO: spike 26.72x → bloqueando 3 rondas.
2026-05-13 21:33:23 [INFO] advanced_stats — [POST_SPIKE_COOLDOWN] 26.72x >= 5x → bloqueando 2 rondas
2026-05-13 21:33:23 [INFO] advanced_stats — [POST_SPIKE_COOLDOWN] 26.72x >= 8x → bloqueando 2 rondas
2026-05-13 21:33:23 [INFO] advanced_stats — [POST_SPIKE_COOLDOWN] 26.72x >= 10x → bloqueando 3 rondas
2026-05-13 21:33:23 [INFO] advanced_stats — [POST_SPIKE_COOLDOWN] 26.72x >= 20x → bloqueando 4 rondas
2026-05-13 21:33:23 [DEBUG] db_advanced — spike_distances: nivel=5x dist=3 val=26.72
2026-05-13 21:33:23 [DEBUG] db_advanced — pre_spike_context guardado: 26.72x (nivel=5x)
2026-05-13 21:33:23 [INFO] spike_tracker — [SPIKE] 26.72x >= 5x | distancia=3 rondas
2026-05-13 21:33:23 [DEBUG] db_advanced — spike_distances: nivel=8x dist=3 val=26.72
2026-05-13 21:33:23 [DEBUG] db_advanced — pre_spike_context guardado: 26.72x (nivel=8x)
2026-05-13 21:33:23 [INFO] spike_tracker — [SPIKE] 26.72x >= 8x | distancia=3 rondas
2026-05-13 21:33:23 [DEBUG] db_advanced — spike_distances: nivel=10x dist=3 val=26.72
2026-05-13 21:33:23 [DEBUG] db_advanced — pre_spike_context guardado: 26.72x (nivel=10x)
2026-05-13 21:33:23 [INFO] spike_tracker — [SPIKE] 26.72x >= 10x | distancia=3 rondas
2026-05-13 21:33:23 [DEBUG] db_advanced — spike_distances: nivel=20x dist=3 val=26.72
2026-05-13 21:33:23 [DEBUG] db_advanced — pre_spike_context guardado: 26.72x (nivel=20x)
2026-05-13 21:33:23 [INFO] spike_tracker — [SPIKE] 26.72x >= 20x | distancia=3 rondas
2026-05-13 21:33:23 [INFO] advanced_stats — [PRE-SPIKE DETECTADO] Contexto similar a previo a 5x (n=43 muestras | avg_low=32.10%)
2026-05-13 21:33:23 [INFO] advanced_stats — [PRE-SPIKE DETECTADO] Contexto similar a previo a 10x (n=18 muestras | avg_low=30.70%)
2026-05-13 21:33:23 [INFO] advanced_stats — [PRE-SPIKE DETECTADO] Contexto similar a previo a 20x (n=9 muestras | avg_low=28.20%)
2026-05-13 21:33:23 [DEBUG] entropy — [ENTROPÍA] score=0.471 label=estructurado structured=True dead=False
2026-05-13 21:33:23 [WARNING] entropy — [DEAD MARKET] Bloqueando todas las señales. toxicity=0.60 | 2 spikes ≥8x en últimas 5 rondas | Volatilidad absurda (std=16.8 en 10r)
2026-05-13 21:33:23 [DEBUG] ml_clustering — [ML] contexto=neutral score=66 anomalía=1.000 similar=3 buffer=35
2026-05-13 21:33:23 [INFO] dual_engine — [DUAL ENGINE] mode=dead emit=False target=0.00x safe=28 hunter=67 moon=50 entropy=0.471
2026-05-13 21:33:23 [INFO] main_v3 — [21:33:23] 26.72x | mode=dead | safe=28 | hunter=67 | moon=50 | entropy=0.471 | comp=0.409 | tension=20
2026-05-13 21:33:23 [INFO] main_v3 — [DEAD MARKET] 2 spikes ≥8x en últimas 5 rondas | Volatilidad absurda (std=16.8 en 10r)
2026-05-13 21:33:23 [INFO] main_v3 — [ENTROPÍA] Entropía baja (0.471) con run-length=0.460. Posible compresión estadística activa.
2026-05-13 21:33:23 [INFO] main_v3 — [ANOMALÍA] Contexto: NEUTRAL (score=66) | Crash density 15r=26.67% | Compresión=0.409 | Entropía=0.471 | Anomalía=1.000
2026-05-13 21:33:23 [INFO] main_v3 — [POST_SPIKE_COOLDOWN] Bloqueado 3 rondas tras 20x
2026-05-13 21:33:23 [INFO] main_v3 — [DISTANCIA 50x SOBRE MEDIA] hace=59r | avg=30r
2026-05-13 21:33:23 [INFO] main_v3 — [PRE-SPIKE DETECTADO] Contexto similar a previo a 5x (n=43 muestras | avg_low=32.10%)
2026-05-13 21:33:23 [INFO] main_v3 — [PRE-SPIKE DETECTADO] Contexto similar a previo a 10x (n=18 muestras | avg_low=30.70%)
2026-05-13 21:33:23 [INFO] main_v3 — [PRE-SPIKE DETECTADO] Contexto similar a previo a 20x (n=9 muestras | avg_low=28.20%)
2026-05-13 21:33:46 [INFO] advanced_stats — [PRE-SPIKE DETECTADO] Contexto similar a previo a 5x (n=43 muestras | avg_low=32.50%)
2026-05-13 21:33:46 [INFO] advanced_stats — [PRE-SPIKE DETECTADO] Contexto similar a previo a 10x (n=18 muestras | avg_low=31.30%)
2026-05-13 21:33:46 [INFO] advanced_stats — [PRE-SPIKE DETECTADO] Contexto similar a previo a 20x (n=9 muestras | avg_low=28.50%)
2026-05-13 21:33:46 [DEBUG] entropy — [ENTROPÍA] score=0.456 label=estructurado structured=True dead=False
2026-05-13 21:33:46 [WARNING] entropy — [DEAD MARKET] Bloqueando todas las señales. toxicity=0.60 | 2 spikes ≥8x en últimas 5 rondas | Volatilidad absurda (std=16.8 en 10r)
2026-05-13 21:33:46 [DEBUG] ml_clustering — [ML] contexto=neutral score=66 anomalía=1.000 similar=4 buffer=36
2026-05-13 21:33:46 [INFO] dual_engine — [DUAL ENGINE] mode=dead emit=False target=0.00x safe=28 hunter=67 moon=50 entropy=0.456
2026-05-13 21:33:46 [INFO] main_v3 — [21:33:46] 3.61x | mode=dead | safe=28 | hunter=67 | moon=50 | entropy=0.456 | comp=0.409 | tension=21
2026-05-13 21:33:46 [INFO] main_v3 — [DEAD MARKET] 2 spikes ≥8x en últimas 5 rondas | Volatilidad absurda (std=16.8 en 10r)
2026-05-13 21:33:46 [INFO] main_v3 — [ENTROPÍA] Entropía baja (0.456) con run-length=0.460. Posible compresión estadística activa.
2026-05-13 21:33:46 [INFO] main_v3 — [ANOMALÍA] Contexto: NEUTRAL (score=66) | Crash density 15r=26.67% | Compresión=0.409 | Entropía=0.456 | Anomalía=1.000
2026-05-13 21:33:46 [INFO] main_v3 — [POST_SPIKE_COOLDOWN] Bloqueado 2 rondas tras 20x
2026-05-13 21:33:46 [INFO] main_v3 — [DISTANCIA 50x SOBRE MEDIA] hace=60r | avg=30r
2026-05-13 21:33:46 [INFO] main_v3 — [PRE-SPIKE DETECTADO] Contexto similar a previo a 5x (n=43 muestras | avg_low=32.50%)
2026-05-13 21:33:46 [INFO] main_v3 — [PRE-SPIKE DETECTADO] Contexto similar a previo a 10x (n=18 muestras | avg_low=31.30%)
2026-05-13 21:33:46 [INFO] main_v3 — [PRE-SPIKE DETECTADO] Contexto similar a previo a 20x (n=9 muestras | avg_low=28.50%)
2026-05-13 21:34:06 [INFO] advanced_stats — [PRE-SPIKE DETECTADO] Contexto similar a previo a 5x (n=42 muestras | avg_low=32.50%)
2026-05-13 21:34:06 [INFO] advanced_stats — [PRE-SPIKE DETECTADO] Contexto similar a previo a 10x (n=17 muestras | avg_low=31.20%)
2026-05-13 21:34:06 [INFO] advanced_stats — [PRE-SPIKE DETECTADO] Contexto similar a previo a 20x (n=9 muestras | avg_low=28.90%)
2026-05-13 21:34:06 [DEBUG] entropy — [ENTROPÍA] score=0.440 label=estructurado structured=True dead=False
2026-05-13 21:34:06 [DEBUG] ml_clustering — [ML] contexto=neutral score=66 anomalía=1.000 similar=5 buffer=37
2026-05-13 21:34:06 [INFO] dual_engine — [DUAL ENGINE] mode=none emit=False target=0.00x safe=28 hunter=67 moon=50 entropy=0.440
2026-05-13 21:34:07 [INFO] main_v3 — [21:34:06] 2.49x | mode=none | safe=28 | hunter=67 | moon=50 | entropy=0.440 | comp=0.409 | tension=21
2026-05-13 21:34:07 [INFO] main_v3 — [ENTROPÍA] Entropía baja (0.440) con run-length=0.480. Posible compresión estadística activa.
2026-05-13 21:34:07 [INFO] main_v3 — [ANOMALÍA] Contexto: NEUTRAL (score=66) | Crash density 15r=26.67% | Compresión=0.409 | Entropía=0.440 | Anomalía=1.000
2026-05-13 21:34:07 [INFO] main_v3 — [POST_SPIKE_COOLDOWN] Bloqueado 1 rondas tras 20x
2026-05-13 21:34:07 [INFO] main_v3 — [DISTANCIA 50x SOBRE MEDIA] hace=61r | avg=30r
2026-05-13 21:34:07 [INFO] main_v3 — [PRE-SPIKE DETECTADO] Contexto similar a previo a 5x (n=42 muestras | avg_low=32.50%)
2026-05-13 21:34:07 [INFO] main_v3 — [PRE-SPIKE DETECTADO] Contexto similar a previo a 10x (n=17 muestras | avg_low=31.20%)
2026-05-13 21:34:07 [INFO] main_v3 — [PRE-SPIKE DETECTADO] Contexto similar a previo a 20x (n=9 muestras | avg_low=28.90%)
2026-05-13 21:34:35 [INFO] analyzer — Anti-FOMO: spike 6.59x → bloqueando 3 rondas.
2026-05-13 21:34:35 [INFO] advanced_stats — [POST_SPIKE_COOLDOWN] 6.59x >= 5x → bloqueando 2 rondas
2026-05-13 21:34:35 [DEBUG] db_advanced — spike_distances: nivel=5x dist=3 val=6.59
2026-05-13 21:34:35 [DEBUG] db_advanced — pre_spike_context guardado: 6.59x (nivel=5x)
2026-05-13 21:34:35 [INFO] spike_tracker — [SPIKE] 6.59x >= 5x | distancia=3 rondas
2026-05-13 21:34:35 [INFO] advanced_stats — [PRE-SPIKE DETECTADO] Contexto similar a previo a 5x (n=43 muestras | avg_low=31.70%)
2026-05-13 21:34:35 [INFO] advanced_stats — [PRE-SPIKE DETECTADO] Contexto similar a previo a 10x (n=17 muestras | avg_low=30.20%)
2026-05-13 21:34:36 [INFO] advanced_stats — [PRE-SPIKE DETECTADO] Contexto similar a previo a 20x (n=9 muestras | avg_low=28.00%)
2026-05-13 21:34:36 [DEBUG] entropy — [ENTROPÍA] score=0.456 label=estructurado structured=True dead=False
2026-05-13 21:34:36 [DEBUG] ml_clustering — [ML] contexto=neutral score=66 anomalía=1.000 similar=6 buffer=38
2026-05-13 21:34:36 [INFO] dual_engine — [DUAL ENGINE] mode=none emit=False target=0.00x safe=29 hunter=67 moon=50 entropy=0.456
2026-05-13 21:34:36 [INFO] main_v3 — [21:34:34] 6.59x | mode=none | safe=29 | hunter=67 | moon=50 | entropy=0.456 | comp=0.409 | tension=21
2026-05-13 21:34:36 [INFO] main_v3 — [ENTROPÍA] Entropía baja (0.456) con run-length=0.500. Posible compresión estadística activa.
2026-05-13 21:34:36 [INFO] main_v3 — [ANOMALÍA] Contexto: NEUTRAL (score=66) | Crash density 15r=26.67% | Compresión=0.409 | Entropía=0.456 | Anomalía=1.000
2026-05-13 21:34:36 [INFO] main_v3 — [POST_SPIKE_COOLDOWN] Bloqueado 1 rondas tras 5x
2026-05-13 21:34:36 [INFO] main_v3 — [DISTANCIA 50x SOBRE MEDIA] hace=62r | avg=30r
2026-05-13 21:34:36 [INFO] main_v3 — [PRE-SPIKE DETECTADO] Contexto similar a previo a 5x (n=43 muestras | avg_low=31.70%)
2026-05-13 21:34:36 [INFO] main_v3 — [PRE-SPIKE DETECTADO] Contexto similar a previo a 10x (n=17 muestras | avg_low=30.20%)
2026-05-13 21:34:36 [INFO] main_v3 — [PRE-SPIKE DETECTADO] Contexto similar a previo a 20x (n=9 muestras | avg_low=28.00%)
2026-05-13 21:34:53 [INFO] main_v3 — Señal de sistema 2 — deteniendo bot…
2026-05-13 21:34:53 [INFO] browser — Cerrando navegador (sesión #1)…
2026-05-13 21:34:53 [INFO] main_v3 — Señal de sistema 2 — deteniendo bot…
2026-05-13 21:34:53 [INFO] main_v3 — Cierre limpio completado.
2026-05-13 21:44:28 [INFO] main_v3 — ═══════════════════════════════════════════════════════
2026-05-13 21:44:28 [INFO] main_v3 —   JetX Bot v3 — Motor Dual Estadístico
2026-05-13 21:44:28 [INFO] main_v3 —   SAFE MODE + HUNTER MODE + MOON MODE
2026-05-13 21:44:28 [INFO] main_v3 —   Entropía | Fibonacci | ML Clustering | Dead Market
2026-05-13 21:44:28 [INFO] main_v3 — ═══════════════════════════════════════════════════════
2026-05-13 21:44:28 [INFO] database — Base de datos inicializada: jetx_data.db
2026-05-13 21:44:28 [INFO] db_advanced — Tablas avanzadas inicializadas correctamente.
2026-05-13 21:44:28 [INFO] db_v2 — Tablas DB v2 inicializadas correctamente.
2026-05-13 21:44:28 [INFO] browser — Lanzando navegador (sesión #1)…
2026-05-13 21:44:30 [INFO] browser — Navegando a https://betplay.com.co — esperando login manual si es necesario.
2026-05-13 21:44:35 [DEBUG] browser — Frame no encontrado — reintentando…
2026-05-13 21:44:35 [DEBUG] browser — [live_tick] frame no encontrado
2026-05-13 21:44:39 [DEBUG] browser — Frame no encontrado — reintentando…
2026-05-13 21:44:41 [DEBUG] browser — Frame no encontrado — reintentando…
2026-05-13 21:44:42 [DEBUG] browser — Frame no encontrado — reintentando…
2026-05-13 21:44:46 [DEBUG] browser — Frame no encontrado — reintentando…
2026-05-13 21:44:47 [DEBUG] browser — Frame no encontrado — reintentando…
2026-05-13 21:44:49 [DEBUG] browser — [live_tick] frame no encontrado
2026-05-13 21:44:49 [DEBUG] browser — Frame no encontrado — reintentando…
2026-05-13 21:44:51 [DEBUG] browser — Frame no encontrado — reintentando…
2026-05-13 21:44:52 [DEBUG] browser — Frame no encontrado — reintentando…
2026-05-13 21:44:54 [DEBUG] browser — Frame no encontrado — reintentando…
2026-05-13 21:44:55 [DEBUG] browser — Frame no encontrado — reintentando…
2026-05-13 21:44:56 [DEBUG] browser — [live_tick] frame no encontrado
2026-05-13 21:44:57 [DEBUG] browser — Frame no encontrado — reintentando…
2026-05-13 21:44:59 [DEBUG] browser — Frame no encontrado — reintentando…
2026-05-13 21:45:01 [DEBUG] browser — Frame no encontrado — reintentando…
2026-05-13 21:45:04 [INFO] browser — Historial inicial leído: 0 valores (0.00x – 0.00x)
2026-05-13 21:45:09 [INFO] advanced_stats — [PRE-SPIKE DETECTADO] Contexto similar a previo a 5x (n=37 muestras | avg_low=35.30%)
2026-05-13 21:45:09 [INFO] advanced_stats — [PRE-SPIKE DETECTADO] Contexto similar a previo a 10x (n=14 muestras | avg_low=34.70%)
2026-05-13 21:45:09 [INFO] advanced_stats — [PRE-SPIKE DETECTADO] Contexto similar a previo a 20x (n=6 muestras | avg_low=34.40%)
2026-05-13 21:45:09 [DEBUG] entropy — [ENTROPÍA] score=0.043 label=estructurado structured=True dead=False
2026-05-13 21:45:09 [DEBUG] ml_clustering — [ML] contexto=neutral score=80 anomalía=0.000 similar=0 buffer=1
2026-05-13 21:45:09 [INFO] dual_engine — [DUAL ENGINE] mode=moon emit=True target=10.00x safe=20 hunter=56 moon=37 entropy=0.043
2026-05-13 21:45:09 [INFO] main_v3 — [21:45:09] 1.13x | mode=moon | safe=20 | hunter=56 | moon=37 | entropy=0.043 | comp=0.399 | tension=19
2026-05-13 21:45:09 [INFO] main_v3 — [MOON] target=10.0x score=37 | mode=moon score=37
2026-05-13 21:45:09 [INFO] main_v3 — [ENTROPÍA] Entropía baja (0.043) con run-length=0.480. Posible compresión estadística activa.
2026-05-13 21:45:09 [INFO] main_v3 — [PRE-SPIKE DETECTADO] Contexto similar a previo a 5x (n=37 muestras | avg_low=35.30%)
2026-05-13 21:45:09 [INFO] main_v3 — [PRE-SPIKE DETECTADO] Contexto similar a previo a 10x (n=14 muestras | avg_low=34.70%)
2026-05-13 21:45:09 [INFO] main_v3 — [PRE-SPIKE DETECTADO] Contexto similar a previo a 20x (n=6 muestras | avg_low=34.40%)
2026-05-13 21:45:09 [INFO] browser — [live_tick] ⚡ 1.72x (en vuelo)
2026-05-13 21:45:10 [INFO] browser — [live_tick] ⚡ 1.92x (en vuelo)
2026-05-13 21:45:11 [INFO] browser — [live_tick] ⚡ 2.07x (en vuelo)
2026-05-13 21:45:12 [INFO] browser — [live_tick] ⚡ 2.19x (en vuelo)
2026-05-13 21:45:12 [INFO] browser — [live_tick] ⚡ 2.35x (en vuelo)
2026-05-13 21:45:13 [INFO] browser — [live_tick] ⚡ 2.49x (en vuelo)
2026-05-13 21:45:14 [INFO] browser — [live_tick] ⚡ 2.64x (en vuelo)
2026-05-13 21:45:15 [INFO] browser — [live_tick] ⚡ 2.87x (en vuelo)
2026-05-13 21:45:15 [INFO] browser — [live_tick] ⚡ 3.04x (en vuelo)
2026-05-13 21:45:16 [INFO] browser — [live_tick] ⚡ 3.27x (en vuelo)
2026-05-13 21:45:17 [INFO] browser — [live_tick] ⚡ 3.51x (en vuelo)
2026-05-13 21:45:18 [INFO] browser — [live_tick] ⚡ 3.77x (en vuelo)
2026-05-13 21:45:18 [INFO] browser — [live_tick] ⚡ 4.05x (en vuelo)
2026-05-13 21:45:19 [INFO] browser — [live_tick] ⚡ 4.41x (en vuelo)
2026-05-13 21:45:20 [INFO] browser — [live_tick] ⚡ 4.74x (en vuelo)
2026-05-13 21:45:21 [INFO] browser — [live_tick] ⚡ 5.09x (en vuelo)
2026-05-13 21:45:22 [INFO] browser — [live_tick] ⚡ 5.47x (en vuelo)
2026-05-13 21:45:23 [INFO] browser — [live_tick] ⚡ 5.96x (en vuelo)
2026-05-13 21:45:24 [INFO] browser — [live_tick] ⚡ 6.40x (en vuelo)
2026-05-13 21:45:25 [INFO] browser — [live_tick] ⚡ 7.18x (en vuelo)
2026-05-13 21:45:26 [INFO] browser — [live_tick] ⚡ 7.71x (en vuelo)
2026-05-13 21:45:26 [INFO] browser — [live_tick] ⚡ 8.28x (en vuelo)
2026-05-13 21:45:27 [INFO] browser — [live_tick] ⚡ 8.89x (en vuelo)
2026-05-13 21:45:28 [INFO] browser — [live_tick] ⚡ 9.42x (en vuelo)
2026-05-13 21:45:29 [INFO] browser — [live_tick] ⚡ 10.26x (en vuelo)
2026-05-13 21:45:29 [INFO] browser — [live_tick] ⚡ 11.02x (en vuelo)
2026-05-13 21:45:30 [INFO] browser — [live_tick] ⚡ 11.83x (en vuelo)
2026-05-13 21:45:31 [INFO] browser — [live_tick] ⚡ 12.71x (en vuelo)
2026-05-13 21:45:32 [INFO] browser — [live_tick] ⚡ 13.46x (en vuelo)
2026-05-13 21:45:32 [INFO] browser — [live_tick] ⚡ 14.46x (en vuelo)
2026-05-13 21:45:33 [INFO] browser — [live_tick] ⚡ 15.31x (en vuelo)
2026-05-13 21:45:34 [INFO] analyzer — Anti-FOMO: spike 15.53x → bloqueando 3 rondas.
2026-05-13 21:45:34 [INFO] advanced_stats — [POST_SPIKE_COOLDOWN] 15.53x >= 5x → bloqueando 2 rondas
2026-05-13 21:45:34 [INFO] advanced_stats — [POST_SPIKE_COOLDOWN] 15.53x >= 8x → bloqueando 2 rondas
2026-05-13 21:45:34 [INFO] advanced_stats — [POST_SPIKE_COOLDOWN] 15.53x >= 10x → bloqueando 3 rondas
2026-05-13 21:45:34 [DEBUG] db_advanced — spike_distances: nivel=5x dist=2 val=15.53
2026-05-13 21:45:34 [INFO] spike_tracker — [SPIKE] 15.53x >= 5x | distancia=2 rondas
2026-05-13 21:45:34 [DEBUG] db_advanced — spike_distances: nivel=8x dist=2 val=15.53
2026-05-13 21:45:34 [INFO] spike_tracker — [SPIKE] 15.53x >= 8x | distancia=2 rondas
2026-05-13 21:45:34 [DEBUG] db_advanced — spike_distances: nivel=10x dist=2 val=15.53
2026-05-13 21:45:34 [INFO] spike_tracker — [SPIKE] 15.53x >= 10x | distancia=2 rondas
2026-05-13 21:45:35 [INFO] advanced_stats — [PRE-SPIKE DETECTADO] Contexto similar a previo a 5x (n=38 muestras | avg_low=35.60%)
2026-05-13 21:45:35 [INFO] advanced_stats — [PRE-SPIKE DETECTADO] Contexto similar a previo a 10x (n=15 muestras | avg_low=35.30%)
2026-05-13 21:45:35 [INFO] advanced_stats — [PRE-SPIKE DETECTADO] Contexto similar a previo a 20x (n=6 muestras | avg_low=34.40%)
2026-05-13 21:45:35 [DEBUG] entropy — [ENTROPÍA] score=0.085 label=estructurado structured=True dead=False
2026-05-13 21:45:35 [DEBUG] ml_clustering — [ML] contexto=neutral score=78 anomalía=0.000 similar=0 buffer=2
2026-05-13 21:45:35 [INFO] dual_engine — [DUAL ENGINE] mode=none emit=False target=0.00x safe=30 hunter=50 moon=40 entropy=0.085
2026-05-13 21:45:35 [INFO] main_v3 — [21:45:34] 15.53x | mode=none | safe=30 | hunter=50 | moon=40 | entropy=0.085 | comp=0.303 | tension=16
2026-05-13 21:45:35 [INFO] main_v3 — [ENTROPÍA] Entropía baja (0.085) con run-length=0.480. Posible compresión estadística activa.
2026-05-13 21:45:36 [INFO] main_v3 — [POST_SPIKE_COOLDOWN] Bloqueado 2 rondas tras 10x
2026-05-13 21:45:36 [INFO] main_v3 — [PRE-SPIKE DETECTADO] Contexto similar a previo a 5x (n=38 muestras | avg_low=35.60%)
2026-05-13 21:45:36 [INFO] main_v3 — [PRE-SPIKE DETECTADO] Contexto similar a previo a 10x (n=15 muestras | avg_low=35.30%)
2026-05-13 21:45:36 [INFO] main_v3 — [PRE-SPIKE DETECTADO] Contexto similar a previo a 20x (n=6 muestras | avg_low=34.40%)
2026-05-13 21:45:36 [INFO] browser — [live_tick] ⏸ entre rondas
2026-05-13 21:45:42 [INFO] browser — [live_tick] ⚡ 1.00x (en vuelo)
2026-05-13 21:45:43 [INFO] advanced_stats — [PRE-SPIKE DETECTADO] Contexto similar a previo a 5x (n=38 muestras | avg_low=35.90%)
2026-05-13 21:45:43 [INFO] advanced_stats — [PRE-SPIKE DETECTADO] Contexto similar a previo a 10x (n=15 muestras | avg_low=35.60%)
2026-05-13 21:45:43 [INFO] advanced_stats — [PRE-SPIKE DETECTADO] Contexto similar a previo a 20x (n=6 muestras | avg_low=34.40%)
2026-05-13 21:45:43 [DEBUG] entropy — [ENTROPÍA] score=0.085 label=estructurado structured=True dead=False
2026-05-13 21:45:43 [DEBUG] ml_clustering — [ML] contexto=neutral score=78 anomalía=0.000 similar=0 buffer=3
2026-05-13 21:45:43 [INFO] dual_engine — [DUAL ENGINE] mode=none emit=False target=0.00x safe=29 hunter=52 moon=40 entropy=0.085
2026-05-13 21:45:43 [INFO] main_v3 — [21:45:43] 1.01x | mode=none | safe=29 | hunter=52 | moon=40 | entropy=0.085 | comp=0.399 | tension=19
2026-05-13 21:45:43 [INFO] main_v3 — [ENTROPÍA] Entropía baja (0.085) con run-length=0.460. Posible compresión estadística activa.
2026-05-13 21:45:43 [INFO] main_v3 — [POST_SPIKE_COOLDOWN] Bloqueado 1 rondas tras 10x
2026-05-13 21:45:43 [INFO] main_v3 — [PRE-SPIKE DETECTADO] Contexto similar a previo a 5x (n=38 muestras | avg_low=35.90%)
2026-05-13 21:45:43 [INFO] main_v3 — [PRE-SPIKE DETECTADO] Contexto similar a previo a 10x (n=15 muestras | avg_low=35.60%)
2026-05-13 21:45:43 [INFO] main_v3 — [PRE-SPIKE DETECTADO] Contexto similar a previo a 20x (n=6 muestras | avg_low=34.40%)
2026-05-13 21:45:44 [INFO] browser — [live_tick] ⏸ entre rondas
2026-05-13 21:45:51 [INFO] browser — [live_tick] ⚡ 1.00x (en vuelo)
2026-05-13 21:45:52 [INFO] browser — [live_tick] ⚡ 1.05x (en vuelo)
2026-05-13 21:45:53 [INFO] browser — [live_tick] ⚡ 1.12x (en vuelo)
2026-05-13 21:45:53 [INFO] browser — [live_tick] ⚡ 1.20x (en vuelo)
2026-05-13 21:45:54 [INFO] browser — [live_tick] ⚡ 1.27x (en vuelo)
2026-05-13 21:45:55 [INFO] browser — [live_tick] ⚡ 1.38x (en vuelo)
2026-05-13 21:45:56 [INFO] browser — [live_tick] ⚡ 1.47x (en vuelo)
2026-05-13 21:45:56 [INFO] browser — [live_tick] ⚡ 1.57x (en vuelo)
2026-05-13 21:45:57 [INFO] browser — [live_tick] ⚡ 1.67x (en vuelo)
2026-05-13 21:45:58 [INFO] browser — [live_tick] ⚡ 1.82x (en vuelo)
2026-05-13 21:45:59 [INFO] browser — [live_tick] ⚡ 1.92x (en vuelo)
2026-05-13 21:45:59 [INFO] browser — [live_tick] ⚡ 2.07x (en vuelo)
2026-05-13 21:46:00 [INFO] browser — [live_tick] ⚡ 2.19x (en vuelo)
2026-05-13 21:46:01 [INFO] browser — [live_tick] ⚡ 2.35x (en vuelo)
2026-05-13 21:46:02 [INFO] browser — [live_tick] ⚡ 2.49x (en vuelo)
2026-05-13 21:46:03 [INFO] browser — [live_tick] ⚡ 2.71x (en vuelo)
2026-05-13 21:46:03 [INFO] browser — [live_tick] ⚡ 2.87x (en vuelo)
2026-05-13 21:46:04 [INFO] browser — [live_tick] ⚡ 3.09x (en vuelo)
2026-05-13 21:46:05 [INFO] browser — [live_tick] ⚡ 3.27x (en vuelo)
2026-05-13 21:46:05 [INFO] browser — [live_tick] ⚡ 3.51x (en vuelo)
2026-05-13 21:46:06 [INFO] browser — [live_tick] ⚡ 3.77x (en vuelo)
2026-05-13 21:46:07 [INFO] browser — [live_tick] ⚡ 3.99x (en vuelo)
2026-05-13 21:46:07 [INFO] browser — [live_tick] ⚡ 4.23x (en vuelo)
2026-05-13 21:46:08 [INFO] browser — [live_tick] ⚡ 4.61x (en vuelo)
2026-05-13 21:46:09 [INFO] browser — [live_tick] ⚡ 5.02x (en vuelo)
2026-05-13 21:46:10 [INFO] browser — [live_tick] ⚡ 5.39x (en vuelo)
2026-05-13 21:46:11 [INFO] browser — [live_tick] ⚡ 5.71x (en vuelo)
2026-05-13 21:46:12 [INFO] browser — [live_tick] ⚡ 6.13x (en vuelo)
2026-05-13 21:46:12 [INFO] browser — [live_tick] ⚡ 6.49x (en vuelo)
2026-05-13 21:46:13 [INFO] browser — [live_tick] ⚡ 7.07x (en vuelo)
2026-05-13 21:46:14 [INFO] browser — [live_tick] ⚡ 7.60x (en vuelo)
2026-05-13 21:46:15 [INFO] browser — [live_tick] ⚡ 8.05x (en vuelo)
2026-05-13 21:46:15 [INFO] browser — [live_tick] ⚡ 8.64x (en vuelo)
2026-05-13 21:46:16 [INFO] browser — [live_tick] ⚡ 9.15x (en vuelo)
2026-05-13 21:46:17 [INFO] browser — [live_tick] ⚡ 9.83x (en vuelo)
2026-05-13 21:46:18 [INFO] browser — [live_tick] ⚡ 10.56x (en vuelo)
2026-05-13 21:46:18 [INFO] browser — [live_tick] ⚡ 11.18x (en vuelo)
2026-05-13 21:46:19 [INFO] browser — [live_tick] ⚡ 11.83x (en vuelo)
2026-05-13 21:46:20 [INFO] browser — [live_tick] ⚡ 12.71x (en vuelo)
2026-05-13 21:46:20 [INFO] browser — [live_tick] ⚡ 13.46x (en vuelo)
2026-05-13 21:46:21 [INFO] browser — [live_tick] ⚡ 14.05x (en vuelo)
2026-05-13 21:46:22 [INFO] browser — [live_tick] ⚡ 15.31x (en vuelo)
2026-05-13 21:46:22 [INFO] browser — [live_tick] ⚡ 16.44x (en vuelo)
2026-05-13 21:46:23 [INFO] browser — [live_tick] ⚡ 17.66x (en vuelo)
2026-05-13 21:46:24 [INFO] browser — [live_tick] ⚡ 18.96x (en vuelo)
2026-05-13 21:46:26 [INFO] browser — [live_tick] ⚡ 21.57x (en vuelo)
2026-05-13 21:46:26 [INFO] browser — [live_tick] ⚡ 23.16x (en vuelo)
2026-05-13 21:46:27 [INFO] browser — [live_tick] ⚡ 24.53x (en vuelo)
2026-05-13 21:46:28 [INFO] browser — [live_tick] ⚡ 26.72x (en vuelo)
2026-05-13 21:46:29 [INFO] browser — [live_tick] ⚡ 29.12x (en vuelo)
2026-05-13 21:46:30 [INFO] browser — [live_tick] ⚡ 31.72x (en vuelo)
2026-05-13 21:46:32 [INFO] browser — [live_tick] ⚡ 38.20x (en vuelo)
2026-05-13 21:46:33 [INFO] browser — [live_tick] ⚡ 41.61x (en vuelo)
2026-05-13 21:46:34 [INFO] browser — [live_tick] ⚡ 45.34x (en vuelo)
2026-05-13 21:46:35 [INFO] browser — [live_tick] ⚡ 48.70x (en vuelo)
2026-05-13 21:46:35 [INFO] browser — [live_tick] ⚡ 51.56x (en vuelo)
2026-05-13 21:46:36 [INFO] browser — [live_tick] ⚡ 56.98x (en vuelo)
2026-05-13 21:46:37 [INFO] browser — [live_tick] ⚡ 61.20x (en vuelo)
2026-05-13 21:46:38 [INFO] browser — [live_tick] ⚡ 67.64x (en vuelo)
2026-05-13 21:46:39 [INFO] browser — [live_tick] ⚡ 72.65x (en vuelo)
2026-05-13 21:46:40 [INFO] browser — [live_tick] ⚡ 79.15x (en vuelo)
2026-05-13 21:46:41 [INFO] browser — [live_tick] ⚡ 85.01x (en vuelo)
2026-05-13 21:46:42 [INFO] browser — [live_tick] ⚡ 95.31x (en vuelo)
2026-05-13 21:46:45 [INFO] browser — [live_tick] ⚡ 119.78x (en vuelo)
2026-05-13 21:46:46 [INFO] browser — [live_tick] ⚡ 134.28x (en vuelo)
2026-05-13 21:46:47 [INFO] browser — [live_tick] ⚡ 144.23x (en vuelo)
2026-05-13 21:46:48 [INFO] browser — [live_tick] ⚡ 154.91x (en vuelo)
2026-05-13 21:46:48 [INFO] browser — [live_tick] ⚡ 168.77x (en vuelo)
2026-05-13 21:46:49 [INFO] browser — [live_tick] ⚡ 181.27x (en vuelo)
2026-05-13 21:46:50 [INFO] browser — [live_tick] ⚡ 191.93x (en vuelo)
2026-05-13 21:46:51 [INFO] browser — [live_tick] ⚡ 215.17x (en vuelo)
2026-05-13 21:46:52 [INFO] browser — [live_tick] ⚡ 234.42x (en vuelo)
2026-05-13 21:46:53 [INFO] browser — [live_tick] ⚡ 255.40x (en vuelo)
2026-05-13 21:46:54 [INFO] browser — [live_tick] ⚡ 274.31x (en vuelo)
2026-05-13 21:46:55 [INFO] browser — [live_tick] ⚡ 307.52x (en vuelo)
2026-05-13 21:46:56 [INFO] browser — [live_tick] ⚡ 330.29x (en vuelo)
2026-05-13 21:46:57 [INFO] browser — [live_tick] ⚡ 359.85x (en vuelo)
2026-05-13 21:46:58 [INFO] browser — [live_tick] ⚡ 381.02x (en vuelo)
2026-05-13 21:46:58 [INFO] browser — [live_tick] ⚡ 409.23x (en vuelo)
2026-05-13 21:46:59 [INFO] browser — [live_tick] ⚡ 439.53x (en vuelo)
2026-05-13 21:47:00 [INFO] browser — [live_tick] ⚡ 478.86x (en vuelo)
2026-05-13 21:47:01 [INFO] browser — [live_tick] ⚡ 514.32x (en vuelo)
2026-05-13 21:47:01 [INFO] browser — [live_tick] ⚡ 544.57x (en vuelo)
2026-05-13 21:47:02 [INFO] browser — [live_tick] ⚡ 584.89x (en vuelo)
2026-05-13 21:47:03 [INFO] browser — [live_tick] ⚡ 628.19x (en vuelo)
2026-05-13 21:47:04 [INFO] browser — [live_tick] ⚡ 674.71x (en vuelo)
2026-05-13 21:47:05 [INFO] browser — [live_tick] ⚡ 745.67x (en vuelo)
2026-05-13 21:47:06 [INFO] browser — [live_tick] ⚡ 800.88x (en vuelo)
2026-05-13 21:47:06 [INFO] analyzer — Anti-FOMO: spike 812.40x → bloqueando 3 rondas.
2026-05-13 21:47:06 [INFO] advanced_stats — [POST_SPIKE_COOLDOWN] 812.40x >= 5x → bloqueando 2 rondas
2026-05-13 21:47:06 [INFO] advanced_stats — [POST_SPIKE_COOLDOWN] 812.40x >= 8x → bloqueando 2 rondas
2026-05-13 21:47:06 [INFO] advanced_stats — [POST_SPIKE_COOLDOWN] 812.40x >= 10x → bloqueando 3 rondas
2026-05-13 21:47:06 [INFO] advanced_stats — [POST_SPIKE_COOLDOWN] 812.40x >= 20x → bloqueando 4 rondas
2026-05-13 21:47:06 [INFO] advanced_stats — [POST_SPIKE_COOLDOWN] 812.40x >= 50x → bloqueando 5 rondas
2026-05-13 21:47:07 [DEBUG] db_advanced — spike_distances: nivel=5x dist=2 val=812.40
2026-05-13 21:47:07 [INFO] spike_tracker — [SPIKE] 812.40x >= 5x | distancia=2 rondas
2026-05-13 21:47:07 [DEBUG] db_advanced — spike_distances: nivel=8x dist=2 val=812.40
2026-05-13 21:47:07 [INFO] spike_tracker — [SPIKE] 812.40x >= 8x | distancia=2 rondas
2026-05-13 21:47:07 [DEBUG] db_advanced — spike_distances: nivel=10x dist=2 val=812.40
2026-05-13 21:47:07 [INFO] spike_tracker — [SPIKE] 812.40x >= 10x | distancia=2 rondas
2026-05-13 21:47:07 [DEBUG] db_advanced — spike_distances: nivel=20x dist=4 val=812.40
2026-05-13 21:47:07 [INFO] spike_tracker — [SPIKE] 812.40x >= 20x | distancia=4 rondas
2026-05-13 21:47:07 [DEBUG] db_advanced — spike_distances: nivel=50x dist=4 val=812.40
2026-05-13 21:47:07 [INFO] spike_tracker — [SPIKE] 812.40x >= 50x | distancia=4 rondas
2026-05-13 21:47:07 [DEBUG] db_advanced — spike_distances: nivel=100x dist=4 val=812.40
2026-05-13 21:47:07 [INFO] spike_tracker — [SPIKE] 812.40x >= 100x | distancia=4 rondas
2026-05-13 21:47:07 [DEBUG] db_advanced — spike_distances: nivel=200x dist=4 val=812.40
2026-05-13 21:47:07 [INFO] spike_tracker — [SPIKE] 812.40x >= 200x | distancia=4 rondas
2026-05-13 21:47:08 [INFO] browser — [live_tick] ⏸ entre rondas
2026-05-13 21:47:08 [INFO] advanced_stats — [PRE-SPIKE DETECTADO] Contexto similar a previo a 5x (n=39 muestras | avg_low=35.70%)
2026-05-13 21:47:08 [INFO] advanced_stats — [PRE-SPIKE DETECTADO] Contexto similar a previo a 10x (n=16 muestras | avg_low=35.60%)
2026-05-13 21:47:08 [INFO] advanced_stats — [PRE-SPIKE DETECTADO] Contexto similar a previo a 20x (n=7 muestras | avg_low=35.20%)
2026-05-13 21:47:08 [DEBUG] entropy — [ENTROPÍA] score=0.085 label=estructurado structured=True dead=False
2026-05-13 21:47:08 [WARNING] entropy — [DEAD MARKET] Bloqueando todas las señales. toxicity=0.60 | 2 spikes ≥8x en últimas 5 rondas | Volatilidad absurda (std=255.6 en 10r)
2026-05-13 21:47:08 [DEBUG] ml_clustering — [ML] contexto=neutral score=67 anomalía=0.000 similar=0 buffer=4
2026-05-13 21:47:08 [INFO] dual_engine — [DUAL ENGINE] mode=dead emit=False target=0.00x safe=26 hunter=51 moon=40 entropy=0.085
2026-05-13 21:47:08 [INFO] main_v3 — [21:47:06] 812.40x | mode=dead | safe=26 | hunter=51 | moon=40 | entropy=0.085 | comp=0.399 | tension=14
2026-05-13 21:47:08 [INFO] main_v3 — [DEAD MARKET] 2 spikes ≥8x en últimas 5 rondas | Volatilidad absurda (std=255.6 en 10r)
2026-05-13 21:47:08 [INFO] main_v3 — [ENTROPÍA] Entropía baja (0.085) con run-length=0.440. Posible compresión estadística activa.
2026-05-13 21:47:09 [INFO] main_v3 — [POST_SPIKE_COOLDOWN] Bloqueado 4 rondas tras 50x
2026-05-13 21:47:09 [INFO] main_v3 — [PRE-SPIKE DETECTADO] Contexto similar a previo a 5x (n=39 muestras | avg_low=35.70%)
2026-05-13 21:47:09 [INFO] main_v3 — [PRE-SPIKE DETECTADO] Contexto similar a previo a 10x (n=16 muestras | avg_low=35.60%)
2026-05-13 21:47:09 [INFO] main_v3 — [PRE-SPIKE DETECTADO] Contexto similar a previo a 20x (n=7 muestras | avg_low=35.20%)
2026-05-13 21:47:15 [INFO] browser — [live_tick] ⚡ 1.00x (en vuelo)
2026-05-13 21:47:16 [INFO] browser — [live_tick] ⚡ 1.07x (en vuelo)
2026-05-13 21:47:17 [INFO] browser — [live_tick] ⚡ 1.15x (en vuelo)
2026-05-13 21:47:17 [INFO] browser — [live_tick] ⚡ 1.22x (en vuelo)
2026-05-13 21:47:18 [INFO] browser — [live_tick] ⚡ 1.31x (en vuelo)
2026-05-13 21:47:19 [INFO] browser — [live_tick] ⚡ 1.38x (en vuelo)
2026-05-13 21:47:20 [INFO] browser — [live_tick] ⏸ entre rondas
2026-05-13 21:47:21 [INFO] advanced_stats — [PRE-SPIKE DETECTADO] Contexto similar a previo a 5x (n=39 muestras | avg_low=36.10%)
2026-05-13 21:47:21 [INFO] advanced_stats — [PRE-SPIKE DETECTADO] Contexto similar a previo a 10x (n=16 muestras | avg_low=36.00%)
2026-05-13 21:47:21 [INFO] advanced_stats — [PRE-SPIKE DETECTADO] Contexto similar a previo a 20x (n=7 muestras | avg_low=35.20%)
2026-05-13 21:47:21 [DEBUG] entropy — [ENTROPÍA] score=0.085 label=estructurado structured=True dead=False
2026-05-13 21:47:21 [WARNING] entropy — [DEAD MARKET] Bloqueando todas las señales. toxicity=0.60 | 2 spikes ≥8x en últimas 5 rondas | Volatilidad absurda (std=255.6 en 10r)
2026-05-13 21:47:21 [DEBUG] ml_clustering — [ML] contexto=neutral score=66 anomalía=0.000 similar=0 buffer=5
2026-05-13 21:47:21 [INFO] dual_engine — [DUAL ENGINE] mode=dead emit=False target=0.00x safe=26 hunter=50 moon=40 entropy=0.085
2026-05-13 21:47:21 [INFO] main_v3 — [21:47:21] 1.44x | mode=dead | safe=26 | hunter=50 | moon=40 | entropy=0.085 | comp=0.328 | tension=12
2026-05-13 21:47:21 [INFO] main_v3 — [DEAD MARKET] 2 spikes ≥8x en últimas 5 rondas | Volatilidad absurda (std=255.6 en 10r)
2026-05-13 21:47:21 [INFO] main_v3 — [ENTROPÍA] Entropía baja (0.085) con run-length=0.440. Posible compresión estadística activa.
2026-05-13 21:47:21 [INFO] main_v3 — [POST_SPIKE_COOLDOWN] Bloqueado 3 rondas tras 50x
2026-05-13 21:47:21 [INFO] main_v3 — [PRE-SPIKE DETECTADO] Contexto similar a previo a 5x (n=39 muestras | avg_low=36.10%)
2026-05-13 21:47:21 [INFO] main_v3 — [PRE-SPIKE DETECTADO] Contexto similar a previo a 10x (n=16 muestras | avg_low=36.00%)
2026-05-13 21:47:21 [INFO] main_v3 — [PRE-SPIKE DETECTADO] Contexto similar a previo a 20x (n=7 muestras | avg_low=35.20%)
2026-05-13 21:47:29 [INFO] browser — [live_tick] ⚡ 1.04x (en vuelo)
2026-05-13 21:47:30 [INFO] browser — [live_tick] ⚡ 1.15x (en vuelo)
2026-05-13 21:47:30 [INFO] browser — [live_tick] ⚡ 1.22x (en vuelo)
2026-05-13 21:47:31 [INFO] browser — [live_tick] ⚡ 1.29x (en vuelo)
2026-05-13 21:47:32 [INFO] browser — [live_tick] ⚡ 1.38x (en vuelo)
2026-05-13 21:47:32 [INFO] browser — [live_tick] ⚡ 1.47x (en vuelo)
2026-05-13 21:47:33 [INFO] browser — [live_tick] ⚡ 1.55x (en vuelo)
2026-05-13 21:47:34 [INFO] browser — [live_tick] ⚡ 1.64x (en vuelo)
2026-05-13 21:47:34 [INFO] browser — [live_tick] ⚡ 1.77x (en vuelo)
2026-05-13 21:47:35 [INFO] browser — [live_tick] ⚡ 1.90x (en vuelo)
2026-05-13 21:47:36 [INFO] browser — [live_tick] ⚡ 2.04x (en vuelo)
2026-05-13 21:47:37 [INFO] browser — [live_tick] ⚡ 2.13x (en vuelo)
2026-05-13 21:47:37 [INFO] browser — [live_tick] ⚡ 2.25x (en vuelo)
2026-05-13 21:47:38 [INFO] browser — [live_tick] ⚡ 2.39x (en vuelo)
2026-05-13 21:47:38 [INFO] browser — [live_tick] ⚡ 2.53x (en vuelo)
2026-05-13 21:47:39 [INFO] browser — [live_tick] ⚡ 2.71x (en vuelo)
2026-05-13 21:47:40 [INFO] browser — [live_tick] ⚡ 2.87x (en vuelo)
2026-05-13 21:47:41 [INFO] browser — [live_tick] ⚡ 3.09x (en vuelo)
2026-05-13 21:47:41 [INFO] browser — [live_tick] ⚡ 3.27x (en vuelo)
2026-05-13 21:47:42 [INFO] browser — [live_tick] ⚡ 3.46x (en vuelo)
2026-05-13 21:47:43 [INFO] advanced_stats — [PRE-SPIKE DETECTADO] Contexto similar a previo a 5x (n=39 muestras | avg_low=36.50%)
2026-05-13 21:47:43 [INFO] advanced_stats — [PRE-SPIKE DETECTADO] Contexto similar a previo a 10x (n=16 muestras | avg_low=36.40%)
2026-05-13 21:47:43 [INFO] advanced_stats — [PRE-SPIKE DETECTADO] Contexto similar a previo a 20x (n=7 muestras | avg_low=35.20%)
2026-05-13 21:47:43 [DEBUG] entropy — [ENTROPÍA] score=0.085 label=estructurado structured=True dead=False
2026-05-13 21:47:43 [WARNING] entropy — [DEAD MARKET] Bloqueando todas las señales. toxicity=0.60 | 2 spikes ≥8x en últimas 5 rondas | Volatilidad absurda (std=255.5 en 10r)
2026-05-13 21:47:43 [DEBUG] ml_clustering — [ML] contexto=neutral score=66 anomalía=0.000 similar=0 buffer=6
2026-05-13 21:47:43 [INFO] dual_engine — [DUAL ENGINE] mode=dead emit=False target=0.00x safe=28 hunter=49 moon=40 entropy=0.085
2026-05-13 21:47:43 [INFO] main_v3 — [21:47:43] 3.61x | mode=dead | safe=28 | hunter=49 | moon=40 | entropy=0.085 | comp=0.303 | tension=11
2026-05-13 21:47:43 [INFO] main_v3 — [DEAD MARKET] 2 spikes ≥8x en últimas 5 rondas | Volatilidad absurda (std=255.5 en 10r)
2026-05-13 21:47:43 [INFO] main_v3 — [ENTROPÍA] Entropía baja (0.085) con run-length=0.440. Posible compresión estadística activa.
2026-05-13 21:47:43 [INFO] main_v3 — [POST_SPIKE_COOLDOWN] Bloqueado 2 rondas tras 50x
2026-05-13 21:47:43 [INFO] main_v3 — [PRE-SPIKE DETECTADO] Contexto similar a previo a 5x (n=39 muestras | avg_low=36.50%)
2026-05-13 21:47:43 [INFO] main_v3 — [PRE-SPIKE DETECTADO] Contexto similar a previo a 10x (n=16 muestras | avg_low=36.40%)
2026-05-13 21:47:43 [INFO] main_v3 — [PRE-SPIKE DETECTADO] Contexto similar a previo a 20x (n=7 muestras | avg_low=35.20%)
2026-05-13 21:47:43 [INFO] browser — [live_tick] ⏸ entre rondas
2026-05-13 21:47:52 [INFO] browser — [live_tick] ⚡ 1.05x (en vuelo)
2026-05-13 21:47:53 [INFO] browser — [live_tick] ⚡ 1.12x (en vuelo)
2026-05-13 21:47:53 [INFO] browser — [live_tick] ⚡ 1.18x (en vuelo)
2026-05-13 21:47:54 [INFO] browser — [live_tick] ⚡ 1.29x (en vuelo)
2026-05-13 21:47:55 [INFO] browser — [live_tick] ⚡ 1.38x (en vuelo)
2026-05-13 21:47:56 [INFO] browser — [live_tick] ⚡ 1.47x (en vuelo)
2026-05-13 21:47:56 [INFO] browser — [live_tick] ⚡ 1.57x (en vuelo)
2026-05-13 21:47:57 [INFO] browser — [live_tick] ⚡ 1.69x (en vuelo)
2026-05-13 21:47:58 [INFO] browser — [live_tick] ⚡ 1.79x (en vuelo)
2026-05-13 21:47:58 [INFO] browser — [live_tick] ⚡ 1.90x (en vuelo)
2026-05-13 21:47:59 [INFO] browser — [live_tick] ⚡ 2.01x (en vuelo)
2026-05-13 21:48:00 [INFO] browser — [live_tick] ⚡ 2.19x (en vuelo)
2026-05-13 21:48:01 [INFO] browser — [live_tick] ⚡ 2.29x (en vuelo)
2026-05-13 21:48:01 [INFO] browser — [live_tick] ⚡ 2.45x (en vuelo)
2026-05-13 21:48:02 [INFO] browser — [live_tick] ⚡ 2.71x (en vuelo)
2026-05-13 21:48:03 [INFO] browser — [live_tick] ⚡ 2.87x (en vuelo)
2026-05-13 21:48:05 [INFO] browser — [live_tick] ⚡ 3.27x (en vuelo)
2026-05-13 21:48:05 [INFO] browser — [live_tick] ⚡ 3.51x (en vuelo)
2026-05-13 21:48:06 [INFO] browser — [live_tick] ⚡ 3.72x (en vuelo)
2026-05-13 21:48:07 [INFO] browser — [live_tick] ⚡ 3.94x (en vuelo)
2026-05-13 21:48:07 [INFO] browser — [live_tick] ⚡ 4.23x (en vuelo)
2026-05-13 21:48:08 [INFO] browser — [live_tick] ⚡ 4.54x (en vuelo)
2026-05-13 21:48:09 [INFO] browser — [live_tick] ⚡ 4.95x (en vuelo)
2026-05-13 21:48:10 [INFO] browser — [live_tick] ⚡ 5.24x (en vuelo)
2026-05-13 21:48:11 [INFO] browser — [live_tick] ⚡ 5.63x (en vuelo)
2026-05-13 21:48:11 [INFO] browser — [live_tick] ⚡ 5.96x (en vuelo)
2026-05-13 21:48:12 [INFO] browser — [live_tick] ⚡ 6.40x (en vuelo)
2026-05-13 21:48:13 [INFO] browser — [live_tick] ⚡ 6.87x (en vuelo)
2026-05-13 21:48:13 [INFO] browser — [live_tick] ⚡ 7.28x (en vuelo)
2026-05-13 21:48:14 [INFO] browser — [live_tick] ⚡ 7.82x (en vuelo)
2026-05-13 21:48:15 [INFO] browser — [live_tick] ⚡ 8.64x (en vuelo)
2026-05-13 21:48:17 [INFO] browser — [live_tick] ⚡ 9.42x (en vuelo)
2026-05-13 21:48:17 [INFO] browser — [live_tick] ⚡ 10.26x (en vuelo)
2026-05-13 21:48:18 [INFO] browser — [live_tick] ⚡ 11.02x (en vuelo)
2026-05-13 21:48:19 [INFO] browser — [live_tick] ⚡ 11.83x (en vuelo)
2026-05-13 21:48:20 [INFO] browser — [live_tick] ⚡ 12.71x (en vuelo)
2026-05-13 21:48:21 [INFO] browser — [live_tick] ⚡ 14.05x (en vuelo)
2026-05-13 21:48:21 [INFO] browser — [live_tick] ⚡ 15.09x (en vuelo)
2026-05-13 21:48:22 [INFO] browser — [live_tick] ⚡ 15.98x (en vuelo)
2026-05-13 21:48:23 [INFO] browser — [live_tick] ⚡ 17.16x (en vuelo)
2026-05-13 21:48:24 [INFO] browser — [live_tick] ⚡ 18.17x (en vuelo)
2026-05-13 21:48:24 [INFO] browser — [live_tick] ⚡ 19.51x (en vuelo)
2026-05-13 21:48:25 [INFO] browser — [live_tick] ⚡ 20.96x (en vuelo)
2026-05-13 21:48:26 [INFO] browser — [live_tick] ⚡ 22.51x (en vuelo)
2026-05-13 21:48:27 [INFO] browser — [live_tick] ⚡ 24.18x (en vuelo)
2026-05-13 21:48:27 [INFO] browser — [live_tick] ⚡ 25.60x (en vuelo)
2026-05-13 21:48:28 [INFO] browser — [live_tick] ⚡ 27.50x (en vuelo)
2026-05-13 21:48:29 [INFO] browser — [live_tick] ⚡ 29.53x (en vuelo)
2026-05-13 21:48:30 [INFO] browser — [live_tick] ⚡ 32.64x (en vuelo)
2026-05-13 21:48:32 [INFO] browser — [live_tick] ⚡ 37.12x (en vuelo)
2026-05-13 21:48:34 [INFO] browser — [live_tick] ⚡ 45.34x (en vuelo)
2026-05-13 21:48:34 [INFO] browser — [live_tick] ⚡ 47.32x (en vuelo)
2026-05-13 21:48:35 [INFO] browser — [live_tick] ⚡ 49.40x (en vuelo)
2026-05-13 21:48:36 [INFO] browser — [live_tick] ⚡ 55.38x (en vuelo)
2026-05-13 21:48:37 [INFO] browser — [live_tick] ⚡ 61.20x (en vuelo)
2026-05-13 21:48:38 [INFO] browser — [live_tick] ⚡ 66.68x (en vuelo)
2026-05-13 21:48:39 [INFO] browser — [live_tick] ⚡ 71.62x (en vuelo)
2026-05-13 21:48:40 [INFO] browser — [live_tick] ⚡ 76.92x (en vuelo)
2026-05-13 21:48:42 [INFO] browser — [live_tick] ⚡ 91.31x (en vuelo)
2026-05-13 21:48:44 [INFO] browser — [live_tick] ⚡ 111.52x (en vuelo)
2026-05-13 21:48:45 [INFO] browser — [live_tick] ⚡ 123.25x (en vuelo)
2026-05-13 21:48:47 [INFO] browser — [live_tick] ⚡ 144.23x (en vuelo)
2026-05-13 21:48:48 [INFO] browser — [live_tick] ⚡ 157.14x (en vuelo)
2026-05-13 21:48:48 [INFO] browser — [live_tick] ⚡ 166.38x (en vuelo)
2026-05-13 21:48:49 [INFO] browser — [live_tick] ⚡ 178.70x (en vuelo)
2026-05-13 21:48:50 [INFO] browser — [live_tick] ⚡ 189.20x (en vuelo)
2026-05-13 21:48:50 [INFO] browser — [live_tick] ⚡ 200.33x (en vuelo)
2026-05-13 21:48:51 [INFO] browser — [live_tick] ⚡ 215.17x (en vuelo)
2026-05-13 21:48:53 [INFO] browser — [live_tick] ⚡ 251.78x (en vuelo)
2026-05-13 21:48:55 [INFO] analyzer — Anti-FOMO: spike 255.40x → bloqueando 3 rondas.
2026-05-13 21:48:55 [INFO] advanced_stats — [POST_SPIKE_COOLDOWN] 255.40x >= 5x → bloqueando 2 rondas
2026-05-13 21:48:55 [INFO] advanced_stats — [POST_SPIKE_COOLDOWN] 255.40x >= 8x → bloqueando 2 rondas
2026-05-13 21:48:55 [INFO] advanced_stats — [POST_SPIKE_COOLDOWN] 255.40x >= 10x → bloqueando 3 rondas
2026-05-13 21:48:55 [INFO] advanced_stats — [POST_SPIKE_COOLDOWN] 255.40x >= 20x → bloqueando 4 rondas
2026-05-13 21:48:55 [INFO] advanced_stats — [POST_SPIKE_COOLDOWN] 255.40x >= 50x → bloqueando 5 rondas
2026-05-13 21:48:55 [DEBUG] db_advanced — spike_distances: nivel=5x dist=3 val=255.40
2026-05-13 21:48:55 [DEBUG] db_advanced — pre_spike_context guardado: 255.40x (nivel=5x)
2026-05-13 21:48:55 [INFO] spike_tracker — [SPIKE] 255.40x >= 5x | distancia=3 rondas
2026-05-13 21:48:56 [DEBUG] db_advanced — spike_distances: nivel=8x dist=3 val=255.40
2026-05-13 21:48:56 [DEBUG] db_advanced — pre_spike_context guardado: 255.40x (nivel=8x)
2026-05-13 21:48:56 [INFO] spike_tracker — [SPIKE] 255.40x >= 8x | distancia=3 rondas
2026-05-13 21:48:56 [DEBUG] db_advanced — spike_distances: nivel=10x dist=3 val=255.40
2026-05-13 21:48:56 [DEBUG] db_advanced — pre_spike_context guardado: 255.40x (nivel=10x)
2026-05-13 21:48:56 [INFO] spike_tracker — [SPIKE] 255.40x >= 10x | distancia=3 rondas
2026-05-13 21:48:56 [DEBUG] db_advanced — spike_distances: nivel=20x dist=3 val=255.40
2026-05-13 21:48:56 [DEBUG] db_advanced — pre_spike_context guardado: 255.40x (nivel=20x)
2026-05-13 21:48:56 [INFO] spike_tracker — [SPIKE] 255.40x >= 20x | distancia=3 rondas
2026-05-13 21:48:57 [DEBUG] db_advanced — spike_distances: nivel=50x dist=3 val=255.40
2026-05-13 21:48:57 [DEBUG] db_advanced — pre_spike_context guardado: 255.40x (nivel=50x)
2026-05-13 21:48:57 [INFO] spike_tracker — [SPIKE] 255.40x >= 50x | distancia=3 rondas
2026-05-13 21:48:57 [DEBUG] db_advanced — spike_distances: nivel=100x dist=3 val=255.40
2026-05-13 21:48:57 [DEBUG] db_advanced — pre_spike_context guardado: 255.40x (nivel=100x)
2026-05-13 21:48:57 [INFO] spike_tracker — [SPIKE] 255.40x >= 100x | distancia=3 rondas
2026-05-13 21:48:57 [DEBUG] db_advanced — spike_distances: nivel=200x dist=3 val=255.40
2026-05-13 21:48:57 [DEBUG] db_advanced — pre_spike_context guardado: 255.40x (nivel=200x)
2026-05-13 21:48:57 [INFO] spike_tracker — [SPIKE] 255.40x >= 200x | distancia=3 rondas
2026-05-13 21:48:58 [INFO] advanced_stats — [PRE-SPIKE DETECTADO] Contexto similar a previo a 5x (n=40 muestras | avg_low=36.40%)
2026-05-13 21:48:59 [INFO] advanced_stats — [PRE-SPIKE DETECTADO] Contexto similar a previo a 10x (n=17 muestras | avg_low=36.70%)
2026-05-13 21:48:59 [INFO] advanced_stats — [PRE-SPIKE DETECTADO] Contexto similar a previo a 20x (n=8 muestras | avg_low=36.70%)
2026-05-13 21:48:59 [INFO] browser — [live_tick] ⏸ entre rondas
2026-05-13 21:49:00 [DEBUG] entropy — [ENTROPÍA] score=0.127 label=estructurado structured=True dead=False
2026-05-13 21:49:00 [WARNING] entropy — [DEAD MARKET] Bloqueando todas las señales. toxicity=0.60 | 2 spikes ≥8x en últimas 5 rondas | Volatilidad absurda (std=258.9 en 10r)
2026-05-13 21:49:00 [DEBUG] ml_clustering — [ML] contexto=neutral score=66 anomalía=0.000 similar=0 buffer=7
2026-05-13 21:49:00 [INFO] dual_engine — [DUAL ENGINE] mode=dead emit=False target=0.00x safe=28 hunter=49 moon=40 entropy=0.127
2026-05-13 21:49:00 [INFO] main_v3 — [21:48:55] 255.40x | mode=dead | safe=28 | hunter=49 | moon=40 | entropy=0.127 | comp=0.303 | tension=11
2026-05-13 21:49:00 [INFO] main_v3 — [DEAD MARKET] 2 spikes ≥8x en últimas 5 rondas | Volatilidad absurda (std=258.9 en 10r)
2026-05-13 21:49:00 [INFO] main_v3 — [ENTROPÍA] Entropía baja (0.127) con run-length=0.460. Posible compresión estadística activa.
2026-05-13 21:49:00 [INFO] main_v3 — [POST_SPIKE_COOLDOWN] Bloqueado 4 rondas tras 50x
2026-05-13 21:49:00 [INFO] main_v3 — [PRE-SPIKE DETECTADO] Contexto similar a previo a 5x (n=40 muestras | avg_low=36.40%)
2026-05-13 21:49:00 [INFO] main_v3 — [PRE-SPIKE DETECTADO] Contexto similar a previo a 10x (n=17 muestras | avg_low=36.70%)
2026-05-13 21:49:00 [INFO] main_v3 — [PRE-SPIKE DETECTADO] Contexto similar a previo a 20x (n=8 muestras | avg_low=36.70%)
2026-05-13 21:49:02 [INFO] browser — [live_tick] ⚡ 1.01x (en vuelo)
2026-05-13 21:49:03 [INFO] browser — [live_tick] ⚡ 1.07x (en vuelo)
2026-05-13 21:49:06 [INFO] browser — [live_tick] ⚡ 1.38x (en vuelo)
2026-05-13 21:49:06 [INFO] browser — [live_tick] ⚡ 1.51x (en vuelo)
2026-05-13 21:49:07 [INFO] browser — [live_tick] ⚡ 1.60x (en vuelo)
2026-05-13 21:49:08 [INFO] browser — [live_tick] ⚡ 1.74x (en vuelo)
2026-05-13 21:49:10 [INFO] browser — [live_tick] ⚡ 1.92x (en vuelo)
2026-05-13 21:49:12 [INFO] browser — [live_tick] ⚡ 2.39x (en vuelo)
2026-05-13 21:49:12 [INFO] browser — [live_tick] ⚡ 2.53x (en vuelo)
2026-05-13 21:49:13 [INFO] browser — [live_tick] ⚡ 2.64x (en vuelo)
2026-05-13 21:49:14 [INFO] browser — [live_tick] ⚡ 2.83x (en vuelo)
2026-05-13 21:49:16 [INFO] browser — [live_tick] ⚡ 3.46x (en vuelo)
2026-05-13 21:49:16 [INFO] browser — [live_tick] ⚡ 3.66x (en vuelo)
2026-05-13 21:49:17 [INFO] browser — [live_tick] ⚡ 3.82x (en vuelo)
2026-05-13 21:49:17 [INFO] browser — [live_tick] ⚡ 3.94x (en vuelo)
2026-05-13 21:49:18 [INFO] browser — [live_tick] ⚡ 4.11x (en vuelo)
2026-05-13 21:49:18 [INFO] browser — [live_tick] ⚡ 4.35x (en vuelo)
2026-05-13 21:49:19 [INFO] browser — [live_tick] ⚡ 4.48x (en vuelo)
2026-05-13 21:49:19 [INFO] browser — [live_tick] ⚡ 4.74x (en vuelo)
2026-05-13 21:49:20 [INFO] browser — [live_tick] ⚡ 4.88x (en vuelo)
2026-05-13 21:49:20 [INFO] browser — [live_tick] ⚡ 5.09x (en vuelo)
2026-05-13 21:49:21 [INFO] browser — [live_tick] ⚡ 5.39x (en vuelo)
2026-05-13 21:49:21 [INFO] browser — [live_tick] ⚡ 5.63x (en vuelo)
2026-05-13 21:49:22 [INFO] browser — [live_tick] ⚡ 5.96x (en vuelo)
2026-05-13 21:49:23 [INFO] browser — [live_tick] ⚡ 6.31x (en vuelo)
2026-05-13 21:49:23 [INFO] browser — [live_tick] ⚡ 6.68x (en vuelo)
2026-05-13 21:49:24 [INFO] browser — [live_tick] ⚡ 6.97x (en vuelo)
2026-05-13 21:49:24 [INFO] browser — [live_tick] ⚡ 7.28x (en vuelo)
2026-05-13 21:49:25 [INFO] browser — [live_tick] ⚡ 7.60x (en vuelo)
2026-05-13 21:49:25 [INFO] browser — [live_tick] ⚡ 8.05x (en vuelo)
2026-05-13 21:49:26 [INFO] browser — [live_tick] ⚡ 8.52x (en vuelo)
2026-05-13 21:49:26 [INFO] browser — [live_tick] ⚡ 8.89x (en vuelo)
2026-05-13 21:49:27 [INFO] browser — [live_tick] ⚡ 9.28x (en vuelo)
2026-05-13 21:49:27 [INFO] browser — [live_tick] ⚡ 9.83x (en vuelo)
2026-05-13 21:49:28 [INFO] browser — [live_tick] ⚡ 10.26x (en vuelo)
2026-05-13 21:49:29 [INFO] browser — [live_tick] ⚡ 10.86x (en vuelo)
2026-05-13 21:49:29 [INFO] browser — [live_tick] ⚡ 11.67x (en vuelo)
2026-05-13 21:49:30 [INFO] browser — [live_tick] ⚡ 12.18x (en vuelo)
2026-05-13 21:49:30 [INFO] browser — [live_tick] ⚡ 12.71x (en vuelo)
2026-05-13 21:49:33 [INFO] analyzer — Anti-FOMO: spike 13.85x → bloqueando 3 rondas.
2026-05-13 21:49:33 [INFO] advanced_stats — [POST_SPIKE_COOLDOWN] 13.85x >= 5x → bloqueando 2 rondas
2026-05-13 21:49:33 [INFO] advanced_stats — [POST_SPIKE_COOLDOWN] 13.85x >= 8x → bloqueando 2 rondas
2026-05-13 21:49:33 [INFO] advanced_stats — [POST_SPIKE_COOLDOWN] 13.85x >= 10x → bloqueando 3 rondas
2026-05-13 21:49:33 [DEBUG] db_advanced — spike_distances: nivel=5x dist=1 val=13.85
2026-05-13 21:49:33 [DEBUG] db_advanced — pre_spike_context guardado: 13.85x (nivel=5x)
2026-05-13 21:49:33 [INFO] spike_tracker — [SPIKE] 13.85x >= 5x | distancia=1 rondas
2026-05-13 21:49:33 [DEBUG] db_advanced — spike_distances: nivel=8x dist=1 val=13.85
2026-05-13 21:49:33 [DEBUG] db_advanced — pre_spike_context guardado: 13.85x (nivel=8x)
2026-05-13 21:49:33 [INFO] spike_tracker — [SPIKE] 13.85x >= 8x | distancia=1 rondas
2026-05-13 21:49:33 [DEBUG] db_advanced — spike_distances: nivel=10x dist=1 val=13.85
2026-05-13 21:49:33 [DEBUG] db_advanced — pre_spike_context guardado: 13.85x (nivel=10x)
2026-05-13 21:49:33 [INFO] spike_tracker — [SPIKE] 13.85x >= 10x | distancia=1 rondas
2026-05-13 21:49:33 [INFO] advanced_stats — [PRE-SPIKE DETECTADO] Contexto similar a previo a 5x (n=40 muestras | avg_low=36.20%)
2026-05-13 21:49:33 [INFO] advanced_stats — [PRE-SPIKE DETECTADO] Contexto similar a previo a 10x (n=18 muestras | avg_low=37.40%)
2026-05-13 21:49:33 [INFO] advanced_stats — [PRE-SPIKE DETECTADO] Contexto similar a previo a 20x (n=8 muestras | avg_low=36.70%)
2026-05-13 21:49:33 [DEBUG] entropy — [ENTROPÍA] score=0.127 label=estructurado structured=True dead=False
2026-05-13 21:49:33 [WARNING] entropy — [DEAD MARKET] Bloqueando todas las señales. toxicity=0.60 | 3 spikes ≥8x en últimas 5 rondas | Volatilidad absurda (std=258.3 en 10r)
2026-05-13 21:49:33 [DEBUG] ml_clustering — [ML] contexto=neutral score=66 anomalía=0.000 similar=0 buffer=8
2026-05-13 21:49:33 [INFO] dual_engine — [DUAL ENGINE] mode=dead emit=False target=0.00x safe=29 hunter=47 moon=40 entropy=0.127
2026-05-13 21:49:33 [INFO] main_v3 — [21:49:33] 13.85x | mode=dead | safe=29 | hunter=47 | moon=40 | entropy=0.127 | comp=0.278 | tension=10
2026-05-13 21:49:33 [INFO] main_v3 — [DEAD MARKET] 3 spikes ≥8x en últimas 5 rondas | Volatilidad absurda (std=258.3 en 10r)
2026-05-13 21:49:33 [INFO] main_v3 — [ENTROPÍA] Entropía baja (0.127) con run-length=0.460. Posible compresión estadística activa.
2026-05-13 21:49:33 [INFO] main_v3 — [POST_SPIKE_COOLDOWN] Bloqueado 3 rondas tras 50x
2026-05-13 21:49:33 [INFO] main_v3 — [PRE-SPIKE DETECTADO] Contexto similar a previo a 5x (n=40 muestras | avg_low=36.20%)
2026-05-13 21:49:33 [INFO] main_v3 — [PRE-SPIKE DETECTADO] Contexto similar a previo a 10x (n=18 muestras | avg_low=37.40%)
2026-05-13 21:49:33 [INFO] main_v3 — [PRE-SPIKE DETECTADO] Contexto similar a previo a 20x (n=8 muestras | avg_low=36.70%)
2026-05-13 21:49:35 [INFO] browser — [live_tick] ⏸ entre rondas
2026-05-13 21:49:40 [INFO] browser — [live_tick] ⚡ 1.00x (en vuelo)
2026-05-13 21:49:41 [INFO] browser — [live_tick] ⚡ 1.05x (en vuelo)
2026-05-13 21:49:41 [INFO] browser — [live_tick] ⚡ 1.10x (en vuelo)
2026-05-13 21:49:42 [INFO] browser — [live_tick] ⚡ 1.17x (en vuelo)
2026-05-13 21:49:42 [INFO] browser — [live_tick] ⚡ 1.22x (en vuelo)
2026-05-13 21:49:43 [INFO] browser — [live_tick] ⚡ 1.27x (en vuelo)
2026-05-13 21:49:44 [INFO] browser — [live_tick] ⚡ 1.36x (en vuelo)
2026-05-13 21:49:44 [INFO] browser — [live_tick] ⚡ 1.44x (en vuelo)
2026-05-13 21:49:45 [INFO] browser — [live_tick] ⚡ 1.51x (en vuelo)
2026-05-13 21:49:46 [INFO] browser — [live_tick] ⚡ 1.60x (en vuelo)
2026-05-13 21:49:46 [INFO] browser — [live_tick] ⚡ 1.67x (en vuelo)
2026-05-13 21:49:47 [INFO] browser — [live_tick] ⚡ 1.77x (en vuelo)
2026-05-13 21:49:48 [INFO] browser — [live_tick] ⚡ 1.95x (en vuelo)
2026-05-13 21:49:48 [INFO] browser — [live_tick] ⚡ 2.07x (en vuelo)
2026-05-13 21:49:49 [INFO] browser — [live_tick] ⚡ 2.16x (en vuelo)
2026-05-13 21:49:49 [INFO] browser — [live_tick] ⚡ 2.25x (en vuelo)
2026-05-13 21:49:50 [INFO] browser — [live_tick] ⚡ 2.35x (en vuelo)
2026-05-13 21:49:51 [INFO] browser — [live_tick] ⚡ 2.56x (en vuelo)
2026-05-13 21:49:52 [INFO] browser — [live_tick] ⚡ 2.71x (en vuelo)
2026-05-13 21:49:52 [INFO] browser — [live_tick] ⚡ 2.87x (en vuelo)
2026-05-13 21:49:53 [INFO] browser — [live_tick] ⚡ 3.04x (en vuelo)
2026-05-13 21:49:53 [INFO] browser — [live_tick] ⚡ 3.22x (en vuelo)
2026-05-13 21:49:54 [INFO] browser — [live_tick] ⚡ 3.36x (en vuelo)
2026-05-13 21:49:55 [INFO] browser — [live_tick] ⚡ 3.56x (en vuelo)
2026-05-13 21:49:57 [INFO] browser — [live_tick] ⚡ 4.35x (en vuelo)
2026-05-13 21:49:59 [INFO] browser — [live_tick] ⚡ 5.31x (en vuelo)
2026-05-13 21:50:02 [INFO] browser — [live_tick] ⚡ 6.68x (en vuelo)
2026-05-13 21:50:04 [INFO] browser — [live_tick] ⚡ 7.93x (en vuelo)
2026-05-13 21:50:06 [INFO] browser — [live_tick] ⚡ 9.55x (en vuelo)
2026-05-13 21:50:08 [INFO] browser — [live_tick] ⚡ 11.18x (en vuelo)
2026-05-13 21:50:10 [INFO] browser — [live_tick] ⚡ 13.65x (en vuelo)
2026-05-13 21:50:11 [INFO] browser — [live_tick] ⚡ 15.31x (en vuelo)
2026-05-13 21:50:11 [INFO] browser — [live_tick] ⚡ 16.21x (en vuelo)
2026-05-13 21:50:12 [INFO] browser — [live_tick] ⚡ 16.92x (en vuelo)
2026-05-13 21:50:12 [INFO] browser — [live_tick] ⚡ 17.66x (en vuelo)
2026-05-13 21:50:13 [INFO] browser — [live_tick] ⚡ 18.70x (en vuelo)
2026-05-13 21:50:13 [INFO] browser — [live_tick] ⚡ 19.51x (en vuelo)
2026-05-13 21:50:14 [INFO] browser — [live_tick] ⚡ 20.37x (en vuelo)
2026-05-13 21:50:14 [INFO] browser — [live_tick] ⚡ 21.26x (en vuelo)
2026-05-13 21:50:15 [INFO] browser — [live_tick] ⚡ 22.19x (en vuelo)
2026-05-13 21:50:15 [INFO] browser — [live_tick] ⚡ 23.16x (en vuelo)
2026-05-13 21:50:16 [INFO] browser — [live_tick] ⚡ 24.18x (en vuelo)
2026-05-13 21:50:16 [INFO] browser — [live_tick] ⚡ 24.88x (en vuelo)
2026-05-13 21:50:17 [INFO] browser — [live_tick] ⚡ 26.34x (en vuelo)
2026-05-13 21:50:17 [INFO] browser — [live_tick] ⚡ 27.50x (en vuelo)
2026-05-13 21:50:18 [INFO] browser — [live_tick] ⚡ 28.70x (en vuelo)
2026-05-13 21:50:18 [INFO] browser — [live_tick] ⚡ 29.96x (en vuelo)
2026-05-13 21:50:19 [INFO] browser — [live_tick] ⏸ entre rondas
2026-05-13 21:50:20 [INFO] analyzer — Anti-FOMO: spike 31.27x → bloqueando 3 rondas.
2026-05-13 21:50:20 [INFO] advanced_stats — [POST_SPIKE_COOLDOWN] 31.27x >= 5x → bloqueando 2 rondas
2026-05-13 21:50:20 [INFO] advanced_stats — [POST_SPIKE_COOLDOWN] 31.27x >= 8x → bloqueando 2 rondas
2026-05-13 21:50:20 [INFO] advanced_stats — [POST_SPIKE_COOLDOWN] 31.27x >= 10x → bloqueando 3 rondas
2026-05-13 21:50:20 [INFO] advanced_stats — [POST_SPIKE_COOLDOWN] 31.27x >= 20x → bloqueando 4 rondas
2026-05-13 21:50:20 [DEBUG] db_advanced — spike_distances: nivel=5x dist=1 val=31.27
2026-05-13 21:50:20 [DEBUG] db_advanced — pre_spike_context guardado: 31.27x (nivel=5x)
2026-05-13 21:50:20 [INFO] spike_tracker — [SPIKE] 31.27x >= 5x | distancia=1 rondas
2026-05-13 21:50:20 [DEBUG] db_advanced — spike_distances: nivel=8x dist=1 val=31.27
2026-05-13 21:50:20 [DEBUG] db_advanced — pre_spike_context guardado: 31.27x (nivel=8x)
2026-05-13 21:50:20 [INFO] spike_tracker — [SPIKE] 31.27x >= 8x | distancia=1 rondas
2026-05-13 21:50:20 [DEBUG] db_advanced — spike_distances: nivel=10x dist=1 val=31.27
2026-05-13 21:50:20 [DEBUG] db_advanced — pre_spike_context guardado: 31.27x (nivel=10x)
2026-05-13 21:50:20 [INFO] spike_tracker — [SPIKE] 31.27x >= 10x | distancia=1 rondas
2026-05-13 21:50:20 [DEBUG] db_advanced — spike_distances: nivel=20x dist=2 val=31.27
2026-05-13 21:50:20 [DEBUG] db_advanced — pre_spike_context guardado: 31.27x (nivel=20x)
2026-05-13 21:50:20 [INFO] spike_tracker — [SPIKE] 31.27x >= 20x | distancia=2 rondas
2026-05-13 21:50:20 [INFO] advanced_stats — [PRE-SPIKE DETECTADO] Contexto similar a previo a 5x (n=41 muestras | avg_low=36.10%)
2026-05-13 21:50:20 [INFO] advanced_stats — [PRE-SPIKE DETECTADO] Contexto similar a previo a 10x (n=19 muestras | avg_low=37.20%)
2026-05-13 21:50:20 [INFO] advanced_stats — [PRE-SPIKE DETECTADO] Contexto similar a previo a 20x (n=9 muestras | avg_low=37.00%)
2026-05-13 21:50:21 [DEBUG] entropy — [ENTROPÍA] score=0.127 label=estructurado structured=True dead=False
2026-05-13 21:50:21 [WARNING] entropy — [DEAD MARKET] Bloqueando todas las señales. toxicity=0.60 | 3 spikes ≥8x en últimas 5 rondas | Volatilidad absurda (std=257.6 en 10r)
2026-05-13 21:50:21 [DEBUG] ml_clustering — [ML] contexto=neutral score=66 anomalía=0.000 similar=0 buffer=9
2026-05-13 21:50:21 [INFO] dual_engine — [DUAL ENGINE] mode=dead emit=False target=0.00x safe=29 hunter=47 moon=40 entropy=0.127
2026-05-13 21:50:21 [INFO] main_v3 — [21:50:20] 31.27x | mode=dead | safe=29 | hunter=47 | moon=40 | entropy=0.127 | comp=0.278 | tension=10
2026-05-13 21:50:21 [INFO] main_v3 — [DEAD MARKET] 3 spikes ≥8x en últimas 5 rondas | Volatilidad absurda (std=257.6 en 10r)
2026-05-13 21:50:21 [INFO] main_v3 — [ENTROPÍA] Entropía baja (0.127) con run-length=0.480. Posible compresión estadística activa.
2026-05-13 21:50:21 [INFO] main_v3 — [POST_SPIKE_COOLDOWN] Bloqueado 2 rondas tras 50x
2026-05-13 21:50:21 [INFO] main_v3 — [PRE-SPIKE DETECTADO] Contexto similar a previo a 5x (n=41 muestras | avg_low=36.10%)
2026-05-13 21:50:21 [INFO] main_v3 — [PRE-SPIKE DETECTADO] Contexto similar a previo a 10x (n=19 muestras | avg_low=37.20%)
2026-05-13 21:50:21 [INFO] main_v3 — [PRE-SPIKE DETECTADO] Contexto similar a previo a 20x (n=9 muestras | avg_low=37.00%)
2026-05-13 21:50:28 [INFO] browser — [live_tick] ⚡ 1.00x (en vuelo)
2026-05-13 21:50:28 [INFO] browser — [live_tick] ⚡ 1.02x (en vuelo)
2026-05-13 21:50:29 [INFO] browser — [live_tick] ⚡ 1.07x (en vuelo)
2026-05-13 21:50:29 [INFO] browser — [live_tick] ⚡ 1.12x (en vuelo)
2026-05-13 21:50:29 [INFO] browser — [live_tick] ⚡ 1.17x (en vuelo)
2026-05-13 21:50:30 [INFO] browser — [live_tick] ⚡ 1.22x (en vuelo)
2026-05-13 21:50:30 [INFO] browser — [live_tick] ⚡ 1.27x (en vuelo)
2026-05-13 21:50:31 [INFO] browser — [live_tick] ⚡ 1.33x (en vuelo)
2026-05-13 21:50:31 [INFO] browser — [live_tick] ⚡ 1.38x (en vuelo)
2026-05-13 21:50:32 [INFO] browser — [live_tick] ⚡ 1.44x (en vuelo)
2026-05-13 21:50:32 [INFO] browser — [live_tick] ⚡ 1.49x (en vuelo)
2026-05-13 21:50:33 [INFO] browser — [live_tick] ⚡ 1.55x (en vuelo)
2026-05-13 21:50:33 [INFO] browser — [live_tick] ⚡ 1.62x (en vuelo)
2026-05-13 21:50:34 [INFO] browser — [live_tick] ⚡ 1.69x (en vuelo)
2026-05-13 21:50:34 [INFO] browser — [live_tick] ⚡ 1.74x (en vuelo)
2026-05-13 21:50:34 [INFO] browser — [live_tick] ⚡ 1.82x (en vuelo)
2026-05-13 21:50:35 [INFO] browser — [live_tick] ⚡ 1.87x (en vuelo)
2026-05-13 21:50:35 [INFO] browser — [live_tick] ⚡ 1.95x (en vuelo)
2026-05-13 21:50:36 [INFO] browser — [live_tick] ⚡ 2.04x (en vuelo)
2026-05-13 21:50:36 [INFO] browser — [live_tick] ⚡ 2.10x (en vuelo)
2026-05-13 21:50:37 [INFO] browser — [live_tick] ⚡ 2.19x (en vuelo)
2026-05-13 21:50:37 [INFO] advanced_stats — [PRE-SPIKE DETECTADO] Contexto similar a previo a 5x (n=40 muestras | avg_low=35.50%)
2026-05-13 21:50:37 [INFO] advanced_stats — [PRE-SPIKE DETECTADO] Contexto similar a previo a 10x (n=18 muestras | avg_low=35.90%)
2026-05-13 21:50:37 [INFO] advanced_stats — [PRE-SPIKE DETECTADO] Contexto similar a previo a 20x (n=9 muestras | avg_low=37.00%)
2026-05-13 21:50:37 [DEBUG] entropy — [ENTROPÍA] score=0.127 label=estructurado structured=True dead=False
2026-05-13 21:50:37 [WARNING] entropy — [DEAD MARKET] Bloqueando todas las señales. toxicity=0.60 | 3 spikes ≥8x en últimas 5 rondas | Volatilidad absurda (std=257.6 en 10r)
2026-05-13 21:50:37 [DEBUG] ml_clustering — [ML] contexto=neutral score=68 anomalía=0.000 similar=0 buffer=10
2026-05-13 21:50:37 [INFO] dual_engine — [DUAL ENGINE] mode=dead emit=False target=0.00x safe=29 hunter=47 moon=40 entropy=0.127
2026-05-13 21:50:37 [INFO] main_v3 — [21:50:37] 2.22x | mode=dead | safe=29 | hunter=47 | moon=40 | entropy=0.127 | comp=0.278 | tension=10
2026-05-13 21:50:37 [INFO] main_v3 — [DEAD MARKET] 3 spikes ≥8x en últimas 5 rondas | Volatilidad absurda (std=257.6 en 10r)
2026-05-13 21:50:37 [INFO] main_v3 — [ENTROPÍA] Entropía baja (0.127) con run-length=0.480. Posible compresión estadística activa.
2026-05-13 21:50:37 [INFO] main_v3 — [POST_SPIKE_COOLDOWN] Bloqueado 1 rondas tras 50x
2026-05-13 21:50:37 [INFO] main_v3 — [PRE-SPIKE DETECTADO] Contexto similar a previo a 5x (n=40 muestras | avg_low=35.50%)
2026-05-13 21:50:37 [INFO] main_v3 — [PRE-SPIKE DETECTADO] Contexto similar a previo a 10x (n=18 muestras | avg_low=35.90%)
2026-05-13 21:50:37 [INFO] main_v3 — [PRE-SPIKE DETECTADO] Contexto similar a previo a 20x (n=9 muestras | avg_low=37.00%)
2026-05-13 21:50:37 [INFO] browser — [live_tick] ⏸ entre rondas
2026-05-13 21:50:47 [INFO] browser — [live_tick] ⚡ 1.10x (en vuelo)
2026-05-13 21:50:48 [INFO] browser — [live_tick] ⚡ 1.18x (en vuelo)
2026-05-13 21:50:48 [INFO] browser — [live_tick] ⚡ 1.25x (en vuelo)
2026-05-13 21:50:49 [INFO] browser — [live_tick] ⚡ 1.33x (en vuelo)
2026-05-13 21:50:50 [INFO] browser — [live_tick] ⚡ 1.38x (en vuelo)
2026-05-13 21:50:50 [INFO] browser — [live_tick] ⚡ 1.47x (en vuelo)
2026-05-13 21:50:51 [INFO] browser — [live_tick] ⏸ entre rondas
2026-05-13 21:50:54 [INFO] advanced_stats — [PRE-SPIKE DETECTADO] Contexto similar a previo a 5x (n=40 muestras | avg_low=35.50%)
2026-05-13 21:50:54 [INFO] advanced_stats — [PRE-SPIKE DETECTADO] Contexto similar a previo a 10x (n=18 muestras | avg_low=35.90%)
2026-05-13 21:50:54 [INFO] advanced_stats — [PRE-SPIKE DETECTADO] Contexto similar a previo a 20x (n=9 muestras | avg_low=37.00%)
2026-05-13 21:50:54 [DEBUG] entropy — [ENTROPÍA] score=0.127 label=estructurado structured=True dead=False
2026-05-13 21:50:54 [WARNING] entropy — [DEAD MARKET] Bloqueando todas las señales. toxicity=0.60 | 3 spikes ≥8x en últimas 5 rondas | Volatilidad absurda (std=257.6 en 10r)
2026-05-13 21:50:54 [DEBUG] ml_clustering — [ML] contexto=neutral score=68 anomalía=0.000 similar=0 buffer=11
2026-05-13 21:50:54 [INFO] dual_engine — [DUAL ENGINE] mode=dead emit=False target=0.00x safe=29 hunter=45 moon=40 entropy=0.127
2026-05-13 21:50:54 [INFO] main_v3 — [21:50:54] 1.51x | mode=dead | safe=29 | hunter=45 | moon=40 | entropy=0.127 | comp=0.181 | tension=6
2026-05-13 21:50:54 [INFO] main_v3 — [DEAD MARKET] 3 spikes ≥8x en últimas 5 rondas | Volatilidad absurda (std=257.6 en 10r)
2026-05-13 21:50:54 [INFO] main_v3 — [ENTROPÍA] Entropía baja (0.127) con run-length=0.460. Posible compresión estadística activa.
2026-05-13 21:50:54 [INFO] main_v3 — [POST_SPIKE_COOLDOWN] Bloqueado 1 rondas tras 20x
2026-05-13 21:50:54 [INFO] main_v3 — [PRE-SPIKE DETECTADO] Contexto similar a previo a 5x (n=40 muestras | avg_low=35.50%)
2026-05-13 21:50:54 [INFO] main_v3 — [PRE-SPIKE DETECTADO] Contexto similar a previo a 10x (n=18 muestras | avg_low=35.90%)
2026-05-13 21:50:54 [INFO] main_v3 — [PRE-SPIKE DETECTADO] Contexto similar a previo a 20x (n=9 muestras | avg_low=37.00%)
2026-05-13 21:50:59 [INFO] browser — [live_tick] ⚡ 1.01x (en vuelo)
2026-05-13 21:51:00 [INFO] browser — [live_tick] ⚡ 1.07x (en vuelo)
2026-05-13 21:51:00 [INFO] browser — [live_tick] ⚡ 1.13x (en vuelo)
2026-05-13 21:51:01 [INFO] browser — [live_tick] ⚡ 1.20x (en vuelo)
2026-05-13 21:51:02 [INFO] browser — [live_tick] ⚡ 1.27x (en vuelo)
2026-05-13 21:51:02 [INFO] browser — [live_tick] ⚡ 1.36x (en vuelo)
2026-05-13 21:51:03 [INFO] browser — [live_tick] ⚡ 1.44x (en vuelo)
2026-05-13 21:51:04 [INFO] browser — [live_tick] ⚡ 1.55x (en vuelo)
2026-05-13 21:51:05 [INFO] browser — [live_tick] ⚡ 1.67x (en vuelo)
2026-05-13 21:51:05 [INFO] browser — [live_tick] ⚡ 1.79x (en vuelo)
2026-05-13 21:51:06 [INFO] browser — [live_tick] ⚡ 1.87x (en vuelo)
2026-05-13 21:51:07 [INFO] browser — [live_tick] ⚡ 1.95x (en vuelo)
2026-05-13 21:51:07 [INFO] browser — [live_tick] ⚡ 2.07x (en vuelo)
2026-05-13 21:51:08 [INFO] browser — [live_tick] ⚡ 2.22x (en vuelo)
2026-05-13 21:51:08 [INFO] browser — [live_tick] ⚡ 2.32x (en vuelo)
2026-05-13 21:51:09 [INFO] browser — [live_tick] ⚡ 2.45x (en vuelo)
2026-05-13 21:51:10 [INFO] browser — [live_tick] ⚡ 2.56x (en vuelo)
2026-05-13 21:51:10 [INFO] browser — [live_tick] ⏸ entre rondas
2026-05-13 21:51:12 [INFO] advanced_stats — [PRE-SPIKE DETECTADO] Contexto similar a previo a 5x (n=40 muestras | avg_low=35.50%)
2026-05-13 21:51:12 [INFO] advanced_stats — [PRE-SPIKE DETECTADO] Contexto similar a previo a 10x (n=18 muestras | avg_low=35.90%)
2026-05-13 21:51:12 [INFO] advanced_stats — [PRE-SPIKE DETECTADO] Contexto similar a previo a 20x (n=9 muestras | avg_low=37.00%)
2026-05-13 21:51:12 [DEBUG] entropy — [ENTROPÍA] score=0.127 label=estructurado structured=True dead=False
2026-05-13 21:51:12 [WARNING] entropy — [DEAD MARKET] Bloqueando todas las señales. toxicity=0.60 | 2 spikes ≥8x en últimas 5 rondas | Volatilidad absurda (std=258.2 en 10r)
2026-05-13 21:51:12 [DEBUG] ml_clustering — [ML] contexto=neutral score=68 anomalía=0.000 similar=0 buffer=12
2026-05-13 21:51:12 [INFO] dual_engine — [DUAL ENGINE] mode=dead emit=False target=0.00x safe=38 hunter=52 moon=61 entropy=0.127
2026-05-13 21:51:12 [INFO] main_v3 — [21:51:11] 2.67x | mode=dead | safe=38 | hunter=52 | moon=61 | entropy=0.127 | comp=0.181 | tension=6
2026-05-13 21:51:12 [INFO] main_v3 — [DEAD MARKET] 2 spikes ≥8x en últimas 5 rondas | Volatilidad absurda (std=258.2 en 10r)
2026-05-13 21:51:12 [INFO] main_v3 — [ENTROPÍA] Entropía baja (0.127) con run-length=0.460. Posible compresión estadística activa.
2026-05-13 21:51:12 [INFO] main_v3 — [PRE-SPIKE DETECTADO] Contexto similar a previo a 5x (n=40 muestras | avg_low=35.50%)
2026-05-13 21:51:12 [INFO] main_v3 — [PRE-SPIKE DETECTADO] Contexto similar a previo a 10x (n=18 muestras | avg_low=35.90%)
2026-05-13 21:51:12 [INFO] main_v3 — [PRE-SPIKE DETECTADO] Contexto similar a previo a 20x (n=9 muestras | avg_low=37.00%)
2026-05-13 21:51:20 [INFO] browser — [live_tick] ⚡ 1.04x (en vuelo)
2026-05-13 21:51:20 [INFO] browser — [live_tick] ⚡ 1.10x (en vuelo)
2026-05-13 21:51:21 [INFO] browser — [live_tick] ⚡ 1.18x (en vuelo)
2026-05-13 21:51:22 [INFO] browser — [live_tick] ⚡ 1.25x (en vuelo)
2026-05-13 21:51:22 [INFO] browser — [live_tick] ⚡ 1.34x (en vuelo)
2026-05-13 21:51:23 [INFO] browser — [live_tick] ⚡ 1.42x (en vuelo)
2026-05-13 21:51:24 [INFO] browser — [live_tick] ⚡ 1.51x (en vuelo)
2026-05-13 21:51:25 [INFO] browser — [live_tick] ⚡ 1.62x (en vuelo)
2026-05-13 21:51:26 [INFO] browser — [live_tick] ⚡ 1.74x (en vuelo)
2026-05-13 21:51:26 [INFO] browser — [live_tick] ⚡ 1.90x (en vuelo)
2026-05-13 21:51:27 [INFO] browser — [live_tick] ⚡ 2.01x (en vuelo)
2026-05-13 21:51:28 [INFO] browser — [live_tick] ⏸ entre rondas
2026-05-13 21:51:29 [DEBUG] entropy — [ENTROPÍA] score=0.127 label=estructurado structured=True dead=False
2026-05-13 21:51:29 [DEBUG] ml_clustering — [ML] contexto=neutral score=70 anomalía=0.000 similar=0 buffer=13
2026-05-13 21:51:29 [INFO] dual_engine — [DUAL ENGINE] mode=moon emit=True target=10.00x safe=47 hunter=7 moon=21 entropy=0.127
2026-05-13 21:51:30 [INFO] main_v3 — [21:51:29] 2.13x | mode=moon | safe=47 | hunter=7 | moon=21 | entropy=0.127 | comp=0.025 | tension=1
2026-05-13 21:51:30 [INFO] main_v3 — [MOON] target=10.0x score=21 | mode=moon score=21
2026-05-13 21:51:30 [INFO] main_v3 — [ENTROPÍA] Entropía baja (0.127) con run-length=0.480. Posible compresión estadística activa.
2026-05-13 21:51:35 [INFO] main_v3 — 🚫 IA bloqueó señal | reason='solo 0/5 factores — insuficiente' mode=moon target=10.0x
2026-05-13 21:51:36 [INFO] browser — [live_tick] ⚡ 1.00x (en vuelo)
2026-05-13 21:51:37 [INFO] browser — [live_tick] ⚡ 1.04x (en vuelo)
2026-05-13 21:51:37 [INFO] browser — [live_tick] ⚡ 1.08x (en vuelo)
2026-05-13 21:51:38 [INFO] browser — [live_tick] ⚡ 1.13x (en vuelo)
2026-05-13 21:51:38 [INFO] browser — [live_tick] ⚡ 1.17x (en vuelo)
2026-05-13 21:51:39 [INFO] browser — [live_tick] ⚡ 1.22x (en vuelo)
2026-05-13 21:51:39 [INFO] browser — [live_tick] ⚡ 1.27x (en vuelo)
2026-05-13 21:51:40 [INFO] browser — [live_tick] ⚡ 1.33x (en vuelo)
2026-05-13 21:51:40 [INFO] browser — [live_tick] ⚡ 1.40x (en vuelo)
2026-05-13 21:51:41 [INFO] browser — [live_tick] ⚡ 1.47x (en vuelo)
2026-05-13 21:51:41 [INFO] browser — [live_tick] ⚡ 1.51x (en vuelo)
2026-05-13 21:51:41 [INFO] browser — [live_tick] ⚡ 1.57x (en vuelo)
2026-05-13 21:51:42 [INFO] browser — [live_tick] ⚡ 1.67x (en vuelo)
2026-05-13 21:51:43 [INFO] browser — [live_tick] ⚡ 1.77x (en vuelo)
2026-05-13 21:51:43 [INFO] browser — [live_tick] ⚡ 1.84x (en vuelo)
2026-05-13 21:51:44 [INFO] browser — [live_tick] ⚡ 1.92x (en vuelo)
2026-05-13 21:51:44 [INFO] browser — [live_tick] ⚡ 2.01x (en vuelo)
2026-05-13 21:51:45 [INFO] browser — [live_tick] ⚡ 2.13x (en vuelo)
2026-05-13 21:51:45 [INFO] browser — [live_tick] ⚡ 2.22x (en vuelo)
2026-05-13 21:51:46 [INFO] browser — [live_tick] ⚡ 2.35x (en vuelo)
2026-05-13 21:51:47 [INFO] browser — [live_tick] ⚡ 2.49x (en vuelo)
2026-05-13 21:51:47 [INFO] browser — [live_tick] ⚡ 2.60x (en vuelo)
2026-05-13 21:51:48 [INFO] browser — [live_tick] ⚡ 2.75x (en vuelo)
2026-05-13 21:51:48 [INFO] browser — [live_tick] ⚡ 2.87x (en vuelo)
2026-05-13 21:51:49 [INFO] browser — [live_tick] ⚡ 3.00x (en vuelo)
2026-05-13 21:51:49 [INFO] browser — [live_tick] ⚡ 3.13x (en vuelo)
2026-05-13 21:51:50 [INFO] browser — [live_tick] ⚡ 3.36x (en vuelo)
2026-05-13 21:51:50 [INFO] browser — [live_tick] ⚡ 3.51x (en vuelo)
2026-05-13 21:51:51 [INFO] browser — [live_tick] ⚡ 3.66x (en vuelo)
2026-05-13 21:51:51 [INFO] browser — [live_tick] ⚡ 3.82x (en vuelo)
2026-05-13 21:51:52 [INFO] browser — [live_tick] ⚡ 4.05x (en vuelo)
2026-05-13 21:51:52 [INFO] browser — [live_tick] ⚡ 4.23x (en vuelo)
2026-05-13 21:51:53 [INFO] browser — [live_tick] ⚡ 4.41x (en vuelo)
2026-05-13 21:51:53 [INFO] browser — [live_tick] ⚡ 4.61x (en vuelo)
2026-05-13 21:51:54 [INFO] browser — [live_tick] ⚡ 4.74x (en vuelo)
2026-05-13 21:51:54 [INFO] browser — [live_tick] ⚡ 5.02x (en vuelo)
2026-05-13 21:51:55 [INFO] browser — [live_tick] ⚡ 5.16x (en vuelo)
2026-05-13 21:51:55 [INFO] browser — [live_tick] ⚡ 5.47x (en vuelo)
2026-05-13 21:51:56 [INFO] browser — [live_tick] ⚡ 5.63x (en vuelo)
2026-05-13 21:51:56 [INFO] browser — [live_tick] ⚡ 5.87x (en vuelo)
2026-05-13 21:51:57 [INFO] browser — [live_tick] ⚡ 6.13x (en vuelo)
2026-05-13 21:51:57 [INFO] browser — [live_tick] ⚡ 6.40x (en vuelo)
2026-05-13 21:51:57 [INFO] browser — [live_tick] ⚡ 6.68x (en vuelo)
2026-05-13 21:51:58 [INFO] browser — [live_tick] ⚡ 6.97x (en vuelo)
2026-05-13 21:51:58 [INFO] browser — [live_tick] ⚡ 7.38x (en vuelo)
2026-05-13 21:51:59 [INFO] browser — [live_tick] ⚡ 7.60x (en vuelo)
2026-05-13 21:51:59 [INFO] browser — [live_tick] ⚡ 7.93x (en vuelo)
2026-05-13 21:52:00 [INFO] browser — [live_tick] ⚡ 8.40x (en vuelo)
2026-05-13 21:52:00 [INFO] browser — [live_tick] ⚡ 8.77x (en vuelo)
2026-05-13 21:52:01 [INFO] browser — [live_tick] ⚡ 9.15x (en vuelo)
2026-05-13 21:52:01 [INFO] browser — [live_tick] ⚡ 9.55x (en vuelo)
2026-05-13 21:52:02 [INFO] browser — [live_tick] ⚡ 9.97x (en vuelo)
2026-05-13 21:52:02 [INFO] browser — [live_tick] ⚡ 10.41x (en vuelo)
2026-05-13 21:52:05 [INFO] analyzer — Anti-FOMO: spike 10.86x → bloqueando 3 rondas.
2026-05-13 21:52:05 [INFO] advanced_stats — [POST_SPIKE_COOLDOWN] 10.86x >= 5x → bloqueando 2 rondas
2026-05-13 21:52:05 [INFO] advanced_stats — [POST_SPIKE_COOLDOWN] 10.86x >= 8x → bloqueando 2 rondas
2026-05-13 21:52:05 [INFO] advanced_stats — [POST_SPIKE_COOLDOWN] 10.86x >= 10x → bloqueando 3 rondas
2026-05-13 21:52:05 [DEBUG] db_advanced — spike_distances: nivel=5x dist=5 val=10.86
2026-05-13 21:52:05 [DEBUG] db_advanced — pre_spike_context guardado: 10.86x (nivel=5x)
2026-05-13 21:52:05 [INFO] spike_tracker — [SPIKE] 10.86x >= 5x | distancia=5 rondas
2026-05-13 21:52:05 [DEBUG] db_advanced — spike_distances: nivel=8x dist=5 val=10.86
2026-05-13 21:52:05 [DEBUG] db_advanced — pre_spike_context guardado: 10.86x (nivel=8x)
2026-05-13 21:52:05 [INFO] spike_tracker — [SPIKE] 10.86x >= 8x | distancia=5 rondas
2026-05-13 21:52:05 [DEBUG] db_advanced — spike_distances: nivel=10x dist=5 val=10.86
2026-05-13 21:52:05 [DEBUG] db_advanced — pre_spike_context guardado: 10.86x (nivel=10x)
2026-05-13 21:52:05 [INFO] spike_tracker — [SPIKE] 10.86x >= 10x | distancia=5 rondas
2026-05-13 21:52:05 [DEBUG] entropy — [ENTROPÍA] score=0.127 label=estructurado structured=True dead=False
2026-05-13 21:52:05 [DEBUG] ml_clustering — [ML] contexto=neutral score=70 anomalía=0.000 similar=0 buffer=14
2026-05-13 21:52:05 [INFO] dual_engine — [DUAL ENGINE] mode=none emit=False target=0.00x safe=31 hunter=0 moon=0 entropy=0.127
2026-05-13 21:52:05 [INFO] main_v3 — [21:52:05] 10.86x | mode=none | safe=31 | hunter=0 | moon=0 | entropy=0.127 | comp=0.025 | tension=1
2026-05-13 21:52:05 [INFO] main_v3 — [ENTROPÍA] Entropía baja (0.127) con run-length=0.480. Posible compresión estadística activa.
2026-05-13 21:52:05 [INFO] main_v3 — [POST_SPIKE_COOLDOWN] Bloqueado 2 rondas tras 10x
2026-05-13 21:52:06 [INFO] browser — [live_tick] ⏸ entre rondas
2026-05-13 21:52:12 [INFO] browser — [live_tick] ⚡ 1.00x (en vuelo)
2026-05-13 21:52:12 [INFO] browser — [live_tick] ⚡ 1.04x (en vuelo)
2026-05-13 21:52:13 [INFO] browser — [live_tick] ⚡ 1.08x (en vuelo)
2026-05-13 21:52:13 [INFO] browser — [live_tick] ⚡ 1.13x (en vuelo)
2026-05-13 21:52:14 [INFO] browser — [live_tick] ⚡ 1.18x (en vuelo)
2026-05-13 21:52:14 [INFO] browser — [live_tick] ⚡ 1.23x (en vuelo)
2026-05-13 21:52:14 [INFO] browser — [live_tick] ⚡ 1.29x (en vuelo)
2026-05-13 21:52:15 [INFO] browser — [live_tick] ⚡ 1.33x (en vuelo)
2026-05-13 21:52:15 [INFO] browser — [live_tick] ⚡ 1.38x (en vuelo)
2026-05-13 21:52:16 [INFO] browser — [live_tick] ⚡ 1.44x (en vuelo)
2026-05-13 21:52:16 [INFO] browser — [live_tick] ⚡ 1.49x (en vuelo)
2026-05-13 21:52:17 [INFO] browser — [live_tick] ⚡ 1.55x (en vuelo)
2026-05-13 21:52:17 [INFO] browser — [live_tick] ⚡ 1.62x (en vuelo)
2026-05-13 21:52:17 [INFO] browser — [live_tick] ⚡ 1.67x (en vuelo)
2026-05-13 21:52:18 [INFO] browser — [live_tick] ⚡ 1.74x (en vuelo)
2026-05-13 21:52:18 [INFO] browser — [live_tick] ⚡ 1.79x (en vuelo)
2026-05-13 21:52:19 [INFO] browser — [live_tick] ⚡ 1.87x (en vuelo)
2026-05-13 21:52:19 [INFO] browser — [live_tick] ⚡ 1.92x (en vuelo)
2026-05-13 21:52:19 [INFO] browser — [live_tick] ⚡ 2.01x (en vuelo)
2026-05-13 21:52:20 [INFO] browser — [live_tick] ⚡ 2.13x (en vuelo)
2026-05-13 21:52:21 [INFO] browser — [live_tick] ⚡ 2.25x (en vuelo)
2026-05-13 21:52:21 [INFO] browser — [live_tick] ⚡ 2.35x (en vuelo)
2026-05-13 21:52:22 [INFO] browser — [live_tick] ⚡ 2.45x (en vuelo)
2026-05-13 21:52:22 [INFO] browser — [live_tick] ⚡ 2.56x (en vuelo)
2026-05-13 21:52:23 [INFO] browser — [live_tick] ⚡ 2.67x (en vuelo)
2026-05-13 21:52:23 [INFO] browser — [live_tick] ⚡ 2.79x (en vuelo)
2026-05-13 21:52:24 [INFO] browser — [live_tick] ⚡ 2.91x (en vuelo)
2026-05-13 21:52:24 [INFO] browser — [live_tick] ⚡ 3.04x (en vuelo)
2026-05-13 21:52:25 [INFO] browser — [live_tick] ⚡ 3.22x (en vuelo)
2026-05-13 21:52:25 [INFO] browser — [live_tick] ⚡ 3.32x (en vuelo)
2026-05-13 21:52:26 [INFO] browser — [live_tick] ⚡ 3.46x (en vuelo)
2026-05-13 21:52:26 [INFO] browser — [live_tick] ⚡ 3.66x (en vuelo)
2026-05-13 21:52:26 [INFO] browser — [live_tick] ⚡ 3.77x (en vuelo)
2026-05-13 21:52:27 [INFO] browser — [live_tick] ⚡ 3.94x (en vuelo)
2026-05-13 21:52:27 [INFO] browser — [live_tick] ⚡ 4.11x (en vuelo)
2026-05-13 21:52:28 [INFO] browser — [live_tick] ⚡ 4.29x (en vuelo)
2026-05-13 21:52:28 [INFO] browser — [live_tick] ⚡ 4.48x (en vuelo)
2026-05-13 21:52:29 [INFO] browser — [live_tick] ⚡ 4.67x (en vuelo)
2026-05-13 21:52:29 [INFO] browser — [live_tick] ⚡ 4.88x (en vuelo)
2026-05-13 21:52:30 [INFO] browser — [live_tick] ⚡ 5.16x (en vuelo)
2026-05-13 21:52:31 [INFO] browser — [live_tick] ⚡ 5.47x (en vuelo)
2026-05-13 21:52:31 [INFO] browser — [live_tick] ⚡ 5.71x (en vuelo)
2026-05-13 21:52:32 [INFO] browser — [live_tick] ⚡ 5.96x (en vuelo)
2026-05-13 21:52:32 [INFO] browser — [live_tick] ⚡ 6.22x (en vuelo)
2026-05-13 21:52:32 [INFO] browser — [live_tick] ⚡ 6.49x (en vuelo)
2026-05-13 21:52:33 [INFO] browser — [live_tick] ⚡ 6.78x (en vuelo)
2026-05-13 21:52:33 [INFO] browser — [live_tick] ⚡ 7.07x (en vuelo)
2026-05-13 21:52:34 [INFO] browser — [live_tick] ⚡ 7.38x (en vuelo)
2026-05-13 21:52:34 [INFO] browser — [live_tick] ⚡ 7.60x (en vuelo)
2026-05-13 21:52:35 [INFO] browser — [live_tick] ⚡ 7.93x (en vuelo)
2026-05-13 21:52:35 [INFO] browser — [live_tick] ⚡ 8.28x (en vuelo)
2026-05-13 21:52:36 [INFO] browser — [live_tick] ⚡ 8.64x (en vuelo)
2026-05-13 21:52:36 [INFO] browser — [live_tick] ⚡ 8.89x (en vuelo)
2026-05-13 21:52:37 [INFO] browser — [live_tick] ⏸ entre rondas
2026-05-13 21:52:37 [INFO] analyzer — Anti-FOMO: spike 9.02x → bloqueando 3 rondas.
2026-05-13 21:52:37 [INFO] advanced_stats — [POST_SPIKE_COOLDOWN] 9.02x >= 5x → bloqueando 2 rondas
2026-05-13 21:52:37 [INFO] advanced_stats — [POST_SPIKE_COOLDOWN] 9.02x >= 8x → bloqueando 2 rondas
2026-05-13 21:52:37 [DEBUG] db_advanced — spike_distances: nivel=5x dist=1 val=9.02
2026-05-13 21:52:37 [DEBUG] db_advanced — pre_spike_context guardado: 9.02x (nivel=5x)
2026-05-13 21:52:37 [INFO] spike_tracker — [SPIKE] 9.02x >= 5x | distancia=1 rondas
2026-05-13 21:52:37 [DEBUG] db_advanced — spike_distances: nivel=8x dist=1 val=9.02
2026-05-13 21:52:37 [DEBUG] db_advanced — pre_spike_context guardado: 9.02x (nivel=8x)
2026-05-13 21:52:37 [INFO] spike_tracker — [SPIKE] 9.02x >= 8x | distancia=1 rondas
2026-05-13 21:52:38 [INFO] advanced_stats — [PRE-SPIKE DETECTADO] Contexto similar a previo a 5x (n=42 muestras | avg_low=34.80%)
2026-05-13 21:52:38 [DEBUG] entropy — [ENTROPÍA] score=0.127 label=estructurado structured=True dead=False
2026-05-13 21:52:38 [WARNING] entropy — [DEAD MARKET] Bloqueando todas las señales. toxicity=0.60 | 2 spikes ≥8x en últimas 5 rondas | Volatilidad absurda (std=78.6 en 10r)
2026-05-13 21:52:38 [DEBUG] ml_clustering — [ML] contexto=neutral score=70 anomalía=0.000 similar=0 buffer=15
2026-05-13 21:52:38 [INFO] dual_engine — [DUAL ENGINE] mode=dead emit=False target=0.00x safe=32 hunter=10 moon=0 entropy=0.127
2026-05-13 21:52:38 [INFO] main_v3 — [21:52:37] 9.02x | mode=dead | safe=32 | hunter=10 | moon=0 | entropy=0.127 | comp=0.000 | tension=0
2026-05-13 21:52:38 [INFO] main_v3 — [DEAD MARKET] 2 spikes ≥8x en últimas 5 rondas | Volatilidad absurda (std=78.6 en 10r)
2026-05-13 21:52:38 [INFO] main_v3 — [ENTROPÍA] Entropía baja (0.127) con run-length=0.500. Posible compresión estadística activa.
2026-05-13 21:52:38 [INFO] main_v3 — [POST_SPIKE_COOLDOWN] Bloqueado 1 rondas tras 10x
2026-05-13 21:52:38 [INFO] main_v3 — [PRE-SPIKE DETECTADO] Contexto similar a previo a 5x (n=42 muestras | avg_low=34.80%)
2026-05-13 21:52:46 [INFO] browser — [live_tick] ⚡ 1.05x (en vuelo)
2026-05-13 21:52:46 [INFO] browser — [live_tick] ⚡ 1.10x (en vuelo)
2026-05-13 21:52:46 [INFO] browser — [live_tick] ⚡ 1.15x (en vuelo)
2026-05-13 21:52:47 [INFO] browser — [live_tick] ⚡ 1.20x (en vuelo)
2026-05-13 21:52:47 [INFO] browser — [live_tick] ⚡ 1.25x (en vuelo)
2026-05-13 21:52:48 [INFO] browser — [live_tick] ⚡ 1.31x (en vuelo)
2026-05-13 21:52:49 [INFO] browser — [live_tick] ⚡ 1.38x (en vuelo)
2026-05-13 21:52:49 [INFO] browser — [live_tick] ⚡ 1.42x (en vuelo)
2026-05-13 21:52:50 [INFO] browser — [live_tick] ⚡ 1.51x (en vuelo)
2026-05-13 21:52:50 [INFO] browser — [live_tick] ⚡ 1.57x (en vuelo)
2026-05-13 21:52:51 [INFO] browser — [live_tick] ⚡ 1.64x (en vuelo)
2026-05-13 21:52:51 [INFO] browser — [live_tick] ⚡ 1.72x (en vuelo)
2026-05-13 21:52:52 [INFO] browser — [live_tick] ⚡ 1.92x (en vuelo)
2026-05-13 21:52:54 [INFO] browser — [live_tick] ⚡ 2.13x (en vuelo)
2026-05-13 21:52:54 [INFO] browser — [live_tick] ⚡ 2.32x (en vuelo)
2026-05-13 21:52:56 [INFO] browser — [live_tick] ⏸ entre rondas
2026-05-13 21:52:56 [DEBUG] entropy — [ENTROPÍA] score=0.127 label=estructurado structured=True dead=False
2026-05-13 21:52:56 [WARNING] entropy — [DEAD MARKET] Bloqueando todas las señales. toxicity=0.60 | 2 spikes ≥8x en últimas 5 rondas | Volatilidad absurda (std=78.6 en 10r)
2026-05-13 21:52:57 [DEBUG] ml_clustering — [ML] contexto=neutral score=70 anomalía=0.000 similar=0 buffer=16
2026-05-13 21:52:57 [INFO] dual_engine — [DUAL ENGINE] mode=dead emit=False target=0.00x safe=32 hunter=0 moon=0 entropy=0.127
2026-05-13 21:52:57 [INFO] main_v3 — [21:52:56] 2.35x | mode=dead | safe=32 | hunter=0 | moon=0 | entropy=0.127 | comp=0.000 | tension=0
2026-05-13 21:52:57 [INFO] main_v3 — [DEAD MARKET] 2 spikes ≥8x en últimas 5 rondas | Volatilidad absurda (std=78.6 en 10r)
2026-05-13 21:52:57 [INFO] main_v3 — [ENTROPÍA] Entropía baja (0.127) con run-length=0.500. Posible compresión estadística activa.
2026-05-13 21:53:03 [INFO] browser — [live_tick] ⚡ 1.00x (en vuelo)
2026-05-13 21:53:04 [INFO] browser — [live_tick] ⚡ 1.05x (en vuelo)
2026-05-13 21:53:04 [INFO] browser — [live_tick] ⚡ 1.10x (en vuelo)
2026-05-13 21:53:05 [INFO] browser — [live_tick] ⚡ 1.17x (en vuelo)
2026-05-13 21:53:05 [INFO] browser — [live_tick] ⚡ 1.22x (en vuelo)
2026-05-13 21:53:06 [INFO] browser — [live_tick] ⚡ 1.29x (en vuelo)
2026-05-13 21:53:06 [INFO] browser — [live_tick] ⚡ 1.34x (en vuelo)
2026-05-13 21:53:07 [INFO] browser — [live_tick] ⚡ 1.42x (en vuelo)
2026-05-13 21:53:08 [INFO] browser — [live_tick] ⚡ 1.51x (en vuelo)
2026-05-13 21:53:08 [INFO] browser — [live_tick] ⏸ entre rondas
2026-05-13 21:53:10 [DEBUG] entropy — [ENTROPÍA] score=0.127 label=estructurado structured=True dead=False
2026-05-13 21:53:10 [DEBUG] ml_clustering — [ML] contexto=neutral score=70 anomalía=0.000 similar=0 buffer=17
2026-05-13 21:53:10 [INFO] dual_engine — [DUAL ENGINE] mode=none emit=False target=0.00x safe=31 hunter=0 moon=0 entropy=0.127
2026-05-13 21:53:10 [INFO] main_v3 — [21:53:10] 1.55x | mode=none | safe=31 | hunter=0 | moon=0 | entropy=0.127 | comp=0.000 | tension=0
2026-05-13 21:53:10 [INFO] main_v3 — [ENTROPÍA] Entropía baja (0.127) con run-length=0.500. Posible compresión estadística activa.
2026-05-13 21:53:18 [INFO] browser — [live_tick] ⚡ 1.07x (en vuelo)
2026-05-13 21:53:19 [INFO] browser — [live_tick] ⚡ 1.12x (en vuelo)
2026-05-13 21:53:19 [INFO] browser — [live_tick] ⚡ 1.17x (en vuelo)
2026-05-13 21:53:20 [INFO] browser — [live_tick] ⏸ entre rondas
2026-05-13 21:53:20 [DEBUG] entropy — [ENTROPÍA] score=0.127 label=estructurado structured=True dead=False
2026-05-13 21:53:20 [DEBUG] ml_clustering — [ML] contexto=neutral score=70 anomalía=0.000 similar=0 buffer=18
2026-05-13 21:53:20 [INFO] dual_engine — [DUAL ENGINE] mode=safe emit=True target=2.50x safe=44 hunter=10 moon=15 entropy=0.127
2026-05-13 21:53:20 [INFO] main_v3 — [21:53:20] 1.20x | mode=safe | safe=44 | hunter=10 | moon=15 | entropy=0.127 | comp=0.156 | tension=6
2026-05-13 21:53:20 [INFO] main_v3 — [SAFE] target=2.5x score=44.5 | score=44.5 | crash_density=13.30% | P(≥2.5x)=61.3% | std=213.52
2026-05-13 21:53:20 [INFO] main_v3 — [ENTROPÍA] Entropía baja (0.127) con run-length=0.520. Posible compresión estadística activa.
2026-05-13 21:53:28 [INFO] browser — [live_tick] ⚡ 1.00x (en vuelo)
2026-05-13 21:53:29 [INFO] browser — [live_tick] ⚡ 1.05x (en vuelo)
2026-05-13 21:53:30 [INFO] browser — [live_tick] ⚡ 1.12x (en vuelo)
2026-05-13 21:53:30 [INFO] browser — [live_tick] ⚡ 1.17x (en vuelo)
2026-05-13 21:53:31 [INFO] browser — [live_tick] ⚡ 1.25x (en vuelo)
2026-05-13 21:53:32 [INFO] browser — [live_tick] ⚡ 1.34x (en vuelo)
2026-05-13 21:53:32 [INFO] browser — [live_tick] ⚡ 1.42x (en vuelo)
2026-05-13 21:53:33 [INFO] browser — [live_tick] ⚡ 1.51x (en vuelo)
2026-05-13 21:53:33 [INFO] browser — [live_tick] ⚡ 1.57x (en vuelo)
2026-05-13 21:53:34 [INFO] browser — [live_tick] ⚡ 1.64x (en vuelo)
2026-05-13 21:53:35 [INFO] browser — [live_tick] ⚡ 1.79x (en vuelo)
2026-05-13 21:53:35 [INFO] browser — [live_tick] ⚡ 1.87x (en vuelo)
2026-05-13 21:53:36 [INFO] browser — [live_tick] ⚡ 1.95x (en vuelo)
2026-05-13 21:53:36 [INFO] browser — [live_tick] ⚡ 2.07x (en vuelo)
2026-05-13 21:53:37 [INFO] browser — [live_tick] ⚡ 2.13x (en vuelo)
2026-05-13 21:53:37 [INFO] browser — [live_tick] ⚡ 2.25x (en vuelo)
2026-05-13 21:53:38 [INFO] browser — [live_tick] ⚡ 2.39x (en vuelo)
2026-05-13 21:53:39 [INFO] browser — [live_tick] ⚡ 2.56x (en vuelo)
2026-05-13 21:53:39 [INFO] browser — [live_tick] ⚡ 2.67x (en vuelo)
2026-05-13 21:53:40 [INFO] browser — [live_tick] ⚡ 2.79x (en vuelo)
2026-05-13 21:53:40 [INFO] browser — [live_tick] ⚡ 2.96x (en vuelo)
2026-05-13 21:53:41 [INFO] browser — [live_tick] ⚡ 3.18x (en vuelo)
2026-05-13 21:53:42 [INFO] browser — [live_tick] ⚡ 3.32x (en vuelo)
2026-05-13 21:53:42 [INFO] browser — [live_tick] ⚡ 3.46x (en vuelo)
2026-05-13 21:53:43 [INFO] browser — [live_tick] ⚡ 3.66x (en vuelo)
2026-05-13 21:53:43 [INFO] browser — [live_tick] ⚡ 3.88x (en vuelo)
2026-05-13 21:53:44 [INFO] browser — [live_tick] ⚡ 4.11x (en vuelo)
2026-05-13 21:53:45 [INFO] browser — [live_tick] ⚡ 4.41x (en vuelo)
2026-05-13 21:53:46 [INFO] browser — [live_tick] ⚡ 4.74x (en vuelo)
2026-05-13 21:53:46 [INFO] browser — [live_tick] ⚡ 4.95x (en vuelo)
2026-05-13 21:53:47 [INFO] browser — [live_tick] ⚡ 5.24x (en vuelo)
2026-05-13 21:53:47 [INFO] browser — [live_tick] ⚡ 5.47x (en vuelo)
2026-05-13 21:53:48 [INFO] browser — [live_tick] ⚡ 5.71x (en vuelo)
2026-05-13 21:53:48 [INFO] browser — [live_tick] ⚡ 5.96x (en vuelo)
2026-05-13 21:53:49 [INFO] browser — [live_tick] ⚡ 6.31x (en vuelo)
2026-05-13 21:53:49 [INFO] browser — [live_tick] ⚡ 6.59x (en vuelo)
2026-05-13 21:53:50 [INFO] browser — [live_tick] ⚡ 6.97x (en vuelo)
2026-05-13 21:53:50 [INFO] browser — [live_tick] ⚡ 7.28x (en vuelo)
2026-05-13 21:53:51 [INFO] browser — [live_tick] ⏸ entre rondas
2026-05-13 21:53:52 [INFO] analyzer — Anti-FOMO: spike 7.38x → bloqueando 3 rondas.
2026-05-13 21:53:52 [INFO] advanced_stats — [POST_SPIKE_COOLDOWN] 7.38x >= 5x → bloqueando 2 rondas
2026-05-13 21:53:52 [DEBUG] db_advanced — spike_distances: nivel=5x dist=4 val=7.38
2026-05-13 21:53:52 [DEBUG] db_advanced — pre_spike_context guardado: 7.38x (nivel=5x)
2026-05-13 21:53:52 [INFO] spike_tracker — [SPIKE] 7.38x >= 5x | distancia=4 rondas
2026-05-13 21:53:52 [DEBUG] entropy — [ENTROPÍA] score=0.127 label=estructurado structured=True dead=False
2026-05-13 21:53:52 [DEBUG] ml_clustering — [ML] contexto=neutral score=70 anomalía=0.000 similar=0 buffer=19
2026-05-13 21:53:52 [INFO] dual_engine — [DUAL ENGINE] mode=none emit=False target=0.00x safe=29 hunter=4 moon=0 entropy=0.127
2026-05-13 21:53:52 [INFO] main_v3 — [21:53:51] 7.38x | mode=none | safe=29 | hunter=4 | moon=0 | entropy=0.127 | comp=0.156 | tension=6
2026-05-13 21:53:52 [INFO] main_v3 — [ENTROPÍA] Entropía baja (0.127) con run-length=0.500. Posible compresión estadística activa.
2026-05-13 21:53:52 [INFO] main_v3 — [POST_SPIKE_COOLDOWN] Bloqueado 1 rondas tras 5x
2026-05-13 21:54:00 [INFO] browser — [live_tick] ⚡ 1.05x (en vuelo)
2026-05-13 21:54:01 [INFO] browser — [live_tick] ⚡ 1.15x (en vuelo)
2026-05-13 21:54:02 [INFO] browser — [live_tick] ⚡ 1.22x (en vuelo)
2026-05-13 21:54:02 [INFO] browser — [live_tick] ⚡ 1.29x (en vuelo)
2026-05-13 21:54:03 [INFO] browser — [live_tick] ⚡ 1.36x (en vuelo)
2026-05-13 21:54:04 [INFO] browser — [live_tick] ⚡ 1.44x (en vuelo)
2026-05-13 21:54:04 [INFO] browser — [live_tick] ⚡ 1.51x (en vuelo)
2026-05-13 21:54:05 [INFO] browser — [live_tick] ⚡ 1.64x (en vuelo)
2026-05-13 21:54:06 [INFO] browser — [live_tick] ⚡ 1.77x (en vuelo)
2026-05-13 21:54:07 [INFO] browser — [live_tick] ⚡ 1.87x (en vuelo)
2026-05-13 21:54:07 [INFO] browser — [live_tick] ⚡ 1.95x (en vuelo)
2026-05-13 21:54:08 [INFO] browser — [live_tick] ⚡ 2.07x (en vuelo)
2026-05-13 21:54:08 [INFO] browser — [live_tick] ⚡ 2.19x (en vuelo)
2026-05-13 21:54:09 [INFO] browser — [live_tick] ⚡ 2.32x (en vuelo)
2026-05-13 21:54:10 [INFO] browser — [live_tick] ⚡ 2.49x (en vuelo)
2026-05-13 21:54:10 [INFO] browser — [live_tick] ⚡ 2.60x (en vuelo)
2026-05-13 21:54:11 [INFO] browser — [live_tick] ⚡ 2.71x (en vuelo)
2026-05-13 21:54:11 [INFO] browser — [live_tick] ⚡ 2.83x (en vuelo)
2026-05-13 21:54:12 [INFO] browser — [live_tick] ⚡ 3.04x (en vuelo)
2026-05-13 21:54:13 [INFO] browser — [live_tick] ⚡ 3.27x (en vuelo)
2026-05-13 21:54:13 [INFO] browser — [live_tick] ⚡ 3.41x (en vuelo)
2026-05-13 21:54:14 [INFO] browser — [live_tick] ⚡ 3.61x (en vuelo)
2026-05-13 21:54:15 [INFO] browser — [live_tick] ⚡ 3.77x (en vuelo)
2026-05-13 21:54:15 [INFO] browser — [live_tick] ⚡ 3.99x (en vuelo)
2026-05-13 21:54:16 [INFO] browser — [live_tick] ⚡ 4.23x (en vuelo)
2026-05-13 21:54:16 [INFO] browser — [live_tick] ⚡ 4.41x (en vuelo)
2026-05-13 21:54:17 [INFO] browser — [live_tick] ⚡ 4.74x (en vuelo)
2026-05-13 21:54:18 [INFO] browser — [live_tick] ⚡ 5.02x (en vuelo)
2026-05-13 21:54:18 [INFO] browser — [live_tick] ⚡ 5.39x (en vuelo)
2026-05-13 21:54:19 [INFO] browser — [live_tick] ⚡ 5.71x (en vuelo)
2026-05-13 21:54:20 [INFO] browser — [live_tick] ⚡ 6.04x (en vuelo)
2026-05-13 21:54:20 [INFO] browser — [live_tick] ⚡ 6.40x (en vuelo)
2026-05-13 21:54:21 [INFO] browser — [live_tick] ⚡ 6.78x (en vuelo)
2026-05-13 21:54:22 [INFO] browser — [live_tick] ⚡ 7.60x (en vuelo)
2026-05-13 21:54:23 [INFO] browser — [live_tick] ⚡ 8.05x (en vuelo)
2026-05-13 21:54:23 [INFO] browser — [live_tick] ⚡ 8.40x (en vuelo)
2026-05-13 21:54:24 [INFO] browser — [live_tick] ⚡ 8.89x (en vuelo)
2026-05-13 21:54:25 [INFO] browser — [live_tick] ⚡ 9.55x (en vuelo)
2026-05-13 21:54:26 [INFO] browser — [live_tick] ⚡ 10.56x (en vuelo)
2026-05-13 21:54:27 [INFO] browser — [live_tick] ⚡ 11.18x (en vuelo)
2026-05-13 21:54:28 [INFO] browser — [live_tick] ⚡ 12.53x (en vuelo)
2026-05-13 21:54:28 [INFO] browser — [live_tick] ⚡ 13.08x (en vuelo)
2026-05-13 21:54:29 [INFO] browser — [live_tick] ⏸ entre rondas
2026-05-13 21:54:30 [INFO] analyzer — Anti-FOMO: spike 13.65x → bloqueando 3 rondas.
2026-05-13 21:54:30 [INFO] advanced_stats — [POST_SPIKE_COOLDOWN] 13.65x >= 5x → bloqueando 2 rondas
2026-05-13 21:54:30 [INFO] advanced_stats — [POST_SPIKE_COOLDOWN] 13.65x >= 8x → bloqueando 2 rondas
2026-05-13 21:54:30 [INFO] advanced_stats — [POST_SPIKE_COOLDOWN] 13.65x >= 10x → bloqueando 3 rondas
2026-05-13 21:54:30 [DEBUG] db_advanced — spike_distances: nivel=5x dist=1 val=13.65
2026-05-13 21:54:30 [DEBUG] db_advanced — pre_spike_context guardado: 13.65x (nivel=5x)
2026-05-13 21:54:30 [INFO] spike_tracker — [SPIKE] 13.65x >= 5x | distancia=1 rondas
2026-05-13 21:54:30 [DEBUG] db_advanced — spike_distances: nivel=8x dist=5 val=13.65
2026-05-13 21:54:30 [DEBUG] db_advanced — pre_spike_context guardado: 13.65x (nivel=8x)
2026-05-13 21:54:30 [INFO] spike_tracker — [SPIKE] 13.65x >= 8x | distancia=5 rondas
2026-05-13 21:54:30 [DEBUG] db_advanced — spike_distances: nivel=10x dist=6 val=13.65
2026-05-13 21:54:30 [DEBUG] db_advanced — pre_spike_context guardado: 13.65x (nivel=10x)
2026-05-13 21:54:30 [INFO] spike_tracker — [SPIKE] 13.65x >= 10x | distancia=6 rondas
2026-05-13 21:54:30 [DEBUG] entropy — [ENTROPÍA] score=0.127 label=estructurado structured=True dead=False
2026-05-13 21:54:30 [DEBUG] ml_clustering — [CLUSTERING] Modelos re-entrenados con 20 muestras
2026-05-13 21:54:30 [DEBUG] ml_clustering — [ML] contexto=neutral score=72 anomalía=0.000 similar=0 buffer=20
2026-05-13 21:54:30 [INFO] dual_engine — [DUAL ENGINE] mode=none emit=False target=0.00x safe=29 hunter=4 moon=0 entropy=0.127
2026-05-13 21:54:30 [INFO] main_v3 — [21:54:30] 13.65x | mode=none | safe=29 | hunter=4 | moon=0 | entropy=0.127 | comp=0.156 | tension=6
2026-05-13 21:54:30 [INFO] main_v3 — [ENTROPÍA] Entropía baja (0.127) con run-length=0.500. Posible compresión estadística activa.
2026-05-13 21:54:30 [INFO] main_v3 — [POST_SPIKE_COOLDOWN] Bloqueado 2 rondas tras 10x
2026-05-13 21:54:38 [INFO] browser — [live_tick] ⚡ 1.02x (en vuelo)
2026-05-13 21:54:39 [INFO] browser — [live_tick] ⚡ 1.10x (en vuelo)
2026-05-13 21:54:40 [INFO] browser — [live_tick] ⚡ 1.15x (en vuelo)
2026-05-13 21:54:40 [INFO] browser — [live_tick] ⚡ 1.22x (en vuelo)
2026-05-13 21:54:41 [INFO] browser — [live_tick] ⚡ 1.27x (en vuelo)
2026-05-13 21:54:41 [INFO] browser — [live_tick] ⚡ 1.33x (en vuelo)
2026-05-13 21:54:42 [INFO] browser — [live_tick] ⚡ 1.38x (en vuelo)
2026-05-13 21:54:42 [INFO] browser — [live_tick] ⚡ 1.44x (en vuelo)
2026-05-13 21:54:43 [INFO] browser — [live_tick] ⚡ 1.53x (en vuelo)
2026-05-13 21:54:43 [INFO] browser — [live_tick] ⚡ 1.60x (en vuelo)
2026-05-13 21:54:44 [INFO] browser — [live_tick] ⚡ 1.74x (en vuelo)
2026-05-13 21:54:44 [INFO] browser — [live_tick] ⚡ 1.79x (en vuelo)
2026-05-13 21:54:45 [INFO] browser — [live_tick] ⚡ 1.90x (en vuelo)
2026-05-13 21:54:46 [INFO] browser — [live_tick] ⚡ 2.07x (en vuelo)
2026-05-13 21:54:47 [INFO] browser — [live_tick] ⚡ 2.19x (en vuelo)
2026-05-13 21:54:47 [INFO] browser — [live_tick] ⚡ 2.32x (en vuelo)
2026-05-13 21:54:48 [INFO] browser — [live_tick] ⚡ 2.45x (en vuelo)
2026-05-13 21:54:48 [INFO] browser — [live_tick] ⚡ 2.56x (en vuelo)
2026-05-13 21:54:49 [INFO] browser — [live_tick] ⚡ 2.67x (en vuelo)
2026-05-13 21:54:50 [INFO] browser — [live_tick] ⚡ 2.83x (en vuelo)
2026-05-13 21:54:50 [INFO] browser — [live_tick] ⏸ entre rondas
2026-05-13 21:54:50 [DEBUG] entropy — [ENTROPÍA] score=0.127 label=estructurado structured=True dead=False
2026-05-13 21:54:50 [DEBUG] ml_clustering — [ML] contexto=neutral score=72 anomalía=0.214 similar=10 buffer=21
2026-05-13 21:54:50 [INFO] dual_engine — [DUAL ENGINE] mode=none emit=False target=0.00x safe=31 hunter=4 moon=0 entropy=0.127
2026-05-13 21:54:50 [INFO] main_v3 — [21:54:50] 2.87x | mode=none | safe=31 | hunter=4 | moon=0 | entropy=0.127 | comp=0.156 | tension=6
2026-05-13 21:54:50 [INFO] main_v3 — [ENTROPÍA] Entropía baja (0.127) con run-length=0.500. Posible compresión estadística activa.
2026-05-13 21:54:50 [INFO] main_v3 — [POST_SPIKE_COOLDOWN] Bloqueado 1 rondas tras 10x
2026-05-13 21:54:58 [INFO] browser — [live_tick] ⚡ 1.00x (en vuelo)
2026-05-13 21:54:58 [INFO] browser — [live_tick] ⚡ 1.04x (en vuelo)
2026-05-13 21:54:59 [INFO] browser — [live_tick] ⚡ 1.08x (en vuelo)
2026-05-13 21:55:00 [INFO] browser — [live_tick] ⚡ 1.18x (en vuelo)
2026-05-13 21:55:02 [INFO] browser — [live_tick] ⏸ entre rondas
2026-05-13 21:55:02 [DEBUG] entropy — [ENTROPÍA] score=0.127 label=estructurado structured=True dead=False
2026-05-13 21:55:02 [DEBUG] ml_clustering — [ML] contexto=neutral score=79 anomalía=1.000 similar=0 buffer=22
2026-05-13 21:55:02 [INFO] dual_engine — [DUAL ENGINE] mode=none emit=False target=0.00x safe=29 hunter=12 moon=0 entropy=0.127
2026-05-13 21:55:03 [INFO] main_v3 — [21:55:02] 1.25x | mode=none | safe=29 | hunter=12 | moon=0 | entropy=0.127 | comp=0.253 | tension=9
2026-05-13 21:55:03 [INFO] main_v3 — [ENTROPÍA] Entropía baja (0.127) con run-length=0.480. Posible compresión estadística activa.
2026-05-13 21:55:04 [INFO] main_v3 — [ANOMALÍA] Contexto: NEUTRAL (score=79) | Crash density 15r=13.33% | Compresión=0.253 | Entropía=0.127 | Anomalía=1.000
2026-05-13 21:55:10 [INFO] browser — [live_tick] ⚡ 1.10x (en vuelo)
2026-05-13 21:55:11 [INFO] browser — [live_tick] ⚡ 1.18x (en vuelo)
2026-05-13 21:55:12 [INFO] browser — [live_tick] ⚡ 1.29x (en vuelo)
2026-05-13 21:55:14 [INFO] browser — [live_tick] ⚡ 1.49x (en vuelo)
2026-05-13 21:55:17 [INFO] browser — [live_tick] ⏸ entre rondas
2026-05-13 21:55:17 [DEBUG] entropy — [ENTROPÍA] score=0.127 label=estructurado structured=True dead=False
2026-05-13 21:55:17 [DEBUG] ml_clustering — [ML] contexto=neutral score=79 anomalía=1.000 similar=1 buffer=23
2026-05-13 21:55:17 [INFO] dual_engine — [DUAL ENGINE] mode=safe emit=True target=2.50x safe=41 hunter=19 moon=12 entropy=0.127
2026-05-13 21:55:17 [INFO] main_v3 — [21:55:17] 1.77x | mode=safe | safe=41 | hunter=19 | moon=12 | entropy=0.127 | comp=0.253 | tension=9
2026-05-13 21:55:17 [INFO] main_v3 — [SAFE] target=2.5x score=41.0 | score=41.0 | crash_density=13.30% | P(≥2.5x)=59.0% | std=8.01
2026-05-13 21:55:17 [INFO] main_v3 — [ENTROPÍA] Entropía baja (0.127) con run-length=0.480. Posible compresión estadística activa.
2026-05-13 21:55:17 [INFO] main_v3 — [ANOMALÍA] Contexto: NEUTRAL (score=79) | Crash density 15r=13.33% | Compresión=0.253 | Entropía=0.127 | Anomalía=1.000
2026-05-13 21:55:21 [INFO] main_v3 — 🚫 IA bloqueó señal | reason='condiciones safe insuficientes' mode=safe target=2.5x
2026-05-13 21:55:25 [INFO] browser — [live_tick] ⚡ 1.05x (en vuelo)
2026-05-13 21:55:27 [INFO] browser — [live_tick] ⚡ 1.23x (en vuelo)
2026-05-13 21:55:28 [INFO] browser — [live_tick] ⚡ 1.36x (en vuelo)
2026-05-13 21:55:28 [INFO] browser — [live_tick] ⚡ 1.42x (en vuelo)
2026-05-13 21:55:29 [INFO] browser — [live_tick] ⚡ 1.49x (en vuelo)
2026-05-13 21:55:29 [INFO] browser — [live_tick] ⚡ 1.57x (en vuelo)
2026-05-13 21:55:30 [INFO] browser — [live_tick] ⚡ 1.64x (en vuelo)
2026-05-13 21:55:30 [INFO] browser — [live_tick] ⚡ 1.72x (en vuelo)
2026-05-13 21:55:31 [INFO] browser — [live_tick] ⚡ 1.79x (en vuelo)
2026-05-13 21:55:31 [INFO] browser — [live_tick] ⚡ 1.90x (en vuelo)
2026-05-13 21:55:32 [INFO] browser — [live_tick] ⚡ 1.98x (en vuelo)
2026-05-13 21:55:32 [INFO] browser — [live_tick] ⚡ 2.07x (en vuelo)
2026-05-13 21:55:33 [INFO] browser — [live_tick] ⚡ 2.19x (en vuelo)
2026-05-13 21:55:33 [INFO] browser — [live_tick] ⚡ 2.29x (en vuelo)
2026-05-13 21:55:34 [INFO] browser — [live_tick] ⚡ 2.39x (en vuelo)
2026-05-13 21:55:34 [INFO] browser — [live_tick] ⚡ 2.49x (en vuelo)
2026-05-13 21:55:35 [INFO] browser — [live_tick] ⏸ entre rondas
2026-05-13 21:55:36 [DEBUG] entropy — [ENTROPÍA] score=0.127 label=estructurado structured=True dead=False
2026-05-13 21:55:36 [DEBUG] ml_clustering — [ML] contexto=neutral score=82 anomalía=1.000 similar=0 buffer=24
2026-05-13 21:55:36 [INFO] dual_engine — [DUAL ENGINE] mode=safe emit=True target=3.00x safe=51 hunter=18 moon=11 entropy=0.127
2026-05-13 21:55:36 [INFO] main_v3 — [21:55:36] 2.56x | mode=safe | safe=51 | hunter=18 | moon=11 | entropy=0.127 | comp=0.253 | tension=9
2026-05-13 21:55:36 [INFO] main_v3 — [SAFE] target=3.0x score=51.0 | score=51.0 | crash_density=13.30% | P(≥3.0x)=59.3% | std=3.99
2026-05-13 21:55:36 [INFO] main_v3 — [ENTROPÍA] Entropía baja (0.127) con run-length=0.460. Posible compresión estadística activa.
2026-05-13 21:55:36 [INFO] main_v3 — [ANOMALÍA] Contexto: NEUTRAL (score=82) | Crash density 15r=13.33% | Compresión=0.253 | Entropía=0.127 | Anomalía=1.000
2026-05-13 21:55:43 [INFO] browser — [live_tick] ⚡ 1.00x (en vuelo)
2026-05-13 21:55:44 [INFO] browser — [live_tick] ⚡ 1.04x (en vuelo)
2026-05-13 21:55:44 [INFO] browser — [live_tick] ⚡ 1.08x (en vuelo)
2026-05-13 21:55:45 [INFO] browser — [live_tick] ⚡ 1.13x (en vuelo)
2026-05-13 21:55:45 [INFO] browser — [live_tick] ⚡ 1.18x (en vuelo)
2026-05-13 21:55:46 [INFO] browser — [live_tick] ⚡ 1.27x (en vuelo)
2026-05-13 21:55:47 [INFO] browser — [live_tick] ⚡ 1.33x (en vuelo)
2026-05-13 21:55:47 [INFO] browser — [live_tick] ⚡ 1.38x (en vuelo)
2026-05-13 21:55:48 [INFO] browser — [live_tick] ⚡ 1.44x (en vuelo)
2026-05-13 21:55:48 [INFO] browser — [live_tick] ⚡ 1.51x (en vuelo)
2026-05-13 21:55:49 [INFO] browser — [live_tick] ⚡ 1.60x (en vuelo)
2026-05-13 21:55:49 [INFO] browser — [live_tick] ⚡ 1.64x (en vuelo)
2026-05-13 21:55:50 [INFO] browser — [live_tick] ⚡ 1.72x (en vuelo)
2026-05-13 21:55:50 [INFO] browser — [live_tick] ⚡ 1.79x (en vuelo)
2026-05-13 21:55:50 [INFO] browser — [live_tick] ⚡ 1.87x (en vuelo)
2026-05-13 21:55:51 [INFO] browser — [live_tick] ⚡ 1.95x (en vuelo)
2026-05-13 21:55:51 [INFO] browser — [live_tick] ⚡ 2.01x (en vuelo)
2026-05-13 21:55:52 [INFO] browser — [live_tick] ⚡ 2.13x (en vuelo)
2026-05-13 21:55:53 [INFO] browser — [live_tick] ⚡ 2.25x (en vuelo)
2026-05-13 21:55:53 [INFO] browser — [live_tick] ⚡ 2.39x (en vuelo)
2026-05-13 21:55:54 [INFO] browser — [live_tick] ⚡ 2.49x (en vuelo)
2026-05-13 21:55:54 [INFO] browser — [live_tick] ⚡ 2.60x (en vuelo)
2026-05-13 21:55:55 [INFO] browser — [live_tick] ⚡ 2.83x (en vuelo)
2026-05-13 21:55:56 [INFO] browser — [live_tick] ⚡ 2.91x (en vuelo)
2026-05-13 21:55:56 [INFO] browser — [live_tick] ⚡ 3.09x (en vuelo)
2026-05-13 21:55:56 [INFO] browser — [live_tick] ⚡ 3.22x (en vuelo)
2026-05-13 21:55:57 [INFO] browser — [live_tick] ⚡ 3.36x (en vuelo)
2026-05-13 21:55:58 [INFO] browser — [live_tick] ⚡ 3.51x (en vuelo)
2026-05-13 21:55:58 [INFO] browser — [live_tick] ⚡ 3.72x (en vuelo)
2026-05-13 21:55:59 [INFO] browser — [live_tick] ⚡ 3.88x (en vuelo)
2026-05-13 21:55:59 [INFO] browser — [live_tick] ⚡ 4.05x (en vuelo)
2026-05-13 21:56:00 [INFO] browser — [live_tick] ⚡ 4.29x (en vuelo)
2026-05-13 21:56:00 [INFO] browser — [live_tick] ⚡ 4.48x (en vuelo)
2026-05-13 21:56:01 [INFO] browser — [live_tick] ⚡ 4.67x (en vuelo)
2026-05-13 21:56:01 [INFO] browser — [live_tick] ⚡ 4.88x (en vuelo)
2026-05-13 21:56:02 [INFO] browser — [live_tick] ⚡ 5.09x (en vuelo)
2026-05-13 21:56:02 [INFO] browser — [live_tick] ⚡ 5.31x (en vuelo)
2026-05-13 21:56:03 [INFO] browser — [live_tick] ⚡ 5.55x (en vuelo)
2026-05-13 21:56:03 [INFO] browser — [live_tick] ⚡ 5.79x (en vuelo)
2026-05-13 21:56:03 [INFO] browser — [live_tick] ⚡ 6.04x (en vuelo)
2026-05-13 21:56:04 [INFO] browser — [live_tick] ⚡ 6.31x (en vuelo)
2026-05-13 21:56:04 [INFO] browser — [live_tick] ⚡ 6.59x (en vuelo)
2026-05-13 21:56:05 [INFO] browser — [live_tick] ⚡ 6.87x (en vuelo)
2026-05-13 21:56:05 [INFO] browser — [live_tick] ⚡ 7.18x (en vuelo)
2026-05-13 21:56:06 [INFO] browser — [live_tick] ⚡ 7.49x (en vuelo)
2026-05-13 21:56:06 [INFO] browser — [live_tick] ⚡ 7.82x (en vuelo)
2026-05-13 21:56:07 [INFO] browser — [live_tick] ⚡ 8.16x (en vuelo)
2026-05-13 21:56:07 [INFO] browser — [live_tick] ⚡ 8.52x (en vuelo)
2026-05-13 21:56:08 [INFO] browser — [live_tick] ⚡ 8.89x (en vuelo)
2026-05-13 21:56:08 [INFO] browser — [live_tick] ⚡ 9.28x (en vuelo)
2026-05-13 21:56:09 [INFO] browser — [live_tick] ⚡ 9.83x (en vuelo)
2026-05-13 21:56:09 [INFO] browser — [live_tick] ⚡ 10.26x (en vuelo)
2026-05-13 21:56:10 [INFO] browser — [live_tick] ⚡ 10.86x (en vuelo)
2026-05-13 21:56:11 [INFO] browser — [live_tick] ⚡ 11.34x (en vuelo)
2026-05-13 21:56:11 [INFO] browser — [live_tick] ⚡ 12.00x (en vuelo)
2026-05-13 21:56:11 [INFO] browser — [live_tick] ⚡ 12.53x (en vuelo)
2026-05-13 21:56:12 [INFO] browser — [live_tick] ⚡ 13.08x (en vuelo)
2026-05-13 21:56:12 [INFO] browser — [live_tick] ⚡ 13.65x (en vuelo)
2026-05-13 21:56:13 [INFO] browser — [live_tick] ⚡ 14.05x (en vuelo)
2026-05-13 21:56:13 [INFO] browser — [live_tick] ⚡ 14.87x (en vuelo)
2026-05-13 21:56:14 [INFO] browser — [live_tick] ⚡ 15.75x (en vuelo)
2026-05-13 21:56:15 [INFO] browser — [live_tick] ⚡ 16.68x (en vuelo)
2026-05-13 21:56:16 [INFO] browser — [live_tick] ⚡ 17.91x (en vuelo)
2026-05-13 21:56:16 [INFO] browser — [live_tick] ⚡ 19.51x (en vuelo)
2026-05-13 21:56:17 [INFO] browser — [live_tick] ⚡ 20.66x (en vuelo)
2026-05-13 21:56:18 [INFO] browser — [live_tick] ⚡ 21.57x (en vuelo)
2026-05-13 21:56:18 [INFO] browser — [live_tick] ⚡ 22.51x (en vuelo)
2026-05-13 21:56:19 [INFO] browser — [live_tick] ⚡ 23.84x (en vuelo)
2026-05-13 21:56:19 [INFO] browser — [live_tick] ⏸ entre rondas
2026-05-13 21:56:22 [INFO] analyzer — Anti-FOMO: spike 24.88x → bloqueando 3 rondas.
2026-05-13 21:56:22 [INFO] advanced_stats — [POST_SPIKE_COOLDOWN] 24.88x >= 5x → bloqueando 2 rondas
2026-05-13 21:56:23 [INFO] advanced_stats — [POST_SPIKE_COOLDOWN] 24.88x >= 8x → bloqueando 2 rondas
2026-05-13 21:56:23 [INFO] advanced_stats — [POST_SPIKE_COOLDOWN] 24.88x >= 10x → bloqueando 3 rondas
2026-05-13 21:56:23 [INFO] advanced_stats — [POST_SPIKE_COOLDOWN] 24.88x >= 20x → bloqueando 4 rondas
2026-05-13 21:56:23 [DEBUG] db_advanced — spike_distances: nivel=5x dist=5 val=24.88
2026-05-13 21:56:23 [DEBUG] db_advanced — pre_spike_context guardado: 24.88x (nivel=5x)
2026-05-13 21:56:23 [INFO] spike_tracker — [SPIKE] 24.88x >= 5x | distancia=5 rondas
2026-05-13 21:56:23 [DEBUG] db_advanced — spike_distances: nivel=8x dist=5 val=24.88
2026-05-13 21:56:23 [DEBUG] db_advanced — pre_spike_context guardado: 24.88x (nivel=8x)
2026-05-13 21:56:23 [INFO] spike_tracker — [SPIKE] 24.88x >= 8x | distancia=5 rondas
2026-05-13 21:56:23 [DEBUG] db_advanced — spike_distances: nivel=10x dist=5 val=24.88
2026-05-13 21:56:23 [DEBUG] db_advanced — pre_spike_context guardado: 24.88x (nivel=10x)
2026-05-13 21:56:23 [INFO] spike_tracker — [SPIKE] 24.88x >= 10x | distancia=5 rondas
2026-05-13 21:56:23 [DEBUG] db_advanced — spike_distances: nivel=20x dist=16 val=24.88
2026-05-13 21:56:23 [DEBUG] db_advanced — pre_spike_context guardado: 24.88x (nivel=20x)
2026-05-13 21:56:23 [INFO] spike_tracker — [SPIKE] 24.88x >= 20x | distancia=16 rondas
2026-05-13 21:56:23 [DEBUG] entropy — [ENTROPÍA] score=0.127 label=estructurado structured=True dead=False
2026-05-13 21:56:23 [DEBUG] ml_clustering — [ML] contexto=neutral score=80 anomalía=1.000 similar=2 buffer=25
2026-05-13 21:56:23 [INFO] dual_engine — [DUAL ENGINE] mode=none emit=False target=0.00x safe=32 hunter=12 moon=0 entropy=0.127
2026-05-13 21:56:23 [INFO] main_v3 — [21:56:22] 24.88x | mode=none | safe=32 | hunter=12 | moon=0 | entropy=0.127 | comp=0.253 | tension=9
2026-05-13 21:56:23 [INFO] main_v3 — [ENTROPÍA] Entropía baja (0.127) con run-length=0.460. Posible compresión estadística activa.
2026-05-13 21:56:23 [INFO] main_v3 — [ANOMALÍA] Contexto: NEUTRAL (score=80) | Crash density 15r=13.33% | Compresión=0.253 | Entropía=0.127 | Anomalía=1.000
2026-05-13 21:56:23 [INFO] main_v3 — [POST_SPIKE_COOLDOWN] Bloqueado 3 rondas tras 20x
2026-05-13 21:56:29 [INFO] browser — [live_tick] ⚡ 1.07x (en vuelo)
2026-05-13 21:56:30 [INFO] browser — [live_tick] ⚡ 1.18x (en vuelo)
2026-05-13 21:56:30 [INFO] browser — [live_tick] ⚡ 1.25x (en vuelo)
2026-05-13 21:56:31 [INFO] browser — [live_tick] ⚡ 1.31x (en vuelo)
2026-05-13 21:56:31 [INFO] browser — [live_tick] ⚡ 1.38x (en vuelo)
2026-05-13 21:56:32 [INFO] browser — [live_tick] ⚡ 1.44x (en vuelo)
2026-05-13 21:56:32 [INFO] browser — [live_tick] ⚡ 1.51x (en vuelo)
2026-05-13 21:56:33 [INFO] browser — [live_tick] ⏸ entre rondas
2026-05-13 21:56:33 [DEBUG] entropy — [ENTROPÍA] score=0.085 label=estructurado structured=True dead=False
2026-05-13 21:56:33 [DEBUG] ml_clustering — [ML] contexto=neutral score=81 anomalía=1.000 similar=3 buffer=26
2026-05-13 21:56:33 [INFO] dual_engine — [DUAL ENGINE] mode=none emit=False target=0.00x safe=30 hunter=12 moon=0 entropy=0.085
2026-05-13 21:56:33 [INFO] main_v3 — [21:56:33] 1.57x | mode=none | safe=30 | hunter=12 | moon=0 | entropy=0.085 | comp=0.253 | tension=9
2026-05-13 21:56:33 [INFO] main_v3 — [ENTROPÍA] Entropía baja (0.085) con run-length=0.440. Posible compresión estadística activa.
2026-05-13 21:56:33 [INFO] main_v3 — [ANOMALÍA] Contexto: NEUTRAL (score=81) | Crash density 15r=13.33% | Compresión=0.253 | Entropía=0.085 | Anomalía=1.000
2026-05-13 21:56:33 [INFO] main_v3 — [POST_SPIKE_COOLDOWN] Bloqueado 2 rondas tras 20x
2026-05-13 21:56:42 [INFO] browser — [live_tick] ⚡ 1.02x (en vuelo)
2026-05-13 21:56:43 [INFO] browser — [live_tick] ⚡ 1.12x (en vuelo)
2026-05-13 21:56:44 [INFO] browser — [live_tick] ⚡ 1.23x (en vuelo)
2026-05-13 21:56:46 [INFO] browser — [live_tick] ⚡ 1.38x (en vuelo)
2026-05-13 21:56:47 [INFO] browser — [live_tick] ⚡ 1.55x (en vuelo)
2026-05-13 21:56:47 [INFO] browser — [live_tick] ⚡ 1.62x (en vuelo)
2026-05-13 21:56:49 [INFO] browser — [live_tick] ⚡ 1.82x (en vuelo)
2026-05-13 21:56:49 [DEBUG] entropy — [ENTROPÍA] score=0.085 label=estructurado structured=True dead=False
2026-05-13 21:56:49 [DEBUG] ml_clustering — [ML] contexto=neutral score=81 anomalía=1.000 similar=4 buffer=27
2026-05-13 21:56:49 [INFO] dual_engine — [DUAL ENGINE] mode=none emit=False target=0.00x safe=30 hunter=12 moon=0 entropy=0.085
2026-05-13 21:56:49 [INFO] main_v3 — [21:56:49] 1.84x | mode=none | safe=30 | hunter=12 | moon=0 | entropy=0.085 | comp=0.253 | tension=9
2026-05-13 21:56:49 [INFO] main_v3 — [ENTROPÍA] Entropía baja (0.085) con run-length=0.440. Posible compresión estadística activa.
2026-05-13 21:56:49 [INFO] main_v3 — [ANOMALÍA] Contexto: NEUTRAL (score=81) | Crash density 15r=13.33% | Compresión=0.253 | Entropía=0.085 | Anomalía=1.000
2026-05-13 21:56:49 [INFO] main_v3 — [POST_SPIKE_COOLDOWN] Bloqueado 1 rondas tras 20x
2026-05-13 21:56:49 [INFO] browser — [live_tick] ⏸ entre rondas
2026-05-13 21:56:58 [INFO] browser — [live_tick] ⚡ 1.04x (en vuelo)
2026-05-13 21:56:58 [INFO] browser — [live_tick] ⚡ 1.08x (en vuelo)
2026-05-13 21:56:59 [INFO] browser — [live_tick] ⚡ 1.13x (en vuelo)
2026-05-13 21:56:59 [INFO] browser — [live_tick] ⚡ 1.20x (en vuelo)
2026-05-13 21:57:00 [INFO] browser — [live_tick] ⚡ 1.25x (en vuelo)
2026-05-13 21:57:00 [INFO] browser — [live_tick] ⚡ 1.31x (en vuelo)
2026-05-13 21:57:01 [INFO] browser — [live_tick] ⚡ 1.36x (en vuelo)
2026-05-13 21:57:01 [INFO] browser — [live_tick] ⚡ 1.42x (en vuelo)
2026-05-13 21:57:01 [INFO] browser — [live_tick] ⚡ 1.49x (en vuelo)
2026-05-13 21:57:02 [INFO] browser — [live_tick] ⚡ 1.60x (en vuelo)
2026-05-13 21:57:03 [INFO] browser — [live_tick] ⚡ 1.67x (en vuelo)
2026-05-13 21:57:03 [INFO] browser — [live_tick] ⚡ 1.74x (en vuelo)
2026-05-13 21:57:04 [INFO] browser — [live_tick] ⚡ 1.79x (en vuelo)
2026-05-13 21:57:04 [INFO] browser — [live_tick] ⚡ 1.87x (en vuelo)
2026-05-13 21:57:04 [INFO] browser — [live_tick] ⚡ 1.95x (en vuelo)
2026-05-13 21:57:05 [INFO] browser — [live_tick] ⚡ 2.04x (en vuelo)
2026-05-13 21:57:06 [INFO] browser — [live_tick] ⚡ 2.13x (en vuelo)
2026-05-13 21:57:06 [INFO] browser — [live_tick] ⚡ 2.25x (en vuelo)
2026-05-13 21:57:07 [INFO] browser — [live_tick] ⚡ 2.35x (en vuelo)
2026-05-13 21:57:07 [INFO] browser — [live_tick] ⚡ 2.45x (en vuelo)
2026-05-13 21:57:08 [INFO] browser — [live_tick] ⚡ 2.60x (en vuelo)
2026-05-13 21:57:08 [INFO] browser — [live_tick] ⚡ 2.71x (en vuelo)
2026-05-13 21:57:09 [INFO] browser — [live_tick] ⚡ 2.87x (en vuelo)
2026-05-13 21:57:09 [INFO] browser — [live_tick] ⚡ 3.00x (en vuelo)
2026-05-13 21:57:10 [INFO] browser — [live_tick] ⚡ 3.13x (en vuelo)
2026-05-13 21:57:10 [INFO] browser — [live_tick] ⚡ 3.32x (en vuelo)
2026-05-13 21:57:11 [INFO] browser — [live_tick] ⚡ 3.61x (en vuelo)
2026-05-13 21:57:12 [INFO] browser — [live_tick] ⚡ 3.77x (en vuelo)
2026-05-13 21:57:12 [INFO] browser — [live_tick] ⚡ 3.94x (en vuelo)
2026-05-13 21:57:13 [INFO] browser — [live_tick] ⚡ 4.11x (en vuelo)
2026-05-13 21:57:13 [INFO] browser — [live_tick] ⚡ 4.29x (en vuelo)
2026-05-13 21:57:14 [INFO] browser — [live_tick] ⚡ 4.54x (en vuelo)
2026-05-13 21:57:14 [INFO] browser — [live_tick] ⚡ 4.74x (en vuelo)
2026-05-13 21:57:15 [INFO] browser — [live_tick] ⚡ 4.95x (en vuelo)
2026-05-13 21:57:15 [INFO] browser — [live_tick] ⚡ 5.24x (en vuelo)
2026-05-13 21:57:16 [INFO] browser — [live_tick] ⚡ 5.47x (en vuelo)
2026-05-13 21:57:16 [INFO] browser — [live_tick] ⚡ 5.71x (en vuelo)
2026-05-13 21:57:17 [INFO] browser — [live_tick] ⚡ 5.96x (en vuelo)
2026-05-13 21:57:17 [INFO] browser — [live_tick] ⚡ 6.22x (en vuelo)
2026-05-13 21:57:18 [INFO] browser — [live_tick] ⚡ 6.49x (en vuelo)
2026-05-13 21:57:18 [INFO] browser — [live_tick] ⚡ 6.87x (en vuelo)
2026-05-13 21:57:19 [INFO] browser — [live_tick] ⚡ 7.18x (en vuelo)
2026-05-13 21:57:20 [INFO] browser — [live_tick] ⚡ 7.60x (en vuelo)
2026-05-13 21:57:20 [INFO] browser — [live_tick] ⚡ 8.05x (en vuelo)
2026-05-13 21:57:21 [INFO] browser — [live_tick] ⚡ 8.40x (en vuelo)
2026-05-13 21:57:21 [INFO] browser — [live_tick] ⚡ 8.77x (en vuelo)
2026-05-13 21:57:22 [INFO] browser — [live_tick] ⚡ 9.42x (en vuelo)
2026-05-13 21:57:22 [INFO] browser — [live_tick] ⚡ 9.83x (en vuelo)
2026-05-13 21:57:23 [INFO] browser — [live_tick] ⚡ 10.41x (en vuelo)
2026-05-13 21:57:23 [INFO] browser — [live_tick] ⚡ 10.86x (en vuelo)
2026-05-13 21:57:24 [INFO] browser — [live_tick] ⚡ 11.34x (en vuelo)
2026-05-13 21:57:24 [INFO] browser — [live_tick] ⚡ 11.83x (en vuelo)
2026-05-13 21:57:25 [INFO] browser — [live_tick] ⚡ 12.35x (en vuelo)
2026-05-13 21:57:25 [INFO] analyzer — Anti-FOMO: spike 12.89x → bloqueando 3 rondas.
2026-05-13 21:57:25 [INFO] advanced_stats — [POST_SPIKE_COOLDOWN] 12.89x >= 5x → bloqueando 2 rondas
2026-05-13 21:57:25 [INFO] advanced_stats — [POST_SPIKE_COOLDOWN] 12.89x >= 8x → bloqueando 2 rondas
2026-05-13 21:57:25 [INFO] advanced_stats — [POST_SPIKE_COOLDOWN] 12.89x >= 10x → bloqueando 3 rondas
2026-05-13 21:57:26 [DEBUG] db_advanced — spike_distances: nivel=5x dist=3 val=12.89
2026-05-13 21:57:26 [DEBUG] db_advanced — pre_spike_context guardado: 12.89x (nivel=5x)
2026-05-13 21:57:26 [INFO] spike_tracker — [SPIKE] 12.89x >= 5x | distancia=3 rondas
2026-05-13 21:57:26 [DEBUG] db_advanced — spike_distances: nivel=8x dist=3 val=12.89
2026-05-13 21:57:26 [DEBUG] db_advanced — pre_spike_context guardado: 12.89x (nivel=8x)
2026-05-13 21:57:26 [INFO] spike_tracker — [SPIKE] 12.89x >= 8x | distancia=3 rondas
2026-05-13 21:57:26 [DEBUG] db_advanced — spike_distances: nivel=10x dist=3 val=12.89
2026-05-13 21:57:26 [DEBUG] db_advanced — pre_spike_context guardado: 12.89x (nivel=10x)
2026-05-13 21:57:26 [INFO] spike_tracker — [SPIKE] 12.89x >= 10x | distancia=3 rondas
2026-05-13 21:57:26 [INFO] browser — [live_tick] ⏸ entre rondas
2026-05-13 21:57:26 [DEBUG] entropy — [ENTROPÍA] score=0.085 label=estructurado structured=True dead=False
2026-05-13 21:57:26 [DEBUG] ml_clustering — [ML] contexto=neutral score=81 anomalía=1.000 similar=5 buffer=28
2026-05-13 21:57:26 [INFO] dual_engine — [DUAL ENGINE] mode=none emit=False target=0.00x safe=32 hunter=9 moon=0 entropy=0.085
2026-05-13 21:57:26 [INFO] main_v3 — [21:57:25] 12.89x | mode=none | safe=32 | hunter=9 | moon=0 | entropy=0.085 | comp=0.156 | tension=6
2026-05-13 21:57:26 [INFO] main_v3 — [ENTROPÍA] Entropía baja (0.085) con run-length=0.440. Posible compresión estadística activa.
2026-05-13 21:57:26 [INFO] main_v3 — [ANOMALÍA] Contexto: NEUTRAL (score=81) | Crash density 15r=13.33% | Compresión=0.156 | Entropía=0.085 | Anomalía=1.000
2026-05-13 21:57:26 [INFO] main_v3 — [POST_SPIKE_COOLDOWN] Bloqueado 2 rondas tras 10x
2026-05-13 21:57:35 [INFO] browser — [live_tick] ⚡ 1.01x (en vuelo)
2026-05-13 21:57:35 [INFO] browser — [live_tick] ⚡ 1.05x (en vuelo)
2026-05-13 21:57:35 [INFO] browser — [live_tick] ⚡ 1.10x (en vuelo)
2026-05-13 21:57:36 [INFO] browser — [live_tick] ⚡ 1.15x (en vuelo)
2026-05-13 21:57:37 [INFO] browser — [live_tick] ⚡ 1.20x (en vuelo)
2026-05-13 21:57:37 [INFO] browser — [live_tick] ⚡ 1.27x (en vuelo)
2026-05-13 21:57:37 [INFO] browser — [live_tick] ⚡ 1.31x (en vuelo)
2026-05-13 21:57:38 [INFO] browser — [live_tick] ⚡ 1.38x (en vuelo)
2026-05-13 21:57:39 [INFO] browser — [live_tick] ⚡ 1.44x (en vuelo)
2026-05-13 21:57:39 [INFO] browser — [live_tick] ⚡ 1.51x (en vuelo)
2026-05-13 21:57:39 [INFO] browser — [live_tick] ⚡ 1.57x (en vuelo)
2026-05-13 21:57:40 [INFO] browser — [live_tick] ⚡ 1.64x (en vuelo)
2026-05-13 21:57:40 [INFO] browser — [live_tick] ⚡ 1.72x (en vuelo)
2026-05-13 21:57:41 [INFO] browser — [live_tick] ⚡ 1.77x (en vuelo)
2026-05-13 21:57:41 [INFO] browser — [live_tick] ⚡ 1.90x (en vuelo)
2026-05-13 21:57:42 [INFO] browser — [live_tick] ⚡ 1.95x (en vuelo)
2026-05-13 21:57:42 [INFO] browser — [live_tick] ⚡ 2.04x (en vuelo)
2026-05-13 21:57:43 [INFO] browser — [live_tick] ⚡ 2.13x (en vuelo)
2026-05-13 21:57:43 [INFO] browser — [live_tick] ⚡ 2.19x (en vuelo)
2026-05-13 21:57:44 [INFO] browser — [live_tick] ⚡ 2.29x (en vuelo)
2026-05-13 21:57:44 [INFO] browser — [live_tick] ⚡ 2.39x (en vuelo)
2026-05-13 21:57:45 [INFO] browser — [live_tick] ⚡ 2.53x (en vuelo)
2026-05-13 21:57:45 [INFO] browser — [live_tick] ⚡ 2.67x (en vuelo)
2026-05-13 21:57:46 [INFO] browser — [live_tick] ⚡ 2.75x (en vuelo)
2026-05-13 21:57:46 [INFO] browser — [live_tick] ⚡ 2.91x (en vuelo)
2026-05-13 21:57:47 [INFO] browser — [live_tick] ⚡ 3.00x (en vuelo)
2026-05-13 21:57:47 [INFO] browser — [live_tick] ⚡ 3.13x (en vuelo)
2026-05-13 21:57:48 [INFO] browser — [live_tick] ⚡ 3.32x (en vuelo)
2026-05-13 21:57:49 [INFO] browser — [live_tick] ⚡ 3.66x (en vuelo)
2026-05-13 21:57:50 [INFO] browser — [live_tick] ⚡ 3.88x (en vuelo)
2026-05-13 21:57:50 [INFO] browser — [live_tick] ⚡ 4.05x (en vuelo)
2026-05-13 21:57:51 [INFO] browser — [live_tick] ⚡ 4.23x (en vuelo)
2026-05-13 21:57:51 [INFO] browser — [live_tick] ⚡ 4.48x (en vuelo)
2026-05-13 21:57:52 [INFO] browser — [live_tick] ⚡ 4.81x (en vuelo)
2026-05-13 21:57:52 [INFO] browser — [live_tick] ⚡ 5.02x (en vuelo)
2026-05-13 21:57:53 [INFO] browser — [live_tick] ⚡ 5.31x (en vuelo)
2026-05-13 21:57:53 [INFO] browser — [live_tick] ⚡ 5.55x (en vuelo)
2026-05-13 21:57:54 [INFO] browser — [live_tick] ⚡ 5.79x (en vuelo)
2026-05-13 21:57:55 [INFO] browser — [live_tick] ⚡ 6.13x (en vuelo)
2026-05-13 21:57:55 [INFO] browser — [live_tick] ⚡ 6.40x (en vuelo)
2026-05-13 21:57:56 [INFO] browser — [live_tick] ⚡ 6.78x (en vuelo)
2026-05-13 21:57:56 [INFO] browser — [live_tick] ⚡ 7.07x (en vuelo)
2026-05-13 21:57:57 [INFO] browser — [live_tick] ⚡ 7.38x (en vuelo)
2026-05-13 21:57:58 [INFO] browser — [live_tick] ⚡ 7.93x (en vuelo)
2026-05-13 21:57:58 [INFO] browser — [live_tick] ⚡ 8.40x (en vuelo)
2026-05-13 21:57:59 [INFO] browser — [live_tick] ⚡ 8.89x (en vuelo)
2026-05-13 21:57:59 [INFO] browser — [live_tick] ⚡ 9.28x (en vuelo)
2026-05-13 21:58:00 [INFO] browser — [live_tick] ⚡ 9.69x (en vuelo)
2026-05-13 21:58:00 [INFO] browser — [live_tick] ⚡ 10.11x (en vuelo)
2026-05-13 21:58:01 [INFO] browser — [live_tick] ⚡ 10.56x (en vuelo)
2026-05-13 21:58:01 [INFO] browser — [live_tick] ⚡ 11.02x (en vuelo)
2026-05-13 21:58:02 [INFO] browser — [live_tick] ⚡ 11.67x (en vuelo)
2026-05-13 21:58:02 [INFO] browser — [live_tick] ⚡ 12.18x (en vuelo)
2026-05-13 21:58:03 [INFO] browser — [live_tick] ⚡ 12.71x (en vuelo)
2026-05-13 21:58:03 [INFO] browser — [live_tick] ⚡ 13.27x (en vuelo)
2026-05-13 21:58:04 [INFO] browser — [live_tick] ⚡ 13.85x (en vuelo)
2026-05-13 21:58:04 [INFO] browser — [live_tick] ⚡ 14.25x (en vuelo)
2026-05-13 21:58:04 [INFO] browser — [live_tick] ⚡ 14.87x (en vuelo)
2026-05-13 21:58:05 [INFO] browser — [live_tick] ⚡ 15.53x (en vuelo)
2026-05-13 21:58:05 [INFO] browser — [live_tick] ⚡ 15.98x (en vuelo)
2026-05-13 21:58:06 [INFO] browser — [live_tick] ⚡ 16.68x (en vuelo)
2026-05-13 21:58:06 [INFO] browser — [live_tick] ⚡ 17.16x (en vuelo)
2026-05-13 21:58:07 [INFO] browser — [live_tick] ⚡ 17.91x (en vuelo)
2026-05-13 21:58:07 [INFO] browser — [live_tick] ⚡ 18.70x (en vuelo)
2026-05-13 21:58:07 [INFO] browser — [live_tick] ⚡ 19.24x (en vuelo)
2026-05-13 21:58:08 [INFO] browser — [live_tick] ⚡ 20.37x (en vuelo)
2026-05-13 21:58:08 [INFO] browser — [live_tick] ⚡ 21.26x (en vuelo)
2026-05-13 21:58:09 [INFO] browser — [live_tick] ⚡ 21.88x (en vuelo)
2026-05-13 21:58:09 [INFO] browser — [live_tick] ⚡ 22.84x (en vuelo)
2026-05-13 21:58:10 [INFO] browser — [live_tick] ⚡ 23.84x (en vuelo)
2026-05-13 21:58:10 [INFO] browser — [live_tick] ⏸ entre rondas
2026-05-13 21:58:12 [INFO] analyzer — Anti-FOMO: spike 24.18x → bloqueando 3 rondas.
2026-05-13 21:58:12 [INFO] advanced_stats — [POST_SPIKE_COOLDOWN] 24.18x >= 5x → bloqueando 2 rondas
2026-05-13 21:58:12 [INFO] advanced_stats — [POST_SPIKE_COOLDOWN] 24.18x >= 8x → bloqueando 2 rondas
2026-05-13 21:58:12 [INFO] advanced_stats — [POST_SPIKE_COOLDOWN] 24.18x >= 10x → bloqueando 3 rondas
2026-05-13 21:58:12 [INFO] advanced_stats — [POST_SPIKE_COOLDOWN] 24.18x >= 20x → bloqueando 4 rondas
2026-05-13 21:58:12 [DEBUG] db_advanced — spike_distances: nivel=5x dist=1 val=24.18
2026-05-13 21:58:12 [DEBUG] db_advanced — pre_spike_context guardado: 24.18x (nivel=5x)
2026-05-13 21:58:12 [INFO] spike_tracker — [SPIKE] 24.18x >= 5x | distancia=1 rondas
2026-05-13 21:58:12 [DEBUG] db_advanced — spike_distances: nivel=8x dist=1 val=24.18
2026-05-13 21:58:13 [DEBUG] db_advanced — pre_spike_context guardado: 24.18x (nivel=8x)
2026-05-13 21:58:13 [INFO] spike_tracker — [SPIKE] 24.18x >= 8x | distancia=1 rondas
2026-05-13 21:58:13 [DEBUG] db_advanced — spike_distances: nivel=10x dist=1 val=24.18
2026-05-13 21:58:13 [DEBUG] db_advanced — pre_spike_context guardado: 24.18x (nivel=10x)
2026-05-13 21:58:13 [INFO] spike_tracker — [SPIKE] 24.18x >= 10x | distancia=1 rondas
2026-05-13 21:58:13 [DEBUG] db_advanced — spike_distances: nivel=20x dist=4 val=24.18
2026-05-13 21:58:13 [DEBUG] db_advanced — pre_spike_context guardado: 24.18x (nivel=20x)
2026-05-13 21:58:13 [INFO] spike_tracker — [SPIKE] 24.18x >= 20x | distancia=4 rondas
2026-05-13 21:58:13 [DEBUG] entropy — [ENTROPÍA] score=0.085 label=estructurado structured=True dead=False
2026-05-13 21:58:13 [DEBUG] ml_clustering — [ML] contexto=neutral score=80 anomalía=1.000 similar=6 buffer=29
2026-05-13 21:58:13 [INFO] dual_engine — [DUAL ENGINE] mode=none emit=False target=0.00x safe=28 hunter=9 moon=0 entropy=0.085
2026-05-13 21:58:13 [INFO] main_v3 — [21:58:12] 24.18x | mode=none | safe=28 | hunter=9 | moon=0 | entropy=0.085 | comp=0.156 | tension=6
2026-05-13 21:58:13 [INFO] main_v3 — [ENTROPÍA] Entropía baja (0.085) con run-length=0.440. Posible compresión estadística activa.
2026-05-13 21:58:13 [INFO] main_v3 — [ANOMALÍA] Contexto: NEUTRAL (score=80) | Crash density 15r=13.33% | Compresión=0.156 | Entropía=0.085 | Anomalía=1.000
2026-05-13 21:58:13 [INFO] main_v3 — [POST_SPIKE_COOLDOWN] Bloqueado 3 rondas tras 20x
2026-05-13 21:58:19 [INFO] browser — [live_tick] ⚡ 1.02x (en vuelo)
2026-05-13 21:58:20 [INFO] browser — [live_tick] ⚡ 1.07x (en vuelo)
2026-05-13 21:58:20 [INFO] browser — [live_tick] ⚡ 1.12x (en vuelo)
2026-05-13 21:58:21 [INFO] browser — [live_tick] ⚡ 1.17x (en vuelo)
2026-05-13 21:58:21 [INFO] browser — [live_tick] ⚡ 1.23x (en vuelo)
2026-05-13 21:58:22 [INFO] browser — [live_tick] ⚡ 1.29x (en vuelo)
2026-05-13 21:58:22 [INFO] browser — [live_tick] ⏸ entre rondas
2026-05-13 21:58:23 [INFO] advanced_stats — [PRE-SPIKE DETECTADO] Contexto similar a previo a 5x (n=46 muestras | avg_low=31.70%)
2026-05-13 21:58:23 [INFO] advanced_stats — [PRE-SPIKE DETECTADO] Contexto similar a previo a 10x (n=23 muestras | avg_low=30.30%)
2026-05-13 21:58:23 [INFO] advanced_stats — [PRE-SPIKE DETECTADO] Contexto similar a previo a 20x (n=11 muestras | avg_low=31.20%)
2026-05-13 21:58:23 [DEBUG] entropy — [ENTROPÍA] score=0.085 label=estructurado structured=True dead=False
2026-05-13 21:58:23 [DEBUG] ml_clustering — [ML] contexto=neutral score=79 anomalía=1.000 similar=7 buffer=30
2026-05-13 21:58:23 [INFO] dual_engine — [DUAL ENGINE] mode=none emit=False target=0.00x safe=26 hunter=50 moon=40 entropy=0.085
2026-05-13 21:58:23 [INFO] main_v3 — [21:58:23] 1.33x | mode=none | safe=26 | hunter=50 | moon=40 | entropy=0.085 | comp=0.181 | tension=6
2026-05-13 21:58:23 [INFO] main_v3 — [ENTROPÍA] Entropía baja (0.085) con run-length=0.440. Posible compresión estadística activa.
2026-05-13 21:58:23 [INFO] main_v3 — [ANOMALÍA] Contexto: NEUTRAL (score=79) | Crash density 15r=20.00% | Compresión=0.181 | Entropía=0.085 | Anomalía=1.000
2026-05-13 21:58:23 [INFO] main_v3 — [POST_SPIKE_COOLDOWN] Bloqueado 2 rondas tras 20x
2026-05-13 21:58:23 [INFO] main_v3 — [PRE-SPIKE DETECTADO] Contexto similar a previo a 5x (n=46 muestras | avg_low=31.70%)
2026-05-13 21:58:23 [INFO] main_v3 — [PRE-SPIKE DETECTADO] Contexto similar a previo a 10x (n=23 muestras | avg_low=30.30%)
2026-05-13 21:58:23 [INFO] main_v3 — [PRE-SPIKE DETECTADO] Contexto similar a previo a 20x (n=11 muestras | avg_low=31.20%)
2026-05-13 21:58:31 [INFO] browser — [live_tick] ⚡ 1.01x (en vuelo)
2026-05-13 21:58:32 [INFO] browser — [live_tick] ⚡ 1.05x (en vuelo)
2026-05-13 21:58:32 [INFO] browser — [live_tick] ⚡ 1.10x (en vuelo)
2026-05-13 21:58:33 [INFO] browser — [live_tick] ⚡ 1.15x (en vuelo)
2026-05-13 21:58:33 [INFO] browser — [live_tick] ⚡ 1.20x (en vuelo)
2026-05-13 21:58:34 [INFO] browser — [live_tick] ⏸ entre rondas
2026-05-13 21:58:36 [INFO] advanced_stats — [PRE-SPIKE DETECTADO] Contexto similar a previo a 5x (n=46 muestras | avg_low=31.80%)
2026-05-13 21:58:36 [INFO] advanced_stats — [PRE-SPIKE DETECTADO] Contexto similar a previo a 10x (n=23 muestras | avg_low=30.60%)
2026-05-13 21:58:36 [INFO] advanced_stats — [PRE-SPIKE DETECTADO] Contexto similar a previo a 20x (n=11 muestras | avg_low=31.50%)
2026-05-13 21:58:36 [DEBUG] entropy — [ENTROPÍA] score=0.085 label=estructurado structured=True dead=False
2026-05-13 21:58:36 [DEBUG] ml_clustering — [ML] contexto=neutral score=78 anomalía=1.000 similar=8 buffer=31
2026-05-13 21:58:36 [INFO] dual_engine — [DUAL ENGINE] mode=none emit=False target=0.00x safe=25 hunter=52 moon=40 entropy=0.085
2026-05-13 21:58:36 [INFO] main_v3 — [21:58:36] 1.22x | mode=none | safe=25 | hunter=52 | moon=40 | entropy=0.085 | comp=0.278 | tension=10
2026-05-13 21:58:36 [INFO] main_v3 — [ENTROPÍA] Entropía baja (0.085) con run-length=0.460. Posible compresión estadística activa.
2026-05-13 21:58:36 [INFO] main_v3 — [ANOMALÍA] Contexto: NEUTRAL (score=78) | Crash density 15r=26.67% | Compresión=0.278 | Entropía=0.085 | Anomalía=1.000
2026-05-13 21:58:36 [INFO] main_v3 — [POST_SPIKE_COOLDOWN] Bloqueado 1 rondas tras 20x
2026-05-13 21:58:36 [INFO] main_v3 — [PRE-SPIKE DETECTADO] Contexto similar a previo a 5x (n=46 muestras | avg_low=31.80%)
2026-05-13 21:58:36 [INFO] main_v3 — [PRE-SPIKE DETECTADO] Contexto similar a previo a 10x (n=23 muestras | avg_low=30.60%)
2026-05-13 21:58:36 [INFO] main_v3 — [PRE-SPIKE DETECTADO] Contexto similar a previo a 20x (n=11 muestras | avg_low=31.50%)
2026-05-13 21:58:42 [INFO] browser — [live_tick] ⚡ 1.00x (en vuelo)
2026-05-13 21:58:43 [INFO] browser — [live_tick] ⚡ 1.04x (en vuelo)
2026-05-13 21:58:43 [INFO] browser — [live_tick] ⚡ 1.08x (en vuelo)
2026-05-13 21:58:43 [INFO] browser — [live_tick] ⚡ 1.13x (en vuelo)
2026-05-13 21:58:44 [INFO] browser — [live_tick] ⚡ 1.18x (en vuelo)
2026-05-13 21:58:44 [INFO] browser — [live_tick] ⚡ 1.23x (en vuelo)
2026-05-13 21:58:45 [INFO] browser — [live_tick] ⚡ 1.29x (en vuelo)
2026-05-13 21:58:46 [INFO] browser — [live_tick] ⏸ entre rondas
2026-05-13 21:58:47 [INFO] advanced_stats — [PRE-SPIKE DETECTADO] Contexto similar a previo a 5x (n=45 muestras | avg_low=32.20%)
2026-05-13 21:58:47 [INFO] advanced_stats — [PRE-SPIKE DETECTADO] Contexto similar a previo a 10x (n=22 muestras | avg_low=31.30%)
2026-05-13 21:58:47 [INFO] advanced_stats — [PRE-SPIKE DETECTADO] Contexto similar a previo a 20x (n=10 muestras | avg_low=32.90%)
2026-05-13 21:58:48 [DEBUG] entropy — [ENTROPÍA] score=0.085 label=estructurado structured=True dead=False
2026-05-13 21:58:48 [DEBUG] ml_clustering — [ML] contexto=neutral score=77 anomalía=1.000 similar=8 buffer=32
2026-05-13 21:58:48 [INFO] dual_engine — [DUAL ENGINE] mode=moon emit=True target=10.00x safe=21 hunter=57 moon=59 entropy=0.085
2026-05-13 21:58:48 [INFO] main_v3 — [21:58:47] 1.33x | mode=moon | safe=21 | hunter=57 | moon=59 | entropy=0.085 | comp=0.206 | tension=7
2026-05-13 21:58:48 [INFO] main_v3 — [MOON] target=10.0x score=59 | mode=moon score=59
2026-05-13 21:58:48 [INFO] main_v3 — [ENTROPÍA] Entropía baja (0.085) con run-length=0.460. Posible compresión estadística activa.
2026-05-13 21:58:48 [INFO] main_v3 — [ANOMALÍA] Contexto: NEUTRAL (score=77) | Crash density 15r=33.33% | Compresión=0.206 | Entropía=0.085 | Anomalía=1.000
2026-05-13 21:58:48 [INFO] main_v3 — [PRE-SPIKE DETECTADO] Contexto similar a previo a 5x (n=45 muestras | avg_low=32.20%)
2026-05-13 21:58:48 [INFO] main_v3 — [PRE-SPIKE DETECTADO] Contexto similar a previo a 10x (n=22 muestras | avg_low=31.30%)
2026-05-13 21:58:48 [INFO] main_v3 — [PRE-SPIKE DETECTADO] Contexto similar a previo a 20x (n=10 muestras | avg_low=32.90%)
2026-05-13 21:58:51 [INFO] main_v3 — 🚫 IA bloqueó señal | reason='solo 1/5 factores — insuficiente' mode=moon target=10.0x
2026-05-13 21:58:55 [INFO] browser — [live_tick] ⚡ 1.07x (en vuelo)
2026-05-13 21:58:56 [INFO] browser — [live_tick] ⚡ 1.17x (en vuelo)
2026-05-13 21:58:57 [INFO] browser — [live_tick] ⚡ 1.23x (en vuelo)
2026-05-13 21:58:57 [INFO] browser — [live_tick] ⚡ 1.31x (en vuelo)
2026-05-13 21:58:58 [INFO] browser — [live_tick] ⚡ 1.36x (en vuelo)
2026-05-13 21:58:58 [INFO] browser — [live_tick] ⚡ 1.44x (en vuelo)
2026-05-13 21:58:59 [INFO] browser — [live_tick] ⏸ entre rondas
2026-05-13 21:58:59 [INFO] advanced_stats — [PRE-SPIKE DETECTADO] Contexto similar a previo a 5x (n=45 muestras | avg_low=32.40%)
2026-05-13 21:58:59 [INFO] advanced_stats — [PRE-SPIKE DETECTADO] Contexto similar a previo a 10x (n=22 muestras | avg_low=31.70%)
2026-05-13 21:58:59 [INFO] advanced_stats — [PRE-SPIKE DETECTADO] Contexto similar a previo a 20x (n=10 muestras | avg_low=33.10%)
2026-05-13 21:58:59 [DEBUG] entropy — [ENTROPÍA] score=0.085 label=estructurado structured=True dead=False
2026-05-13 21:58:59 [DEBUG] ml_clustering — [ML] contexto=neutral score=77 anomalía=1.000 similar=9 buffer=33
2026-05-13 21:58:59 [INFO] dual_engine — [DUAL ENGINE] mode=moon emit=True target=10.00x safe=20 hunter=57 moon=59 entropy=0.085
2026-05-13 21:58:59 [INFO] main_v3 — [21:58:59] 1.47x | mode=moon | safe=20 | hunter=57 | moon=59 | entropy=0.085 | comp=0.231 | tension=8
2026-05-13 21:58:59 [INFO] main_v3 — [MOON] target=10.0x score=59 | mode=moon score=59
2026-05-13 21:58:59 [INFO] main_v3 — [ENTROPÍA] Entropía baja (0.085) con run-length=0.480. Posible compresión estadística activa.
2026-05-13 21:58:59 [INFO] main_v3 — [ANOMALÍA] Contexto: NEUTRAL (score=77) | Crash density 15r=33.33% | Compresión=0.231 | Entropía=0.085 | Anomalía=1.000
2026-05-13 21:58:59 [INFO] main_v3 — [PRE-SPIKE DETECTADO] Contexto similar a previo a 5x (n=45 muestras | avg_low=32.40%)
2026-05-13 21:58:59 [INFO] main_v3 — [PRE-SPIKE DETECTADO] Contexto similar a previo a 10x (n=22 muestras | avg_low=31.70%)
2026-05-13 21:58:59 [INFO] main_v3 — [PRE-SPIKE DETECTADO] Contexto similar a previo a 20x (n=10 muestras | avg_low=33.10%)
2026-05-13 21:59:10 [INFO] advanced_stats — [PRE-SPIKE DETECTADO] Contexto similar a previo a 5x (n=45 muestras | avg_low=32.60%)
2026-05-13 21:59:10 [INFO] advanced_stats — [PRE-SPIKE DETECTADO] Contexto similar a previo a 10x (n=22 muestras | avg_low=32.10%)
2026-05-13 21:59:10 [INFO] advanced_stats — [PRE-SPIKE DETECTADO] Contexto similar a previo a 20x (n=10 muestras | avg_low=33.30%)
2026-05-13 21:59:10 [DEBUG] entropy — [ENTROPÍA] score=0.085 label=estructurado structured=True dead=False
2026-05-13 21:59:10 [DEBUG] ml_clustering — [ML] contexto=neutral score=76 anomalía=1.000 similar=3 buffer=34
2026-05-13 21:59:10 [INFO] dual_engine — [DUAL ENGINE] mode=moon emit=True target=10.00x safe=20 hunter=64 moon=49 entropy=0.085
2026-05-13 21:59:10 [INFO] main_v3 — [21:59:09] 1.02x | mode=moon | safe=20 | hunter=64 | moon=49 | entropy=0.085 | comp=0.328 | tension=12
2026-05-13 21:59:10 [INFO] main_v3 — [MOON] target=10.0x score=49 | mode=moon score=49
2026-05-13 21:59:10 [INFO] main_v3 — [ENTROPÍA] Entropía baja (0.085) con run-length=0.500. Posible compresión estadística activa.
2026-05-13 21:59:10 [INFO] main_v3 — [ANOMALÍA] Contexto: NEUTRAL (score=76) | Crash density 15r=40.00% | Compresión=0.328 | Entropía=0.085 | Anomalía=1.000
2026-05-13 21:59:10 [INFO] main_v3 — [PRE-SPIKE DETECTADO] Contexto similar a previo a 5x (n=45 muestras | avg_low=32.60%)
2026-05-13 21:59:10 [INFO] main_v3 — [PRE-SPIKE DETECTADO] Contexto similar a previo a 10x (n=22 muestras | avg_low=32.10%)
2026-05-13 21:59:10 [INFO] main_v3 — [PRE-SPIKE DETECTADO] Contexto similar a previo a 20x (n=10 muestras | avg_low=33.30%)
2026-05-13 21:59:16 [INFO] browser — [live_tick] ⚡ 1.00x (en vuelo)
2026-05-13 21:59:17 [INFO] browser — [live_tick] ⚡ 1.04x (en vuelo)
2026-05-13 21:59:17 [INFO] browser — [live_tick] ⚡ 1.08x (en vuelo)
2026-05-13 21:59:18 [INFO] browser — [live_tick] ⚡ 1.13x (en vuelo)
2026-05-13 21:59:18 [INFO] browser — [live_tick] ⚡ 1.17x (en vuelo)
2026-05-13 21:59:19 [INFO] browser — [live_tick] ⚡ 1.22x (en vuelo)
2026-05-13 21:59:19 [INFO] browser — [live_tick] ⚡ 1.27x (en vuelo)
2026-05-13 21:59:20 [INFO] browser — [live_tick] ⚡ 1.33x (en vuelo)
2026-05-13 21:59:20 [INFO] browser — [live_tick] ⚡ 1.38x (en vuelo)
2026-05-13 21:59:20 [INFO] browser — [live_tick] ⚡ 1.42x (en vuelo)
2026-05-13 21:59:21 [INFO] browser — [live_tick] ⚡ 1.49x (en vuelo)
2026-05-13 21:59:21 [INFO] browser — [live_tick] ⚡ 1.55x (en vuelo)
2026-05-13 21:59:22 [INFO] browser — [live_tick] ⚡ 1.62x (en vuelo)
2026-05-13 21:59:22 [INFO] browser — [live_tick] ⚡ 1.69x (en vuelo)
2026-05-13 21:59:23 [INFO] browser — [live_tick] ⚡ 1.77x (en vuelo)
2026-05-13 21:59:23 [INFO] browser — [live_tick] ⚡ 1.82x (en vuelo)
2026-05-13 21:59:24 [INFO] browser — [live_tick] ⏸ entre rondas
2026-05-13 21:59:26 [INFO] advanced_stats — [PRE-SPIKE DETECTADO] Contexto similar a previo a 5x (n=45 muestras | avg_low=32.00%)
2026-05-13 21:59:26 [INFO] advanced_stats — [PRE-SPIKE DETECTADO] Contexto similar a previo a 10x (n=22 muestras | avg_low=31.20%)
2026-05-13 21:59:26 [INFO] advanced_stats — [PRE-SPIKE DETECTADO] Contexto similar a previo a 20x (n=10 muestras | avg_low=32.70%)
2026-05-13 21:59:26 [DEBUG] entropy — [ENTROPÍA] score=0.085 label=estructurado structured=True dead=False
2026-05-13 21:59:26 [DEBUG] ml_clustering — [ML] contexto=neutral score=76 anomalía=1.000 similar=4 buffer=35
2026-05-13 21:59:26 [INFO] dual_engine — [DUAL ENGINE] mode=moon emit=True target=10.00x safe=20 hunter=64 moon=45 entropy=0.085
2026-05-13 21:59:26 [INFO] main_v3 — [21:59:26] 1.90x | mode=moon | safe=20 | hunter=64 | moon=45 | entropy=0.085 | comp=0.328 | tension=13
2026-05-13 21:59:26 [INFO] main_v3 — [MOON] target=10.0x score=45 | binary_rareness=0.400
2026-05-13 21:59:26 [INFO] main_v3 — [ENTROPÍA] Entropía baja (0.085) con run-length=0.520. Posible compresión estadística activa.
2026-05-13 21:59:26 [INFO] main_v3 — [BINARIO] rareness=0.400 | longest_zero_run=6
2026-05-13 21:59:27 [INFO] main_v3 — [ANOMALÍA] Contexto: NEUTRAL (score=76) | Crash density 15r=40.00% | Compresión=0.328 | Entropía=0.085 | Anomalía=1.000
2026-05-13 21:59:27 [INFO] main_v3 — [PRE-SPIKE DETECTADO] Contexto similar a previo a 5x (n=45 muestras | avg_low=32.00%)
2026-05-13 21:59:27 [INFO] main_v3 — [PRE-SPIKE DETECTADO] Contexto similar a previo a 10x (n=22 muestras | avg_low=31.20%)
2026-05-13 21:59:27 [INFO] main_v3 — [PRE-SPIKE DETECTADO] Contexto similar a previo a 20x (n=10 muestras | avg_low=32.70%)
2026-05-13 21:59:33 [INFO] browser — [live_tick] ⚡ 1.01x (en vuelo)
2026-05-13 21:59:33 [INFO] browser — [live_tick] ⚡ 1.05x (en vuelo)
2026-05-13 21:59:34 [INFO] browser — [live_tick] ⚡ 1.10x (en vuelo)
2026-05-13 21:59:34 [INFO] browser — [live_tick] ⚡ 1.13x (en vuelo)
2026-05-13 21:59:35 [INFO] browser — [live_tick] ⚡ 1.20x (en vuelo)
2026-05-13 21:59:35 [INFO] browser — [live_tick] ⚡ 1.27x (en vuelo)
2026-05-13 21:59:36 [INFO] browser — [live_tick] ⚡ 1.31x (en vuelo)
2026-05-13 21:59:37 [INFO] browser — [live_tick] ⚡ 1.47x (en vuelo)
2026-05-13 21:59:37 [INFO] browser — [live_tick] ⚡ 1.53x (en vuelo)
2026-05-13 21:59:38 [INFO] browser — [live_tick] ⚡ 1.60x (en vuelo)
2026-05-13 21:59:38 [INFO] browser — [live_tick] ⚡ 1.64x (en vuelo)
2026-05-13 21:59:39 [INFO] browser — [live_tick] ⚡ 1.72x (en vuelo)
2026-05-13 21:59:39 [INFO] browser — [live_tick] ⚡ 1.79x (en vuelo)
2026-05-13 21:59:40 [INFO] browser — [live_tick] ⚡ 1.87x (en vuelo)
2026-05-13 21:59:40 [INFO] browser — [live_tick] ⚡ 1.95x (en vuelo)
2026-05-13 21:59:41 [INFO] browser — [live_tick] ⚡ 2.04x (en vuelo)
2026-05-13 21:59:41 [INFO] browser — [live_tick] ⚡ 2.13x (en vuelo)
2026-05-13 21:59:42 [INFO] browser — [live_tick] ⚡ 2.22x (en vuelo)
2026-05-13 21:59:42 [INFO] browser — [live_tick] ⚡ 2.32x (en vuelo)
2026-05-13 21:59:43 [INFO] browser — [live_tick] ⚡ 2.45x (en vuelo)
2026-05-13 21:59:43 [INFO] browser — [live_tick] ⚡ 2.56x (en vuelo)
2026-05-13 21:59:44 [INFO] browser — [live_tick] ⚡ 2.71x (en vuelo)
2026-05-13 21:59:44 [INFO] browser — [live_tick] ⚡ 2.79x (en vuelo)
2026-05-13 21:59:45 [INFO] browser — [live_tick] ⚡ 2.91x (en vuelo)
2026-05-13 21:59:45 [INFO] browser — [live_tick] ⚡ 3.09x (en vuelo)
2026-05-13 21:59:46 [INFO] browser — [live_tick] ⚡ 3.22x (en vuelo)
2026-05-13 21:59:46 [INFO] browser — [live_tick] ⏸ entre rondas
2026-05-13 21:59:47 [INFO] advanced_stats — [PRE-SPIKE DETECTADO] Contexto similar a previo a 5x (n=45 muestras | avg_low=32.30%)
2026-05-13 21:59:47 [INFO] advanced_stats — [PRE-SPIKE DETECTADO] Contexto similar a previo a 10x (n=22 muestras | avg_low=31.70%)
2026-05-13 21:59:47 [INFO] advanced_stats — [PRE-SPIKE DETECTADO] Contexto similar a previo a 20x (n=10 muestras | avg_low=33.00%)
2026-05-13 21:59:47 [DEBUG] entropy — [ENTROPÍA] score=0.085 label=estructurado structured=True dead=False
2026-05-13 21:59:47 [DEBUG] ml_clustering — [ML] contexto=neutral score=76 anomalía=1.000 similar=5 buffer=36
2026-05-13 21:59:47 [INFO] dual_engine — [DUAL ENGINE] mode=moon emit=True target=10.00x safe=26 hunter=64 moon=45 entropy=0.085
2026-05-13 21:59:47 [INFO] main_v3 — [21:59:47] 3.36x | mode=moon | safe=26 | hunter=64 | moon=45 | entropy=0.085 | comp=0.328 | tension=13
2026-05-13 21:59:47 [INFO] main_v3 — [MOON] target=10.0x score=45 | binary_rareness=0.400
2026-05-13 21:59:47 [INFO] main_v3 — [ENTROPÍA] Entropía baja (0.085) con run-length=0.500. Posible compresión estadística activa.
2026-05-13 21:59:47 [INFO] main_v3 — [BINARIO] rareness=0.400 | longest_zero_run=6
2026-05-13 21:59:47 [INFO] main_v3 — [ANOMALÍA] Contexto: NEUTRAL (score=76) | Crash density 15r=40.00% | Compresión=0.328 | Entropía=0.085 | Anomalía=1.000
2026-05-13 21:59:47 [INFO] main_v3 — [PRE-SPIKE DETECTADO] Contexto similar a previo a 5x (n=45 muestras | avg_low=32.30%)
2026-05-13 21:59:47 [INFO] main_v3 — [PRE-SPIKE DETECTADO] Contexto similar a previo a 10x (n=22 muestras | avg_low=31.70%)
2026-05-13 21:59:47 [INFO] main_v3 — [PRE-SPIKE DETECTADO] Contexto similar a previo a 20x (n=10 muestras | avg_low=33.00%)
2026-05-13 21:59:55 [INFO] browser — [live_tick] ⚡ 1.00x (en vuelo)
2026-05-13 21:59:55 [INFO] browser — [live_tick] ⚡ 1.04x (en vuelo)
2026-05-13 21:59:56 [INFO] browser — [live_tick] ⚡ 1.08x (en vuelo)
2026-05-13 21:59:56 [INFO] browser — [live_tick] ⚡ 1.13x (en vuelo)
2026-05-13 21:59:57 [INFO] browser — [live_tick] ⚡ 1.17x (en vuelo)
2026-05-13 21:59:57 [INFO] browser — [live_tick] ⚡ 1.23x (en vuelo)
2026-05-13 21:59:58 [INFO] browser — [live_tick] ⚡ 1.31x (en vuelo)
2026-05-13 21:59:58 [INFO] browser — [live_tick] ⚡ 1.38x (en vuelo)
2026-05-13 21:59:59 [INFO] browser — [live_tick] ⚡ 1.51x (en vuelo)
2026-05-13 22:00:00 [INFO] browser — [live_tick] ⚡ 1.60x (en vuelo)
2026-05-13 22:00:01 [INFO] browser — [live_tick] ⚡ 1.67x (en vuelo)
2026-05-13 22:00:01 [INFO] browser — [live_tick] ⚡ 1.77x (en vuelo)
2026-05-13 22:00:02 [INFO] browser — [live_tick] ⚡ 1.87x (en vuelo)
2026-05-13 22:00:03 [INFO] browser — [live_tick] ⏸ entre rondas
2026-05-13 22:00:04 [INFO] advanced_stats — [PRE-SPIKE DETECTADO] Contexto similar a previo a 5x (n=44 muestras | avg_low=32.40%)
2026-05-13 22:00:04 [INFO] advanced_stats — [PRE-SPIKE DETECTADO] Contexto similar a previo a 10x (n=21 muestras | avg_low=31.60%)
2026-05-13 22:00:04 [INFO] advanced_stats — [PRE-SPIKE DETECTADO] Contexto similar a previo a 20x (n=10 muestras | avg_low=33.30%)
2026-05-13 22:00:04 [DEBUG] entropy — [ENTROPÍA] score=0.085 label=estructurado structured=True dead=False
2026-05-13 22:00:04 [DEBUG] ml_clustering — [ML] contexto=neutral score=77 anomalía=1.000 similar=0 buffer=37
2026-05-13 22:00:04 [INFO] dual_engine — [DUAL ENGINE] mode=moon emit=True target=10.00x safe=33 hunter=69 moon=55 entropy=0.085
2026-05-13 22:00:04 [INFO] main_v3 — [22:00:04] 1.92x | mode=moon | safe=33 | hunter=69 | moon=55 | entropy=0.085 | comp=0.328 | tension=15
2026-05-13 22:00:04 [INFO] main_v3 — [MOON] target=10.0x score=55 | overdue_levels=[5] | binary_rareness=0.400
2026-05-13 22:00:04 [INFO] main_v3 — [ENTROPÍA] Entropía baja (0.085) con run-length=0.500. Posible compresión estadística activa.
2026-05-13 22:00:04 [INFO] main_v3 — [BINARIO] rareness=0.400 | longest_zero_run=6
2026-05-13 22:00:04 [INFO] main_v3 — [ANOMALÍA] Contexto: NEUTRAL (score=77) | Crash density 15r=33.33% | Compresión=0.328 | Entropía=0.085 | Anomalía=1.000
2026-05-13 22:00:04 [INFO] main_v3 — [DISTANCIA 5x SOBRE MEDIA] hace=8r | avg=4r
2026-05-13 22:00:04 [INFO] main_v3 — [PRE-SPIKE DETECTADO] Contexto similar a previo a 5x (n=44 muestras | avg_low=32.40%)
2026-05-13 22:00:04 [INFO] main_v3 — [PRE-SPIKE DETECTADO] Contexto similar a previo a 10x (n=21 muestras | avg_low=31.60%)
2026-05-13 22:00:04 [INFO] main_v3 — [PRE-SPIKE DETECTADO] Contexto similar a previo a 20x (n=10 muestras | avg_low=33.30%)
2026-05-13 22:00:12 [INFO] browser — [live_tick] ⚡ 1.07x (en vuelo)
2026-05-13 22:00:12 [INFO] browser — [live_tick] ⚡ 1.13x (en vuelo)
2026-05-13 22:00:13 [INFO] browser — [live_tick] ⚡ 1.20x (en vuelo)
2026-05-13 22:00:14 [INFO] browser — [live_tick] ⚡ 1.31x (en vuelo)
2026-05-13 22:00:14 [INFO] browser — [live_tick] ⚡ 1.36x (en vuelo)
2026-05-13 22:00:15 [INFO] browser — [live_tick] ⚡ 1.42x (en vuelo)
2026-05-13 22:00:15 [INFO] browser — [live_tick] ⚡ 1.49x (en vuelo)
2026-05-13 22:00:16 [INFO] browser — [live_tick] ⚡ 1.53x (en vuelo)
2026-05-13 22:00:16 [INFO] browser — [live_tick] ⚡ 1.62x (en vuelo)
2026-05-13 22:00:17 [INFO] browser — [live_tick] ⚡ 1.74x (en vuelo)
2026-05-13 22:00:18 [INFO] browser — [live_tick] ⚡ 1.90x (en vuelo)
2026-05-13 22:00:20 [INFO] browser — [live_tick] ⚡ 2.16x (en vuelo)
2026-05-13 22:00:21 [INFO] browser — [live_tick] ⚡ 2.53x (en vuelo)
2026-05-13 22:00:23 [INFO] browser — [live_tick] ⚡ 2.87x (en vuelo)
2026-05-13 22:00:25 [INFO] browser — [live_tick] ⏸ entre rondas
2026-05-13 22:00:26 [INFO] advanced_stats — [PRE-SPIKE DETECTADO] Contexto similar a previo a 5x (n=44 muestras | avg_low=31.70%)
2026-05-13 22:00:26 [INFO] advanced_stats — [PRE-SPIKE DETECTADO] Contexto similar a previo a 10x (n=21 muestras | avg_low=30.80%)
2026-05-13 22:00:26 [INFO] advanced_stats — [PRE-SPIKE DETECTADO] Contexto similar a previo a 20x (n=10 muestras | avg_low=32.50%)
2026-05-13 22:00:26 [DEBUG] entropy — [ENTROPÍA] score=0.085 label=estructurado structured=True dead=False
2026-05-13 22:00:26 [DEBUG] ml_clustering — [ML] contexto=neutral score=77 anomalía=1.000 similar=1 buffer=38
2026-05-13 22:00:26 [INFO] dual_engine — [DUAL ENGINE] mode=moon emit=True target=10.00x safe=33 hunter=69 moon=53 entropy=0.085
2026-05-13 22:00:26 [INFO] main_v3 — [22:00:26] 3.04x | mode=moon | safe=33 | hunter=69 | moon=53 | entropy=0.085 | comp=0.328 | tension=16
2026-05-13 22:00:26 [INFO] main_v3 — [MOON] target=10.0x score=53 | overdue_levels=[5] | binary_rareness=0.400
2026-05-13 22:00:26 [INFO] main_v3 — [ENTROPÍA] Entropía baja (0.085) con run-length=0.500. Posible compresión estadística activa.
2026-05-13 22:00:26 [INFO] main_v3 — [BINARIO] rareness=0.400 | longest_zero_run=6
2026-05-13 22:00:26 [INFO] main_v3 — [ANOMALÍA] Contexto: NEUTRAL (score=77) | Crash density 15r=33.33% | Compresión=0.328 | Entropía=0.085 | Anomalía=1.000
2026-05-13 22:00:26 [INFO] main_v3 — [DISTANCIA 5x SOBRE MEDIA] hace=9r | avg=4r
2026-05-13 22:00:26 [INFO] main_v3 — [PRE-SPIKE DETECTADO] Contexto similar a previo a 5x (n=44 muestras | avg_low=31.70%)
2026-05-13 22:00:26 [INFO] main_v3 — [PRE-SPIKE DETECTADO] Contexto similar a previo a 10x (n=21 muestras | avg_low=30.80%)
2026-05-13 22:00:27 [INFO] main_v3 — [PRE-SPIKE DETECTADO] Contexto similar a previo a 20x (n=10 muestras | avg_low=32.50%)
2026-05-13 22:00:32 [INFO] browser — [live_tick] ⚡ 1.01x (en vuelo)
2026-05-13 22:00:33 [INFO] browser — [live_tick] ⚡ 1.05x (en vuelo)
2026-05-13 22:00:33 [INFO] browser — [live_tick] ⚡ 1.10x (en vuelo)
2026-05-13 22:00:34 [INFO] browser — [live_tick] ⚡ 1.15x (en vuelo)
2026-05-13 22:00:34 [INFO] browser — [live_tick] ⚡ 1.20x (en vuelo)
2026-05-13 22:00:35 [INFO] browser — [live_tick] ⚡ 1.25x (en vuelo)
2026-05-13 22:00:35 [INFO] browser — [live_tick] ⚡ 1.33x (en vuelo)
2026-05-13 22:00:36 [INFO] browser — [live_tick] ⚡ 1.36x (en vuelo)
2026-05-13 22:00:36 [INFO] browser — [live_tick] ⚡ 1.47x (en vuelo)
2026-05-13 22:00:37 [INFO] browser — [live_tick] ⚡ 1.55x (en vuelo)
2026-05-13 22:00:38 [INFO] browser — [live_tick] ⚡ 1.62x (en vuelo)
2026-05-13 22:00:38 [INFO] browser — [live_tick] ⚡ 1.69x (en vuelo)
2026-05-13 22:00:39 [INFO] browser — [live_tick] ⚡ 1.77x (en vuelo)
2026-05-13 22:00:39 [INFO] browser — [live_tick] ⚡ 1.84x (en vuelo)
2026-05-13 22:00:40 [INFO] browser — [live_tick] ⚡ 2.01x (en vuelo)
2026-05-13 22:00:40 [INFO] browser — [live_tick] ⚡ 2.10x (en vuelo)
2026-05-13 22:00:41 [INFO] browser — [live_tick] ⚡ 2.29x (en vuelo)
2026-05-13 22:00:42 [INFO] browser — [live_tick] ⚡ 2.45x (en vuelo)
2026-05-13 22:00:43 [INFO] browser — [live_tick] ⚡ 2.60x (en vuelo)
2026-05-13 22:00:44 [INFO] browser — [live_tick] ⚡ 2.83x (en vuelo)
2026-05-13 22:00:44 [INFO] browser — [live_tick] ⚡ 2.91x (en vuelo)
2026-05-13 22:00:45 [INFO] browser — [live_tick] ⚡ 3.04x (en vuelo)
2026-05-13 22:00:45 [INFO] browser — [live_tick] ⚡ 3.22x (en vuelo)
2026-05-13 22:00:46 [INFO] browser — [live_tick] ⚡ 3.36x (en vuelo)
2026-05-13 22:00:46 [INFO] browser — [live_tick] ⚡ 3.51x (en vuelo)
2026-05-13 22:00:47 [INFO] browser — [live_tick] ⚡ 3.66x (en vuelo)
2026-05-13 22:00:47 [INFO] browser — [live_tick] ⚡ 3.88x (en vuelo)
2026-05-13 22:00:48 [INFO] browser — [live_tick] ⚡ 4.05x (en vuelo)
2026-05-13 22:00:49 [INFO] browser — [live_tick] ⚡ 4.35x (en vuelo)
2026-05-13 22:00:49 [INFO] browser — [live_tick] ⚡ 4.61x (en vuelo)
2026-05-13 22:00:50 [INFO] browser — [live_tick] ⚡ 4.95x (en vuelo)
2026-05-13 22:00:51 [INFO] browser — [live_tick] ⚡ 5.31x (en vuelo)
2026-05-13 22:00:51 [INFO] browser — [live_tick] ⚡ 5.63x (en vuelo)
2026-05-13 22:00:52 [INFO] browser — [live_tick] ⚡ 5.79x (en vuelo)
2026-05-13 22:00:52 [INFO] browser — [live_tick] ⚡ 6.04x (en vuelo)
2026-05-13 22:00:53 [INFO] browser — [live_tick] ⚡ 6.40x (en vuelo)
2026-05-13 22:00:53 [INFO] browser — [live_tick] ⚡ 6.68x (en vuelo)
2026-05-13 22:00:54 [INFO] browser — [live_tick] ⚡ 6.87x (en vuelo)
2026-05-13 22:00:54 [INFO] browser — [live_tick] ⚡ 7.28x (en vuelo)
2026-05-13 22:00:55 [INFO] browser — [live_tick] ⚡ 7.60x (en vuelo)
2026-05-13 22:00:55 [INFO] browser — [live_tick] ⚡ 7.93x (en vuelo)
2026-05-13 22:00:56 [INFO] browser — [live_tick] ⚡ 8.40x (en vuelo)
2026-05-13 22:00:56 [INFO] browser — [live_tick] ⚡ 8.77x (en vuelo)
2026-05-13 22:00:57 [INFO] browser — [live_tick] ⚡ 9.15x (en vuelo)
2026-05-13 22:00:57 [INFO] browser — [live_tick] ⚡ 9.55x (en vuelo)
2026-05-13 22:00:58 [INFO] browser — [live_tick] ⚡ 9.97x (en vuelo)
2026-05-13 22:00:59 [INFO] browser — [live_tick] ⏸ entre rondas
2026-05-13 22:01:01 [INFO] analyzer — Anti-FOMO: spike 10.11x → bloqueando 3 rondas.
2026-05-13 22:01:01 [INFO] advanced_stats — [POST_SPIKE_COOLDOWN] 10.11x >= 5x → bloqueando 2 rondas
2026-05-13 22:01:01 [INFO] advanced_stats — [POST_SPIKE_COOLDOWN] 10.11x >= 8x → bloqueando 2 rondas
2026-05-13 22:01:01 [INFO] advanced_stats — [POST_SPIKE_COOLDOWN] 10.11x >= 10x → bloqueando 3 rondas
2026-05-13 22:01:01 [DEBUG] db_advanced — spike_distances: nivel=5x dist=10 val=10.11
2026-05-13 22:01:01 [DEBUG] db_advanced — pre_spike_context guardado: 10.11x (nivel=5x)
2026-05-13 22:01:01 [INFO] spike_tracker — [SPIKE] 10.11x >= 5x | distancia=10 rondas
2026-05-13 22:01:01 [DEBUG] db_advanced — spike_distances: nivel=8x dist=10 val=10.11
2026-05-13 22:01:01 [DEBUG] db_advanced — pre_spike_context guardado: 10.11x (nivel=8x)
2026-05-13 22:01:01 [INFO] spike_tracker — [SPIKE] 10.11x >= 8x | distancia=10 rondas
2026-05-13 22:01:01 [DEBUG] db_advanced — spike_distances: nivel=10x dist=10 val=10.11
2026-05-13 22:01:01 [DEBUG] db_advanced — pre_spike_context guardado: 10.11x (nivel=10x)
2026-05-13 22:01:01 [INFO] spike_tracker — [SPIKE] 10.11x >= 10x | distancia=10 rondas
2026-05-13 22:01:01 [INFO] advanced_stats — [PRE-SPIKE DETECTADO] Contexto similar a previo a 5x (n=45 muestras | avg_low=32.00%)
2026-05-13 22:01:01 [INFO] advanced_stats — [PRE-SPIKE DETECTADO] Contexto similar a previo a 10x (n=22 muestras | avg_low=31.20%)
2026-05-13 22:01:01 [INFO] advanced_stats — [PRE-SPIKE DETECTADO] Contexto similar a previo a 20x (n=10 muestras | avg_low=32.90%)
2026-05-13 22:01:01 [DEBUG] entropy — [ENTROPÍA] score=0.085 label=estructurado structured=True dead=False
2026-05-13 22:01:01 [DEBUG] ml_clustering — [ML] contexto=neutral score=77 anomalía=1.000 similar=2 buffer=39
2026-05-13 22:01:01 [INFO] dual_engine — [DUAL ENGINE] mode=none emit=False target=0.00x safe=26 hunter=59 moon=40 entropy=0.085
2026-05-13 22:01:01 [INFO] main_v3 — [22:01:01] 10.11x | mode=none | safe=26 | hunter=59 | moon=40 | entropy=0.085 | comp=0.328 | tension=12
2026-05-13 22:01:01 [INFO] main_v3 — [ENTROPÍA] Entropía baja (0.085) con run-length=0.500. Posible compresión estadística activa.
2026-05-13 22:01:01 [INFO] main_v3 — [BINARIO] rareness=0.400 | longest_zero_run=6
2026-05-13 22:01:01 [INFO] main_v3 — [ANOMALÍA] Contexto: NEUTRAL (score=77) | Crash density 15r=33.33% | Compresión=0.328 | Entropía=0.085 | Anomalía=1.000
2026-05-13 22:01:01 [INFO] main_v3 — [POST_SPIKE_COOLDOWN] Bloqueado 2 rondas tras 10x
2026-05-13 22:01:01 [INFO] main_v3 — [PRE-SPIKE DETECTADO] Contexto similar a previo a 5x (n=45 muestras | avg_low=32.00%)
2026-05-13 22:01:01 [INFO] main_v3 — [PRE-SPIKE DETECTADO] Contexto similar a previo a 10x (n=22 muestras | avg_low=31.20%)
2026-05-13 22:01:01 [INFO] main_v3 — [PRE-SPIKE DETECTADO] Contexto similar a previo a 20x (n=10 muestras | avg_low=32.90%)
2026-05-13 22:01:07 [INFO] browser — [live_tick] ⚡ 1.02x (en vuelo)
2026-05-13 22:01:07 [INFO] browser — [live_tick] ⚡ 1.07x (en vuelo)
2026-05-13 22:01:08 [INFO] browser — [live_tick] ⚡ 1.12x (en vuelo)
2026-05-13 22:01:08 [INFO] browser — [live_tick] ⚡ 1.20x (en vuelo)
2026-05-13 22:01:09 [INFO] browser — [live_tick] ⚡ 1.29x (en vuelo)
2026-05-13 22:01:12 [INFO] browser — [live_tick] ⚡ 1.60x (en vuelo)
2026-05-13 22:01:12 [INFO] browser — [live_tick] ⚡ 1.69x (en vuelo)
2026-05-13 22:01:13 [INFO] browser — [live_tick] ⚡ 1.77x (en vuelo)
2026-05-13 22:01:13 [INFO] browser — [live_tick] ⚡ 1.87x (en vuelo)
2026-05-13 22:01:14 [INFO] browser — [live_tick] ⚡ 1.92x (en vuelo)
2026-05-13 22:01:14 [INFO] browser — [live_tick] ⚡ 2.01x (en vuelo)
2026-05-13 22:01:15 [INFO] browser — [live_tick] ⚡ 2.13x (en vuelo)
2026-05-13 22:01:15 [INFO] browser — [live_tick] ⚡ 2.25x (en vuelo)
2026-05-13 22:01:16 [INFO] browser — [live_tick] ⚡ 2.35x (en vuelo)
2026-05-13 22:01:19 [INFO] advanced_stats — [PRE-SPIKE DETECTADO] Contexto similar a previo a 5x (n=45 muestras | avg_low=31.10%)
2026-05-13 22:01:19 [INFO] advanced_stats — [PRE-SPIKE DETECTADO] Contexto similar a previo a 10x (n=22 muestras | avg_low=30.20%)
2026-05-13 22:01:19 [INFO] advanced_stats — [PRE-SPIKE DETECTADO] Contexto similar a previo a 20x (n=10 muestras | avg_low=31.70%)
2026-05-13 22:01:19 [DEBUG] entropy — [ENTROPÍA] score=0.085 label=estructurado structured=True dead=False
2026-05-13 22:01:19 [DEBUG] ml_clustering — [ML] contexto=neutral score=78 anomalía=1.000 similar=3 buffer=40
2026-05-13 22:01:19 [INFO] dual_engine — [DUAL ENGINE] mode=none emit=False target=0.00x safe=32 hunter=58 moon=40 entropy=0.085
2026-05-13 22:01:19 [INFO] main_v3 — [22:01:19] 2.79x | mode=none | safe=32 | hunter=58 | moon=40 | entropy=0.085 | comp=0.303 | tension=11
2026-05-13 22:01:19 [INFO] main_v3 — [ENTROPÍA] Entropía baja (0.085) con run-length=0.500. Posible compresión estadística activa.
2026-05-13 22:01:19 [INFO] main_v3 — [BINARIO] rareness=0.400 | longest_zero_run=6
2026-05-13 22:01:19 [INFO] main_v3 — [ANOMALÍA] Contexto: NEUTRAL (score=78) | Crash density 15r=33.33% | Compresión=0.303 | Entropía=0.085 | Anomalía=1.000
2026-05-13 22:01:19 [INFO] main_v3 — [POST_SPIKE_COOLDOWN] Bloqueado 1 rondas tras 10x
2026-05-13 22:01:19 [INFO] main_v3 — [PRE-SPIKE DETECTADO] Contexto similar a previo a 5x (n=45 muestras | avg_low=31.10%)
2026-05-13 22:01:19 [INFO] main_v3 — [PRE-SPIKE DETECTADO] Contexto similar a previo a 10x (n=22 muestras | avg_low=30.20%)
2026-05-13 22:01:19 [INFO] main_v3 — [PRE-SPIKE DETECTADO] Contexto similar a previo a 20x (n=10 muestras | avg_low=31.70%)
2026-05-13 22:01:19 [INFO] browser — [live_tick] ⏸ entre rondas
2026-05-13 22:01:27 [INFO] browser — [live_tick] ⚡ 1.05x (en vuelo)
2026-05-13 22:01:29 [INFO] browser — [live_tick] ⚡ 1.20x (en vuelo)
2026-05-13 22:01:30 [INFO] browser — [live_tick] ⚡ 1.31x (en vuelo)
2026-05-13 22:01:30 [INFO] browser — [live_tick] ⚡ 1.36x (en vuelo)
2026-05-13 22:01:32 [INFO] browser — [live_tick] ⚡ 1.64x (en vuelo)
2026-05-13 22:01:33 [INFO] browser — [live_tick] ⚡ 1.74x (en vuelo)
2026-05-13 22:01:33 [INFO] browser — [live_tick] ⚡ 1.84x (en vuelo)
2026-05-13 22:01:35 [INFO] browser — [live_tick] ⚡ 2.01x (en vuelo)
2026-05-13 22:01:37 [INFO] browser — [live_tick] ⚡ 2.39x (en vuelo)
2026-05-13 22:01:38 [INFO] browser — [live_tick] ⚡ 2.87x (en vuelo)
2026-05-13 22:01:39 [INFO] browser — [live_tick] ⚡ 3.00x (en vuelo)
2026-05-13 22:01:41 [INFO] browser — [live_tick] ⚡ 3.41x (en vuelo)
2026-05-13 22:01:41 [INFO] browser — [live_tick] ⚡ 3.77x (en vuelo)
2026-05-13 22:01:42 [INFO] browser — [live_tick] ⚡ 4.11x (en vuelo)
2026-05-13 22:01:44 [INFO] browser — [live_tick] ⏸ entre rondas
2026-05-13 22:01:46 [INFO] advanced_stats — [PRE-SPIKE DETECTADO] Contexto similar a previo a 5x (n=45 muestras | avg_low=31.30%)
2026-05-13 22:01:46 [INFO] advanced_stats — [PRE-SPIKE DETECTADO] Contexto similar a previo a 10x (n=22 muestras | avg_low=30.50%)
2026-05-13 22:01:46 [INFO] advanced_stats — [PRE-SPIKE DETECTADO] Contexto similar a previo a 20x (n=10 muestras | avg_low=32.00%)
2026-05-13 22:01:46 [DEBUG] entropy — [ENTROPÍA] score=0.085 label=estructurado structured=True dead=False
2026-05-13 22:01:46 [DEBUG] ml_clustering — [ML] contexto=neutral score=78 anomalía=1.000 similar=4 buffer=41
2026-05-13 22:01:46 [INFO] dual_engine — [DUAL ENGINE] mode=moon emit=True target=10.00x safe=33 hunter=55 moon=40 entropy=0.085
2026-05-13 22:01:46 [INFO] main_v3 — [22:01:46] 4.29x | mode=moon | safe=33 | hunter=55 | moon=40 | entropy=0.085 | comp=0.206 | tension=8
2026-05-13 22:01:46 [INFO] main_v3 — [MOON] target=10.0x score=40 | binary_rareness=0.400
2026-05-13 22:01:46 [INFO] main_v3 — [ENTROPÍA] Entropía baja (0.085) con run-length=0.520. Posible compresión estadística activa.
2026-05-13 22:01:46 [INFO] main_v3 — [BINARIO] rareness=0.400 | longest_zero_run=6
2026-05-13 22:01:46 [INFO] main_v3 — [ANOMALÍA] Contexto: NEUTRAL (score=79) | Crash density 15r=33.33% | Compresión=0.206 | Entropía=0.085 | Anomalía=1.000
2026-05-13 22:01:46 [INFO] main_v3 — [PRE-SPIKE DETECTADO] Contexto similar a previo a 5x (n=45 muestras | avg_low=31.30%)
2026-05-13 22:01:46 [INFO] main_v3 — [PRE-SPIKE DETECTADO] Contexto similar a previo a 10x (n=22 muestras | avg_low=30.50%)
2026-05-13 22:01:46 [INFO] main_v3 — [PRE-SPIKE DETECTADO] Contexto similar a previo a 20x (n=10 muestras | avg_low=32.00%)
2026-05-13 22:01:52 [INFO] browser — [live_tick] ⚡ 1.04x (en vuelo)
2026-05-13 22:01:53 [INFO] browser — [live_tick] ⚡ 1.08x (en vuelo)
2026-05-13 22:01:53 [INFO] browser — [live_tick] ⚡ 1.13x (en vuelo)
2026-05-13 22:01:54 [INFO] browser — [live_tick] ⚡ 1.20x (en vuelo)
2026-05-13 22:01:55 [INFO] browser — [live_tick] ⚡ 1.27x (en vuelo)
2026-05-13 22:01:55 [INFO] browser — [live_tick] ⚡ 1.34x (en vuelo)
2026-05-13 22:01:56 [INFO] browser — [live_tick] ⚡ 1.42x (en vuelo)
2026-05-13 22:01:57 [INFO] browser — [live_tick] ⚡ 1.53x (en vuelo)
2026-05-13 22:01:57 [INFO] browser — [live_tick] ⚡ 1.62x (en vuelo)
2026-05-13 22:01:58 [INFO] browser — [live_tick] ⚡ 1.69x (en vuelo)
2026-05-13 22:01:58 [INFO] browser — [live_tick] ⚡ 1.82x (en vuelo)
2026-05-13 22:01:59 [INFO] browser — [live_tick] ⚡ 1.92x (en vuelo)
2026-05-13 22:02:00 [INFO] browser — [live_tick] ⚡ 2.01x (en vuelo)
2026-05-13 22:02:01 [INFO] browser — [live_tick] ⚡ 2.22x (en vuelo)
2026-05-13 22:02:02 [INFO] browser — [live_tick] ⚡ 2.39x (en vuelo)
2026-05-13 22:02:02 [INFO] browser — [live_tick] ⚡ 2.49x (en vuelo)
2026-05-13 22:02:03 [INFO] advanced_stats — [PRE-SPIKE DETECTADO] Contexto similar a previo a 5x (n=44 muestras | avg_low=31.70%)
2026-05-13 22:02:03 [INFO] advanced_stats — [PRE-SPIKE DETECTADO] Contexto similar a previo a 10x (n=21 muestras | avg_low=31.10%)
2026-05-13 22:02:03 [INFO] advanced_stats — [PRE-SPIKE DETECTADO] Contexto similar a previo a 20x (n=9 muestras | avg_low=33.30%)
2026-05-13 22:02:03 [DEBUG] entropy — [ENTROPÍA] score=0.085 label=estructurado structured=True dead=False
2026-05-13 22:02:03 [DEBUG] ml_clustering — [ML] contexto=neutral score=78 anomalía=1.000 similar=5 buffer=42
2026-05-13 22:02:03 [INFO] dual_engine — [DUAL ENGINE] mode=moon emit=True target=10.00x safe=44 hunter=58 moon=50 entropy=0.085
2026-05-13 22:02:03 [INFO] main_v3 — [22:02:03] 2.56x | mode=moon | safe=44 | hunter=58 | moon=50 | entropy=0.085 | comp=0.181 | tension=7
2026-05-13 22:02:03 [INFO] main_v3 — [MOON] target=10.0x score=50 | binary_rareness=0.400
2026-05-13 22:02:03 [INFO] main_v3 — [ENTROPÍA] Entropía baja (0.085) con run-length=0.540. Posible compresión estadística activa.
2026-05-13 22:02:03 [INFO] main_v3 — [BINARIO] rareness=0.400 | longest_zero_run=6
2026-05-13 22:02:04 [INFO] main_v3 — [ANOMALÍA] Contexto: NEUTRAL (score=79) | Crash density 15r=33.33% | Compresión=0.181 | Entropía=0.085 | Anomalía=1.000
2026-05-13 22:02:04 [INFO] main_v3 — [PRE-SPIKE DETECTADO] Contexto similar a previo a 5x (n=44 muestras | avg_low=31.70%)
2026-05-13 22:02:04 [INFO] main_v3 — [PRE-SPIKE DETECTADO] Contexto similar a previo a 10x (n=21 muestras | avg_low=31.10%)
2026-05-13 22:02:04 [INFO] main_v3 — [PRE-SPIKE DETECTADO] Contexto similar a previo a 20x (n=9 muestras | avg_low=33.30%)
2026-05-13 22:02:09 [INFO] db_v2 — [DUAL SIGNAL] id=15 mode=moon target=10.00x conf=38%
2026-05-13 22:02:09 [INFO] browser — [live_tick] ⏸ entre rondas
2026-05-13 22:02:09 [INFO] main_v3 — ✅ Señal #15 emitida | mode=moon target=10.0x conf=38% safe=44 hunter=58 moon=50
2026-05-13 22:02:11 [INFO] browser — [live_tick] ⚡ 1.04x (en vuelo)
2026-05-13 22:02:12 [INFO] browser — [live_tick] ⚡ 1.08x (en vuelo)
2026-05-13 22:02:12 [INFO] browser — [live_tick] ⚡ 1.12x (en vuelo)
2026-05-13 22:02:13 [INFO] browser — [live_tick] ⚡ 1.18x (en vuelo)
2026-05-13 22:02:13 [INFO] browser — [live_tick] ⚡ 1.22x (en vuelo)
2026-05-13 22:02:14 [INFO] browser — [live_tick] ⚡ 1.27x (en vuelo)
2026-05-13 22:02:14 [INFO] browser — [live_tick] ⚡ 1.33x (en vuelo)
2026-05-13 22:02:15 [INFO] browser — [live_tick] ⚡ 1.40x (en vuelo)
2026-05-13 22:02:15 [INFO] browser — [live_tick] ⚡ 1.47x (en vuelo)
2026-05-13 22:02:16 [INFO] browser — [live_tick] ⏸ entre rondas
2026-05-13 22:02:17 [INFO] main_v3 — ❌ Dual señal #15 (moon 10.0x) → 1.49x en 1 ronda
2026-05-13 22:02:17 [INFO] advanced_stats — [PRE-SPIKE DETECTADO] Contexto similar a previo a 5x (n=43 muestras | avg_low=32.00%)
2026-05-13 22:02:17 [INFO] advanced_stats — [PRE-SPIKE DETECTADO] Contexto similar a previo a 10x (n=20 muestras | avg_low=31.70%)
2026-05-13 22:02:17 [INFO] advanced_stats — [PRE-SPIKE DETECTADO] Contexto similar a previo a 20x (n=9 muestras | avg_low=33.30%)
2026-05-13 22:02:17 [DEBUG] entropy — [ENTROPÍA] score=0.085 label=estructurado structured=True dead=False
2026-05-13 22:02:17 [DEBUG] ml_clustering — [ML] contexto=neutral score=78 anomalía=1.000 similar=3 buffer=43
2026-05-13 22:02:17 [INFO] dual_engine — [DUAL ENGINE] mode=moon emit=True target=10.00x safe=41 hunter=58 moon=40 entropy=0.085
2026-05-13 22:02:17 [INFO] main_v3 — [22:02:16] 1.49x | mode=moon | safe=41 | hunter=58 | moon=40 | entropy=0.085 | comp=0.181 | tension=7
2026-05-13 22:02:17 [INFO] main_v3 — [MOON] target=10.0x score=40 | binary_rareness=0.400
2026-05-13 22:02:17 [INFO] main_v3 — [ENTROPÍA] Entropía baja (0.085) con run-length=0.540. Posible compresión estadística activa.
2026-05-13 22:02:17 [INFO] main_v3 — [BINARIO] rareness=0.400 | longest_zero_run=6
2026-05-13 22:02:17 [INFO] main_v3 — [ANOMALÍA] Contexto: NEUTRAL (score=78) | Crash density 15r=40.00% | Compresión=0.181 | Entropía=0.085 | Anomalía=1.000
2026-05-13 22:02:17 [INFO] main_v3 — [PRE-SPIKE DETECTADO] Contexto similar a previo a 5x (n=43 muestras | avg_low=32.00%)
2026-05-13 22:02:17 [INFO] main_v3 — [PRE-SPIKE DETECTADO] Contexto similar a previo a 10x (n=20 muestras | avg_low=31.70%)
2026-05-13 22:02:17 [INFO] main_v3 — [PRE-SPIKE DETECTADO] Contexto similar a previo a 20x (n=9 muestras | avg_low=33.30%)
2026-05-13 22:02:24 [INFO] browser — [live_tick] ⚡ 1.02x (en vuelo)
2026-05-13 22:02:25 [INFO] browser — [live_tick] ⚡ 1.05x (en vuelo)
2026-05-13 22:02:25 [INFO] browser — [live_tick] ⚡ 1.10x (en vuelo)
2026-05-13 22:02:26 [INFO] browser — [live_tick] ⚡ 1.15x (en vuelo)
2026-05-13 22:02:26 [INFO] browser — [live_tick] ⚡ 1.20x (en vuelo)
2026-05-13 22:02:30 [INFO] advanced_stats — [PRE-SPIKE DETECTADO] Contexto similar a previo a 5x (n=42 muestras | avg_low=32.10%)
2026-05-13 22:02:30 [INFO] advanced_stats — [PRE-SPIKE DETECTADO] Contexto similar a previo a 20x (n=9 muestras | avg_low=33.30%)
2026-05-13 22:02:30 [DEBUG] entropy — [ENTROPÍA] score=0.085 label=estructurado structured=True dead=False
2026-05-13 22:02:30 [DEBUG] ml_clustering — [ML] contexto=neutral score=80 anomalía=1.000 similar=0 buffer=44
2026-05-13 22:02:30 [INFO] dual_engine — [DUAL ENGINE] mode=moon emit=True target=10.00x safe=60 hunter=34 moon=19 entropy=0.085
2026-05-13 22:02:30 [INFO] main_v3 — [22:02:30] 1.29x | mode=moon | safe=60 | hunter=34 | moon=19 | entropy=0.085 | comp=0.181 | tension=8
2026-05-13 22:02:30 [INFO] main_v3 — [MOON] target=10.0x score=19 | binary_rareness=0.400
2026-05-13 22:02:30 [INFO] main_v3 — [ENTROPÍA] Entropía baja (0.085) con run-length=0.540. Posible compresión estadística activa.
2026-05-13 22:02:30 [INFO] main_v3 — [BINARIO] rareness=0.400 | longest_zero_run=6
2026-05-13 22:02:30 [INFO] main_v3 — [ANOMALÍA] Contexto: NEUTRAL (score=80) | Crash density 15r=46.67% | Compresión=0.181 | Entropía=0.085 | Anomalía=1.000
2026-05-13 22:02:30 [INFO] main_v3 — [PRE-SPIKE DETECTADO] Contexto similar a previo a 5x (n=42 muestras | avg_low=32.10%)
2026-05-13 22:02:30 [INFO] main_v3 — [PRE-SPIKE DETECTADO] Contexto similar a previo a 20x (n=9 muestras | avg_low=33.30%)
2026-05-13 22:02:30 [INFO] browser — [live_tick] ⏸ entre rondas
2026-05-13 22:02:37 [INFO] browser — [live_tick] ⚡ 1.02x (en vuelo)
2026-05-13 22:02:37 [INFO] browser — [live_tick] ⚡ 1.07x (en vuelo)
2026-05-13 22:02:38 [INFO] browser — [live_tick] ⏸ entre rondas
2026-05-13 22:02:41 [INFO] advanced_stats — [PRE-SPIKE DETECTADO] Contexto similar a previo a 5x (n=42 muestras | avg_low=32.10%)
2026-05-13 22:02:41 [INFO] advanced_stats — [PRE-SPIKE DETECTADO] Contexto similar a previo a 20x (n=9 muestras | avg_low=33.30%)
2026-05-13 22:02:42 [DEBUG] entropy — [ENTROPÍA] score=0.085 label=estructurado structured=True dead=False
2026-05-13 22:02:42 [DEBUG] ml_clustering — [ML] contexto=neutral score=80 anomalía=1.000 similar=1 buffer=45
2026-05-13 22:02:42 [INFO] dual_engine — [DUAL ENGINE] mode=moon emit=True target=10.00x safe=54 hunter=39 moon=19 entropy=0.085
2026-05-13 22:02:42 [INFO] main_v3 — [22:02:41] 1.08x | mode=moon | safe=54 | hunter=39 | moon=19 | entropy=0.085 | comp=0.338 | tension=14
2026-05-13 22:02:42 [INFO] main_v3 — [MOON] target=10.0x score=19 | binary_rareness=0.400
2026-05-13 22:02:42 [INFO] main_v3 — [ENTROPÍA] Entropía baja (0.085) con run-length=0.540. Posible compresión estadística activa.
2026-05-13 22:02:42 [INFO] main_v3 — [BINARIO] rareness=0.400 | longest_zero_run=6
2026-05-13 22:02:42 [INFO] main_v3 — [ANOMALÍA] Contexto: NEUTRAL (score=80) | Crash density 15r=46.67% | Compresión=0.338 | Entropía=0.085 | Anomalía=1.000
2026-05-13 22:02:42 [INFO] main_v3 — [PRE-SPIKE DETECTADO] Contexto similar a previo a 5x (n=42 muestras | avg_low=32.10%)
2026-05-13 22:02:42 [INFO] main_v3 — [PRE-SPIKE DETECTADO] Contexto similar a previo a 20x (n=9 muestras | avg_low=33.30%)
2026-05-13 22:02:46 [INFO] browser — [live_tick] ⚡ 1.00x (en vuelo)
2026-05-13 22:02:47 [INFO] browser — [live_tick] ⚡ 1.04x (en vuelo)
2026-05-13 22:02:48 [INFO] browser — [live_tick] ⚡ 1.10x (en vuelo)
2026-05-13 22:02:48 [INFO] browser — [live_tick] ⚡ 1.17x (en vuelo)
2026-05-13 22:02:50 [INFO] browser — [live_tick] ⚡ 1.33x (en vuelo)
2026-05-13 22:02:52 [INFO] browser — [live_tick] ⚡ 1.55x (en vuelo)
2026-05-13 22:02:53 [INFO] browser — [live_tick] ⚡ 1.79x (en vuelo)
2026-05-13 22:02:54 [INFO] browser — [live_tick] ⚡ 1.95x (en vuelo)
2026-05-13 22:02:54 [INFO] browser — [live_tick] ⚡ 2.04x (en vuelo)
2026-05-13 22:02:55 [INFO] browser — [live_tick] ⚡ 2.19x (en vuelo)
2026-05-13 22:02:56 [INFO] browser — [live_tick] ⚡ 2.32x (en vuelo)
2026-05-13 22:02:57 [INFO] browser — [live_tick] ⚡ 2.49x (en vuelo)
2026-05-13 22:02:58 [INFO] browser — [live_tick] ⚡ 2.67x (en vuelo)
2026-05-13 22:03:00 [INFO] browser — [live_tick] ⏸ entre rondas
2026-05-13 22:03:00 [INFO] advanced_stats — [PRE-SPIKE DETECTADO] Contexto similar a previo a 5x (n=42 muestras | avg_low=32.10%)
2026-05-13 22:03:00 [INFO] advanced_stats — [PRE-SPIKE DETECTADO] Contexto similar a previo a 10x (n=20 muestras | avg_low=31.70%)
2026-05-13 22:03:00 [INFO] advanced_stats — [PRE-SPIKE DETECTADO] Contexto similar a previo a 20x (n=9 muestras | avg_low=33.30%)
2026-05-13 22:03:00 [DEBUG] entropy — [ENTROPÍA] score=0.085 label=estructurado structured=True dead=False
2026-05-13 22:03:00 [DEBUG] ml_clustering — [ML] contexto=neutral score=81 anomalía=1.000 similar=2 buffer=46
2026-05-13 22:03:00 [INFO] dual_engine — [DUAL ENGINE] mode=moon emit=True target=10.00x safe=58 hunter=64 moon=40 entropy=0.085
2026-05-13 22:03:00 [INFO] main_v3 — [22:03:00] 2.79x | mode=moon | safe=58 | hunter=64 | moon=40 | entropy=0.085 | comp=0.338 | tension=15
2026-05-13 22:03:00 [INFO] main_v3 — [MOON] target=10.0x score=40 | binary_rareness=0.400
2026-05-13 22:03:00 [INFO] main_v3 — [ENTROPÍA] Entropía baja (0.085) con run-length=0.540. Posible compresión estadística activa.
2026-05-13 22:03:00 [INFO] main_v3 — [BINARIO] rareness=0.400 | longest_zero_run=6
2026-05-13 22:03:00 [INFO] main_v3 — [ANOMALÍA] Contexto: NEUTRAL (score=81) | Crash density 15r=40.00% | Compresión=0.338 | Entropía=0.085 | Anomalía=1.000
2026-05-13 22:03:00 [INFO] main_v3 — [PRE-SPIKE DETECTADO] Contexto similar a previo a 5x (n=42 muestras | avg_low=32.10%)
2026-05-13 22:03:00 [INFO] main_v3 — [PRE-SPIKE DETECTADO] Contexto similar a previo a 10x (n=20 muestras | avg_low=31.70%)
2026-05-13 22:03:00 [INFO] main_v3 — [PRE-SPIKE DETECTADO] Contexto similar a previo a 20x (n=9 muestras | avg_low=33.30%)
2026-05-13 22:03:07 [INFO] browser — [live_tick] ⚡ 1.01x (en vuelo)
2026-05-13 22:03:09 [INFO] browser — [live_tick] ⏸ entre rondas
2026-05-13 22:03:11 [INFO] advanced_stats — [PRE-SPIKE DETECTADO] Contexto similar a previo a 5x (n=42 muestras | avg_low=32.10%)
2026-05-13 22:03:11 [INFO] advanced_stats — [PRE-SPIKE DETECTADO] Contexto similar a previo a 10x (n=20 muestras | avg_low=31.70%)
2026-05-13 22:03:11 [INFO] advanced_stats — [PRE-SPIKE DETECTADO] Contexto similar a previo a 20x (n=9 muestras | avg_low=33.30%)
2026-05-13 22:03:11 [DEBUG] entropy — [ENTROPÍA] score=0.085 label=estructurado structured=True dead=False
2026-05-13 22:03:11 [DEBUG] ml_clustering — [ML] contexto=neutral score=81 anomalía=1.000 similar=2 buffer=47
2026-05-13 22:03:11 [INFO] dual_engine — [DUAL ENGINE] mode=moon emit=True target=10.00x safe=53 hunter=70 moon=39 entropy=0.085
2026-05-13 22:03:11 [INFO] main_v3 — [22:03:10] 1.10x | mode=moon | safe=53 | hunter=70 | moon=39 | entropy=0.085 | comp=0.434 | tension=20
2026-05-13 22:03:11 [INFO] main_v3 — [MOON] target=10.0x score=39 | compresión=0.43 | overdue_levels=[5] | binary_rareness=0.400
2026-05-13 22:03:11 [INFO] main_v3 — [ENTROPÍA] Entropía baja (0.085) con run-length=0.540. Posible compresión estadística activa.
2026-05-13 22:03:11 [INFO] main_v3 — [BINARIO] rareness=0.400 | longest_zero_run=6
2026-05-13 22:03:11 [INFO] main_v3 — [ANOMALÍA] Contexto: NEUTRAL (score=81) | Crash density 15r=40.00% | Compresión=0.434 | Entropía=0.085 | Anomalía=1.000
2026-05-13 22:03:11 [INFO] main_v3 — [DISTANCIA 5x SOBRE MEDIA] hace=8r | avg=4r
2026-05-13 22:03:11 [INFO] main_v3 — [PRE-SPIKE DETECTADO] Contexto similar a previo a 5x (n=42 muestras | avg_low=32.10%)
2026-05-13 22:03:11 [INFO] main_v3 — [PRE-SPIKE DETECTADO] Contexto similar a previo a 10x (n=20 muestras | avg_low=31.70%)
2026-05-13 22:03:11 [INFO] main_v3 — [PRE-SPIKE DETECTADO] Contexto similar a previo a 20x (n=9 muestras | avg_low=33.30%)
2026-05-13 22:03:18 [INFO] browser — [live_tick] ⚡ 1.13x (en vuelo)
2026-05-13 22:03:19 [INFO] browser — [live_tick] ⚡ 1.22x (en vuelo)
2026-05-13 22:03:20 [INFO] browser — [live_tick] ⚡ 1.36x (en vuelo)
2026-05-13 22:03:21 [INFO] browser — [live_tick] ⚡ 1.49x (en vuelo)
2026-05-13 22:03:27 [INFO] browser — [live_tick] ⏸ entre rondas
2026-05-13 22:03:28 [INFO] advanced_stats — [PRE-SPIKE DETECTADO] Contexto similar a previo a 5x (n=41 muestras | avg_low=32.90%)
2026-05-13 22:03:28 [INFO] advanced_stats — [PRE-SPIKE DETECTADO] Contexto similar a previo a 10x (n=20 muestras | avg_low=31.80%)
2026-05-13 22:03:28 [INFO] advanced_stats — [PRE-SPIKE DETECTADO] Contexto similar a previo a 20x (n=9 muestras | avg_low=33.30%)
2026-05-13 22:03:28 [DEBUG] entropy — [ENTROPÍA] score=0.085 label=estructurado structured=True dead=False
2026-05-13 22:03:28 [DEBUG] ml_clustering — [ML] contexto=neutral score=82 anomalía=1.000 similar=3 buffer=48
2026-05-13 22:03:28 [INFO] dual_engine — [DUAL ENGINE] mode=moon emit=True target=10.00x safe=51 hunter=71 moon=49 entropy=0.085
2026-05-13 22:03:29 [INFO] main_v3 — [22:03:28] 1.79x | mode=moon | safe=51 | hunter=71 | moon=49 | entropy=0.085 | comp=0.434 | tension=21
2026-05-13 22:03:29 [INFO] main_v3 — [MOON] target=10.0x score=49 | compresión=0.43 | overdue_levels=[5] | binary_rareness=0.400
2026-05-13 22:03:29 [INFO] main_v3 — [ENTROPÍA] Entropía baja (0.085) con run-length=0.560. Posible compresión estadística activa.
2026-05-13 22:03:29 [INFO] main_v3 — [BINARIO] rareness=0.400 | longest_zero_run=6
2026-05-13 22:03:29 [INFO] main_v3 — [ANOMALÍA] Contexto: NEUTRAL (score=82) | Crash density 15r=33.33% | Compresión=0.434 | Entropía=0.085 | Anomalía=1.000
2026-05-13 22:03:29 [INFO] main_v3 — [DISTANCIA 5x SOBRE MEDIA] hace=9r | avg=4r
2026-05-13 22:03:29 [INFO] main_v3 — [PRE-SPIKE DETECTADO] Contexto similar a previo a 5x (n=41 muestras | avg_low=32.90%)
2026-05-13 22:03:29 [INFO] main_v3 — [PRE-SPIKE DETECTADO] Contexto similar a previo a 10x (n=20 muestras | avg_low=31.80%)
2026-05-13 22:03:29 [INFO] main_v3 — [PRE-SPIKE DETECTADO] Contexto similar a previo a 20x (n=9 muestras | avg_low=33.30%)
2026-05-13 22:03:33 [INFO] browser — [live_tick] ⚡ 1.13x (en vuelo)
2026-05-13 22:03:34 [INFO] browser — [live_tick] ⚡ 1.20x (en vuelo)
2026-05-13 22:03:35 [INFO] browser — [live_tick] ⚡ 1.36x (en vuelo)
2026-05-13 22:03:37 [INFO] browser — [live_tick] ⚡ 1.53x (en vuelo)
2026-05-13 22:03:38 [INFO] browser — [live_tick] ⚡ 1.79x (en vuelo)
2026-05-13 22:03:40 [INFO] browser — [live_tick] ⚡ 1.95x (en vuelo)
2026-05-13 22:03:41 [INFO] advanced_stats — [PRE-SPIKE DETECTADO] Contexto similar a previo a 5x (n=41 muestras | avg_low=32.90%)
2026-05-13 22:03:41 [INFO] advanced_stats — [PRE-SPIKE DETECTADO] Contexto similar a previo a 10x (n=20 muestras | avg_low=31.80%)
2026-05-13 22:03:41 [INFO] advanced_stats — [PRE-SPIKE DETECTADO] Contexto similar a previo a 20x (n=9 muestras | avg_low=33.30%)
2026-05-13 22:03:41 [DEBUG] entropy — [ENTROPÍA] score=0.085 label=estructurado structured=True dead=False
2026-05-13 22:03:41 [DEBUG] ml_clustering — [ML] contexto=neutral score=83 anomalía=1.000 similar=4 buffer=49
2026-05-13 22:03:41 [INFO] dual_engine — [DUAL ENGINE] mode=moon emit=True target=10.00x safe=55 hunter=71 moon=46 entropy=0.085
2026-05-13 22:03:41 [INFO] main_v3 — [22:03:41] 2.04x | mode=moon | safe=55 | hunter=71 | moon=46 | entropy=0.085 | comp=0.434 | tension=23
2026-05-13 22:03:42 [INFO] main_v3 — [MOON] target=10.0x score=46 | compresión=0.43 | overdue_levels=[5] | binary_rareness=0.400
2026-05-13 22:03:42 [INFO] main_v3 — [ENTROPÍA] Entropía baja (0.085) con run-length=0.540. Posible compresión estadística activa.
2026-05-13 22:03:42 [INFO] main_v3 — [BINARIO] rareness=0.400 | longest_zero_run=6
2026-05-13 22:03:42 [INFO] main_v3 — [ANOMALÍA] Contexto: NEUTRAL (score=83) | Crash density 15r=26.67% | Compresión=0.434 | Entropía=0.085 | Anomalía=1.000
2026-05-13 22:03:42 [INFO] main_v3 — [DISTANCIA 5x SOBRE MEDIA] hace=10r | avg=4r
2026-05-13 22:03:42 [INFO] main_v3 — [PRE-SPIKE DETECTADO] Contexto similar a previo a 5x (n=41 muestras | avg_low=32.90%)
2026-05-13 22:03:42 [INFO] main_v3 — [PRE-SPIKE DETECTADO] Contexto similar a previo a 10x (n=20 muestras | avg_low=31.80%)
2026-05-13 22:03:42 [INFO] main_v3 — [PRE-SPIKE DETECTADO] Contexto similar a previo a 20x (n=9 muestras | avg_low=33.30%)
2026-05-13 22:03:43 [INFO] browser — [live_tick] ⏸ entre rondas
2026-05-13 22:03:49 [INFO] browser — [live_tick] ⚡ 1.00x (en vuelo)
2026-05-13 22:03:50 [INFO] browser — [live_tick] ⚡ 1.08x (en vuelo)
2026-05-13 22:03:51 [INFO] browser — [live_tick] ⚡ 1.22x (en vuelo)
2026-05-13 22:03:52 [INFO] browser — [live_tick] ⚡ 1.31x (en vuelo)
2026-05-13 22:03:54 [INFO] browser — [live_tick] ⚡ 1.55x (en vuelo)
2026-05-13 22:03:56 [INFO] browser — [live_tick] ⚡ 1.84x (en vuelo)
2026-05-13 22:03:57 [INFO] browser — [live_tick] ⚡ 2.04x (en vuelo)
2026-05-13 22:03:59 [INFO] browser — [live_tick] ⚡ 2.32x (en vuelo)
2026-05-13 22:04:01 [INFO] browser — [live_tick] ⚡ 2.83x (en vuelo)
2026-05-13 22:04:02 [INFO] browser — [live_tick] ⚡ 3.09x (en vuelo)
2026-05-13 22:04:03 [INFO] browser — [live_tick] ⚡ 3.56x (en vuelo)
2026-05-13 22:04:05 [INFO] browser — [live_tick] ⚡ 3.94x (en vuelo)
2026-05-13 22:04:06 [INFO] browser — [live_tick] ⚡ 4.54x (en vuelo)
2026-05-13 22:04:07 [INFO] browser — [live_tick] ⚡ 4.88x (en vuelo)
2026-05-13 22:04:08 [INFO] browser — [live_tick] ⚡ 5.39x (en vuelo)
2026-05-13 22:04:09 [INFO] analyzer — Anti-FOMO: spike 5.87x → bloqueando 3 rondas.
2026-05-13 22:04:09 [INFO] advanced_stats — [POST_SPIKE_COOLDOWN] 5.87x >= 5x → bloqueando 2 rondas
2026-05-13 22:04:09 [DEBUG] db_advanced — spike_distances: nivel=5x dist=11 val=5.87
2026-05-13 22:04:10 [DEBUG] db_advanced — pre_spike_context guardado: 5.87x (nivel=5x)
2026-05-13 22:04:10 [INFO] spike_tracker — [SPIKE] 5.87x >= 5x | distancia=11 rondas
2026-05-13 22:04:10 [INFO] advanced_stats — [PRE-SPIKE DETECTADO] Contexto similar a previo a 5x (n=42 muestras | avg_low=32.80%)
2026-05-13 22:04:10 [INFO] advanced_stats — [PRE-SPIKE DETECTADO] Contexto similar a previo a 10x (n=20 muestras | avg_low=31.90%)
2026-05-13 22:04:10 [INFO] advanced_stats — [PRE-SPIKE DETECTADO] Contexto similar a previo a 20x (n=9 muestras | avg_low=33.30%)
2026-05-13 22:04:10 [DEBUG] entropy — [ENTROPÍA] score=0.085 label=estructurado structured=True dead=False
2026-05-13 22:04:10 [DEBUG] ml_clustering — [ML] contexto=neutral score=82 anomalía=1.000 similar=5 buffer=50
2026-05-13 22:04:10 [INFO] dual_engine — [DUAL ENGINE] mode=none emit=False target=0.00x safe=44 hunter=63 moon=40 entropy=0.085
2026-05-13 22:04:10 [INFO] main_v3 — [22:04:09] 5.87x | mode=none | safe=44 | hunter=63 | moon=40 | entropy=0.085 | comp=0.434 | tension=20
2026-05-13 22:04:10 [INFO] main_v3 — [ENTROPÍA] Entropía baja (0.085) con run-length=0.560. Posible compresión estadística activa.
2026-05-13 22:04:10 [INFO] main_v3 — [BINARIO] rareness=0.400 | longest_zero_run=6
2026-05-13 22:04:10 [INFO] main_v3 — [ANOMALÍA] Contexto: NEUTRAL (score=83) | Crash density 15r=26.67% | Compresión=0.434 | Entropía=0.085 | Anomalía=1.000
2026-05-13 22:04:10 [INFO] main_v3 — [POST_SPIKE_COOLDOWN] Bloqueado 1 rondas tras 5x
2026-05-13 22:04:10 [INFO] main_v3 — [PRE-SPIKE DETECTADO] Contexto similar a previo a 5x (n=42 muestras | avg_low=32.80%)
2026-05-13 22:04:10 [INFO] main_v3 — [PRE-SPIKE DETECTADO] Contexto similar a previo a 10x (n=20 muestras | avg_low=31.90%)
2026-05-13 22:04:10 [INFO] main_v3 — [PRE-SPIKE DETECTADO] Contexto similar a previo a 20x (n=9 muestras | avg_low=33.30%)
2026-05-13 22:04:11 [INFO] browser — [live_tick] ⏸ entre rondas
2026-05-13 22:04:19 [INFO] advanced_stats — [PRE-SPIKE DETECTADO] Contexto similar a previo a 5x (n=42 muestras | avg_low=32.90%)
2026-05-13 22:04:19 [INFO] advanced_stats — [PRE-SPIKE DETECTADO] Contexto similar a previo a 10x (n=20 muestras | avg_low=32.00%)
2026-05-13 22:04:19 [INFO] advanced_stats — [PRE-SPIKE DETECTADO] Contexto similar a previo a 20x (n=9 muestras | avg_low=33.30%)
2026-05-13 22:04:19 [DEBUG] entropy — [ENTROPÍA] score=0.085 label=estructurado structured=True dead=False
2026-05-13 22:04:19 [DEBUG] ml_clustering — [ML] contexto=neutral score=82 anomalía=1.000 similar=5 buffer=51
2026-05-13 22:04:19 [INFO] dual_engine — [DUAL ENGINE] mode=moon emit=True target=10.00x safe=43 hunter=66 moon=40 entropy=0.085
2026-05-13 22:04:19 [INFO] main_v3 — [22:04:19] 1.02x | mode=moon | safe=43 | hunter=66 | moon=40 | entropy=0.085 | comp=0.531 | tension=25
2026-05-13 22:04:19 [INFO] main_v3 — [MOON] target=10.0x score=40 | compresión=0.53 | binary_rareness=0.400
2026-05-13 22:04:19 [INFO] main_v3 — [ENTROPÍA] Entropía baja (0.085) con run-length=0.560. Posible compresión estadística activa.
2026-05-13 22:04:20 [INFO] main_v3 — [BINARIO] rareness=0.400 | longest_zero_run=6
2026-05-13 22:04:20 [INFO] main_v3 — [ANOMALÍA] Contexto: NEUTRAL (score=82) | Crash density 15r=33.33% | Compresión=0.531 | Entropía=0.085 | Anomalía=1.000
2026-05-13 22:04:20 [INFO] main_v3 — [PRE-SPIKE DETECTADO] Contexto similar a previo a 5x (n=42 muestras | avg_low=32.90%)
2026-05-13 22:04:20 [INFO] main_v3 — [PRE-SPIKE DETECTADO] Contexto similar a previo a 10x (n=20 muestras | avg_low=32.00%)
2026-05-13 22:04:21 [INFO] main_v3 — [PRE-SPIKE DETECTADO] Contexto similar a previo a 20x (n=9 muestras | avg_low=33.30%)
2026-05-13 22:04:29 [INFO] advanced_stats — [COMPRESIÓN] COMPRESIÓN ALTA | score=0.63 | ultra_low=5/10 | racha=2
2026-05-13 22:04:29 [INFO] advanced_stats — [PRE-SPIKE DETECTADO] Contexto similar a previo a 5x (n=42 muestras | avg_low=33.00%)
2026-05-13 22:04:30 [INFO] advanced_stats — [PRE-SPIKE DETECTADO] Contexto similar a previo a 10x (n=20 muestras | avg_low=32.10%)
2026-05-13 22:04:30 [INFO] advanced_stats — [PRE-SPIKE DETECTADO] Contexto similar a previo a 20x (n=9 muestras | avg_low=33.30%)
2026-05-13 22:04:30 [DEBUG] entropy — [ENTROPÍA] score=0.085 label=estructurado structured=True dead=False
2026-05-13 22:04:30 [DEBUG] ml_clustering — [ML] contexto=neutral score=80 anomalía=1.000 similar=4 buffer=52
2026-05-13 22:04:30 [INFO] dual_engine — [DUAL ENGINE] mode=moon emit=True target=10.00x safe=41 hunter=69 moon=55 entropy=0.085
2026-05-13 22:04:30 [INFO] main_v3 — [22:04:29] 1.01x | mode=moon | safe=41 | hunter=69 | moon=55 | entropy=0.085 | comp=0.627 | tension=30
2026-05-13 22:04:30 [INFO] main_v3 — [MOON] target=10.0x score=55 | compresión=0.63 | binary_rareness=0.400
2026-05-13 22:04:30 [INFO] main_v3 — [ENTROPÍA] Entropía baja (0.085) con run-length=0.580. Posible compresión estadística activa.
2026-05-13 22:04:30 [INFO] main_v3 — [BINARIO] rareness=0.400 | longest_zero_run=6
2026-05-13 22:04:30 [INFO] main_v3 — [ANOMALÍA] Contexto: NEUTRAL (score=80) | Crash density 15r=40.00% | Compresión=0.627 | Entropía=0.085 | Anomalía=1.000
2026-05-13 22:04:30 [INFO] main_v3 — [COMPRESIÓN ALTA] score=0.63 ultra_low=5/10 racha_max=2
2026-05-13 22:04:30 [INFO] main_v3 — [PRE-SPIKE DETECTADO] Contexto similar a previo a 5x (n=42 muestras | avg_low=33.00%)
2026-05-13 22:04:30 [INFO] main_v3 — [PRE-SPIKE DETECTADO] Contexto similar a previo a 10x (n=20 muestras | avg_low=32.10%)
2026-05-13 22:04:30 [INFO] main_v3 — [PRE-SPIKE DETECTADO] Contexto similar a previo a 20x (n=9 muestras | avg_low=33.30%)
2026-05-13 22:04:31 [INFO] db_advanced — [COMPRESIÓN GUARDADA] id=35 score=0.63 label=COMPRESIÓN ALTA
2026-05-13 22:04:36 [INFO] browser — [live_tick] ⚡ 1.01x (en vuelo)
2026-05-13 22:04:37 [INFO] browser — [live_tick] ⚡ 1.10x (en vuelo)
2026-05-13 22:04:38 [INFO] browser — [live_tick] ⚡ 1.29x (en vuelo)
2026-05-13 22:04:39 [INFO] browser — [live_tick] ⚡ 1.38x (en vuelo)
2026-05-13 22:04:41 [INFO] browser — [live_tick] ⚡ 1.60x (en vuelo)
2026-05-13 22:04:43 [INFO] browser — [live_tick] ⚡ 1.90x (en vuelo)
2026-05-13 22:04:45 [INFO] browser — [live_tick] ⚡ 2.25x (en vuelo)
2026-05-13 22:04:46 [INFO] browser — [live_tick] ⚡ 2.49x (en vuelo)
2026-05-13 22:04:47 [INFO] browser — [live_tick] ⚡ 2.83x (en vuelo)
2026-05-13 22:04:48 [INFO] browser — [live_tick] ⚡ 3.18x (en vuelo)
2026-05-13 22:04:50 [INFO] browser — [live_tick] ⚡ 3.77x (en vuelo)
2026-05-13 22:04:51 [INFO] browser — [live_tick] ⚡ 4.11x (en vuelo)
2026-05-13 22:04:53 [INFO] browser — [live_tick] ⚡ 4.88x (en vuelo)
2026-05-13 22:04:54 [INFO] browser — [live_tick] ⚡ 5.31x (en vuelo)
2026-05-13 22:04:55 [INFO] analyzer — Anti-FOMO: spike 5.71x → bloqueando 3 rondas.
2026-05-13 22:04:55 [INFO] advanced_stats — [POST_SPIKE_COOLDOWN] 5.71x >= 5x → bloqueando 2 rondas
2026-05-13 22:04:56 [DEBUG] db_advanced — spike_distances: nivel=5x dist=3 val=5.71
2026-05-13 22:04:56 [DEBUG] db_advanced — pre_spike_context guardado: 5.71x (nivel=5x)
2026-05-13 22:04:56 [INFO] spike_tracker — [SPIKE] 5.71x >= 5x | distancia=3 rondas
2026-05-13 22:04:56 [INFO] advanced_stats — [COMPRESIÓN] COMPRESIÓN ALTA | score=0.60 | ultra_low=5/10 | racha=2
2026-05-13 22:04:56 [INFO] advanced_stats — [PRE-SPIKE DETECTADO] Contexto similar a previo a 5x (n=43 muestras | avg_low=33.30%)
2026-05-13 22:04:56 [INFO] advanced_stats — [PRE-SPIKE DETECTADO] Contexto similar a previo a 10x (n=20 muestras | avg_low=32.30%)
2026-05-13 22:04:56 [INFO] advanced_stats — [PRE-SPIKE DETECTADO] Contexto similar a previo a 20x (n=9 muestras | avg_low=33.30%)
2026-05-13 22:04:56 [DEBUG] entropy — [ENTROPÍA] score=0.085 label=estructurado structured=True dead=False
2026-05-13 22:04:56 [DEBUG] ml_clustering — [ML] contexto=neutral score=80 anomalía=1.000 similar=6 buffer=53
2026-05-13 22:04:56 [INFO] dual_engine — [DUAL ENGINE] mode=none emit=False target=0.00x safe=35 hunter=75 moon=55 entropy=0.085
2026-05-13 22:04:57 [INFO] main_v3 — [22:04:55] 5.71x | mode=none | safe=35 | hunter=75 | moon=55 | entropy=0.085 | comp=0.602 | tension=30
2026-05-13 22:04:57 [INFO] main_v3 — [ENTROPÍA] Entropía baja (0.085) con run-length=0.580. Posible compresión estadística activa.
2026-05-13 22:04:57 [INFO] main_v3 — [BINARIO] rareness=0.400 | longest_zero_run=6
2026-05-13 22:04:57 [INFO] main_v3 — [ANOMALÍA] Contexto: NEUTRAL (score=80) | Crash density 15r=40.00% | Compresión=0.602 | Entropía=0.085 | Anomalía=1.000
2026-05-13 22:04:57 [INFO] main_v3 — [POST_SPIKE_COOLDOWN] Bloqueado 1 rondas tras 5x
2026-05-13 22:04:57 [INFO] main_v3 — [COMPRESIÓN ALTA] score=0.60 ultra_low=5/10 racha_max=2
2026-05-13 22:04:57 [INFO] main_v3 — [DISTANCIA 8x SOBRE MEDIA] hace=14r | avg=7r
2026-05-13 22:04:57 [INFO] main_v3 — [PRE-SPIKE DETECTADO] Contexto similar a previo a 5x (n=43 muestras | avg_low=33.30%)
2026-05-13 22:04:57 [INFO] main_v3 — [PRE-SPIKE DETECTADO] Contexto similar a previo a 10x (n=20 muestras | avg_low=32.30%)
2026-05-13 22:04:57 [INFO] main_v3 — [PRE-SPIKE DETECTADO] Contexto similar a previo a 20x (n=9 muestras | avg_low=33.30%)
2026-05-13 22:04:57 [INFO] db_advanced — [COMPRESIÓN GUARDADA] id=36 score=0.60 label=COMPRESIÓN ALTA
2026-05-13 22:04:58 [INFO] browser — [live_tick] ⏸ entre rondas
2026-05-13 22:05:04 [INFO] browser — [live_tick] ⚡ 1.02x (en vuelo)
2026-05-13 22:05:06 [INFO] browser — [live_tick] ⚡ 1.18x (en vuelo)
2026-05-13 22:05:06 [INFO] browser — [live_tick] ⚡ 1.25x (en vuelo)
2026-05-13 22:05:07 [INFO] browser — [live_tick] ⚡ 1.33x (en vuelo)
2026-05-13 22:05:08 [INFO] browser — [live_tick] ⚡ 1.44x (en vuelo)
2026-05-13 22:05:09 [INFO] browser — [live_tick] ⚡ 1.55x (en vuelo)
2026-05-13 22:05:10 [INFO] browser — [live_tick] ⚡ 1.69x (en vuelo)
2026-05-13 22:05:10 [INFO] browser — [live_tick] ⚡ 1.82x (en vuelo)
2026-05-13 22:05:11 [INFO] browser — [live_tick] ⚡ 1.92x (en vuelo)
2026-05-13 22:05:12 [INFO] browser — [live_tick] ⚡ 2.13x (en vuelo)
2026-05-13 22:05:13 [INFO] browser — [live_tick] ⚡ 2.29x (en vuelo)
2026-05-13 22:05:14 [INFO] browser — [live_tick] ⚡ 2.42x (en vuelo)
2026-05-13 22:05:14 [INFO] browser — [live_tick] ⚡ 2.60x (en vuelo)
2026-05-13 22:05:15 [INFO] browser — [live_tick] ⚡ 2.71x (en vuelo)
2026-05-13 22:05:16 [INFO] browser — [live_tick] ⚡ 2.87x (en vuelo)
2026-05-13 22:05:16 [INFO] browser — [live_tick] ⚡ 3.09x (en vuelo)
2026-05-13 22:05:17 [INFO] browser — [live_tick] ⚡ 3.27x (en vuelo)
2026-05-13 22:05:18 [INFO] browser — [live_tick] ⚡ 3.56x (en vuelo)
2026-05-13 22:05:18 [INFO] browser — [live_tick] ⚡ 3.72x (en vuelo)
2026-05-13 22:05:19 [INFO] browser — [live_tick] ⚡ 3.88x (en vuelo)
2026-05-13 22:05:20 [INFO] browser — [live_tick] ⚡ 4.17x (en vuelo)
2026-05-13 22:05:20 [INFO] browser — [live_tick] ⚡ 4.41x (en vuelo)
2026-05-13 22:05:21 [INFO] browser — [live_tick] ⚡ 4.81x (en vuelo)
2026-05-13 22:05:22 [INFO] browser — [live_tick] ⚡ 5.09x (en vuelo)
2026-05-13 22:05:22 [INFO] browser — [live_tick] ⚡ 5.39x (en vuelo)
2026-05-13 22:05:24 [INFO] browser — [live_tick] ⏸ entre rondas
2026-05-13 22:05:25 [INFO] analyzer — Anti-FOMO: spike 5.47x → bloqueando 3 rondas.
2026-05-13 22:05:26 [INFO] advanced_stats — [POST_SPIKE_COOLDOWN] 5.47x >= 5x → bloqueando 2 rondas
2026-05-13 22:05:26 [DEBUG] db_advanced — spike_distances: nivel=5x dist=1 val=5.47
2026-05-13 22:05:26 [DEBUG] db_advanced — pre_spike_context guardado: 5.47x (nivel=5x)
2026-05-13 22:05:26 [INFO] spike_tracker — [SPIKE] 5.47x >= 5x | distancia=1 rondas
2026-05-13 22:05:26 [INFO] advanced_stats — [PRE-SPIKE DETECTADO] Contexto similar a previo a 5x (n=44 muestras | avg_low=33.60%)
2026-05-13 22:05:26 [INFO] advanced_stats — [PRE-SPIKE DETECTADO] Contexto similar a previo a 10x (n=20 muestras | avg_low=32.40%)
2026-05-13 22:05:26 [INFO] advanced_stats — [PRE-SPIKE DETECTADO] Contexto similar a previo a 20x (n=9 muestras | avg_low=33.30%)
2026-05-13 22:05:26 [DEBUG] entropy — [ENTROPÍA] score=0.085 label=estructurado structured=True dead=False
2026-05-13 22:05:26 [DEBUG] ml_clustering — [ML] contexto=neutral score=81 anomalía=1.000 similar=8 buffer=54
2026-05-13 22:05:26 [INFO] dual_engine — [DUAL ENGINE] mode=none emit=False target=0.00x safe=44 hunter=71 moon=40 entropy=0.085
2026-05-13 22:05:26 [INFO] main_v3 — [22:05:25] 5.47x | mode=none | safe=44 | hunter=71 | moon=40 | entropy=0.085 | comp=0.506 | tension=29
2026-05-13 22:05:26 [INFO] main_v3 — [ENTROPÍA] Entropía baja (0.085) con run-length=0.600. Posible compresión estadística activa.
2026-05-13 22:05:27 [INFO] main_v3 — [BINARIO] rareness=0.400 | longest_zero_run=6
2026-05-13 22:05:27 [INFO] main_v3 — [ANOMALÍA] Contexto: NEUTRAL (score=81) | Crash density 15r=40.00% | Compresión=0.506 | Entropía=0.085 | Anomalía=1.000
2026-05-13 22:05:27 [INFO] main_v3 — [POST_SPIKE_COOLDOWN] Bloqueado 1 rondas tras 5x
2026-05-13 22:05:28 [INFO] main_v3 — [DISTANCIA 8x SOBRE MEDIA] hace=15r | avg=7r
2026-05-13 22:05:28 [INFO] main_v3 — [PRE-SPIKE DETECTADO] Contexto similar a previo a 5x (n=44 muestras | avg_low=33.60%)
2026-05-13 22:05:28 [INFO] main_v3 — [PRE-SPIKE DETECTADO] Contexto similar a previo a 10x (n=20 muestras | avg_low=32.40%)
2026-05-13 22:05:28 [INFO] main_v3 — [PRE-SPIKE DETECTADO] Contexto similar a previo a 20x (n=9 muestras | avg_low=33.30%)
2026-05-13 22:05:32 [INFO] browser — [live_tick] ⚡ 1.08x (en vuelo)
2026-05-13 22:05:33 [INFO] browser — [live_tick] ⚡ 1.15x (en vuelo)
2026-05-13 22:05:33 [INFO] browser — [live_tick] ⚡ 1.22x (en vuelo)
2026-05-13 22:05:34 [INFO] browser — [live_tick] ⚡ 1.33x (en vuelo)
2026-05-13 22:05:35 [INFO] browser — [live_tick] ⚡ 1.42x (en vuelo)
2026-05-13 22:05:36 [INFO] browser — [live_tick] ⚡ 1.53x (en vuelo)
2026-05-13 22:05:37 [INFO] browser — [live_tick] ⚡ 1.64x (en vuelo)
2026-05-13 22:05:38 [INFO] browser — [live_tick] ⚡ 1.87x (en vuelo)
2026-05-13 22:05:39 [INFO] browser — [live_tick] ⚡ 1.95x (en vuelo)
2026-05-13 22:05:39 [INFO] browser — [live_tick] ⚡ 2.13x (en vuelo)
2026-05-13 22:05:41 [INFO] browser — [live_tick] ⚡ 2.39x (en vuelo)
2026-05-13 22:05:42 [INFO] browser — [live_tick] ⏸ entre rondas
2026-05-13 22:05:43 [INFO] advanced_stats — [PRE-SPIKE DETECTADO] Contexto similar a previo a 5x (n=44 muestras | avg_low=33.80%)
2026-05-13 22:05:43 [INFO] advanced_stats — [PRE-SPIKE DETECTADO] Contexto similar a previo a 10x (n=20 muestras | avg_low=32.70%)
2026-05-13 22:05:43 [INFO] advanced_stats — [PRE-SPIKE DETECTADO] Contexto similar a previo a 20x (n=9 muestras | avg_low=33.30%)
2026-05-13 22:05:43 [DEBUG] entropy — [ENTROPÍA] score=0.085 label=estructurado structured=True dead=False
2026-05-13 22:05:43 [DEBUG] ml_clustering — [ML] contexto=neutral score=81 anomalía=1.000 similar=9 buffer=55
2026-05-13 22:05:43 [INFO] dual_engine — [DUAL ENGINE] mode=moon emit=True target=10.00x safe=46 hunter=70 moon=40 entropy=0.085
2026-05-13 22:05:43 [INFO] main_v3 — [22:05:43] 2.49x | mode=moon | safe=46 | hunter=70 | moon=40 | entropy=0.085 | comp=0.409 | tension=33
2026-05-13 22:05:43 [INFO] main_v3 — [MOON] target=10.0x score=40 | compresión=0.41 | overdue_levels=[8] | binary_rareness=0.400
2026-05-13 22:05:43 [INFO] main_v3 — [ENTROPÍA] Entropía baja (0.085) con run-length=0.620. Posible compresión estadística activa.
2026-05-13 22:05:43 [INFO] main_v3 — [BINARIO] rareness=0.400 | longest_zero_run=6
2026-05-13 22:05:43 [INFO] main_v3 — [ANOMALÍA] Contexto: NEUTRAL (score=81) | Crash density 15r=40.00% | Compresión=0.409 | Entropía=0.085 | Anomalía=1.000
2026-05-13 22:05:43 [INFO] main_v3 — [DISTANCIA 8x SOBRE MEDIA] hace=16r | avg=7r
2026-05-13 22:05:43 [INFO] main_v3 — [PRE-SPIKE DETECTADO] Contexto similar a previo a 5x (n=44 muestras | avg_low=33.80%)
2026-05-13 22:05:43 [INFO] main_v3 — [PRE-SPIKE DETECTADO] Contexto similar a previo a 10x (n=20 muestras | avg_low=32.70%)
2026-05-13 22:05:43 [INFO] main_v3 — [PRE-SPIKE DETECTADO] Contexto similar a previo a 20x (n=9 muestras | avg_low=33.30%)
2026-05-13 22:05:52 [INFO] db_v2 — [DUAL SIGNAL] id=16 mode=moon target=10.00x conf=32%
2026-05-13 22:05:53 [INFO] main_v3 — ✅ Señal #16 emitida | mode=moon target=10.0x conf=32% safe=46 hunter=70 moon=40
2026-05-13 22:05:58 [INFO] main_v3 — ❌ Dual señal #16 (moon 10.0x) → 1.18x en 1 ronda
2026-05-13 22:05:58 [DEBUG] entropy — [ENTROPÍA] score=0.085 label=estructurado structured=True dead=False
2026-05-13 22:05:58 [DEBUG] ml_clustering — [ML] contexto=neutral score=80 anomalía=1.000 similar=6 buffer=56
2026-05-13 22:05:58 [INFO] dual_engine — [DUAL ENGINE] mode=hunter emit=True target=8.00x safe=44 hunter=33 moon=0 entropy=0.085
2026-05-13 22:05:58 [INFO] main_v3 — [22:05:57] 1.18x | mode=hunter | safe=44 | hunter=33 | moon=0 | entropy=0.085 | comp=0.506 | tension=38
2026-05-13 22:05:58 [INFO] main_v3 — [HUNTER] target=8.0x score=33 | compresión=0.51 | tensión=38 | overdue_levels=[8] | binary_rareness=0.400
2026-05-13 22:05:59 [INFO] main_v3 — [ENTROPÍA] Entropía baja (0.085) con run-length=0.600. Posible compresión estadística activa.
2026-05-13 22:05:59 [INFO] main_v3 — [BINARIO] rareness=0.400 | longest_zero_run=6
2026-05-13 22:06:00 [INFO] main_v3 — [ANOMALÍA] Contexto: NEUTRAL (score=80) | Crash density 15r=46.67% | Compresión=0.506 | Entropía=0.085 | Anomalía=1.000
2026-05-13 22:06:00 [INFO] main_v3 — [DISTANCIA 8x SOBRE MEDIA] hace=17r | avg=7r
2026-05-13 22:06:02 [INFO] browser — [live_tick] ⚡ 1.01x (en vuelo)
2026-05-13 22:06:02 [INFO] browser — [live_tick] ⚡ 1.07x (en vuelo)
2026-05-13 22:06:04 [INFO] browser — [live_tick] ⏸ entre rondas
2026-05-13 22:06:04 [DEBUG] entropy — [ENTROPÍA] score=0.466 label=estructurado structured=True dead=False
2026-05-13 22:06:04 [DEBUG] ml_clustering — [ML] contexto=neutral score=71 anomalía=1.000 similar=0 buffer=57
2026-05-13 22:06:04 [INFO] dual_engine — [DUAL ENGINE] mode=hunter emit=True target=8.00x safe=36 hunter=28 moon=0 entropy=0.466
2026-05-13 22:06:04 [INFO] main_v3 — [22:06:04] 1.10x | mode=hunter | safe=36 | hunter=28 | moon=0 | entropy=0.466 | comp=0.506 | tension=39
2026-05-13 22:06:04 [INFO] main_v3 — [HUNTER] target=8.0x score=28 | compresión=0.51 | tensión=39 | overdue_levels=[8] | binary_rareness=0.400
2026-05-13 22:06:04 [INFO] main_v3 — [ENTROPÍA] Entropía baja (0.466) con run-length=0.600. Posible compresión estadística activa.
2026-05-13 22:06:04 [INFO] main_v3 — [BINARIO] rareness=0.400 | longest_zero_run=6
2026-05-13 22:06:04 [INFO] main_v3 — [ANOMALÍA] Contexto: NEUTRAL (score=71) | Crash density 15r=53.33% | Compresión=0.506 | Entropía=0.466 | Anomalía=1.000
2026-05-13 22:06:04 [INFO] main_v3 — [DISTANCIA 8x SOBRE MEDIA] hace=18r | avg=7r
2026-05-13 22:06:11 [INFO] browser — [live_tick] ⚡ 1.01x (en vuelo)
2026-05-13 22:06:12 [INFO] advanced_stats — [COMPRESIÓN] COMPRESIÓN ALTA | score=0.66 | ultra_low=5/10 | racha=3
2026-05-13 22:06:12 [DEBUG] entropy — [ENTROPÍA] score=0.438 label=estructurado structured=True dead=False
2026-05-13 22:06:12 [DEBUG] ml_clustering — [ML] contexto=neutral score=72 anomalía=1.000 similar=1 buffer=58
2026-05-13 22:06:12 [INFO] dual_engine — [DUAL ENGINE] mode=hunter emit=True target=8.00x safe=36 hunter=43 moon=9 entropy=0.438
2026-05-13 22:06:12 [INFO] main_v3 — [22:06:12] 1.04x | mode=hunter | safe=36 | hunter=43 | moon=9 | entropy=0.438 | comp=0.662 | tension=46
2026-05-13 22:06:13 [INFO] main_v3 — [HUNTER] target=8.0x score=43 | compresión=0.66 | tensión=46 | overdue_levels=[8] | binary_rareness=0.400
2026-05-13 22:06:13 [INFO] main_v3 — [ENTROPÍA] Entropía baja (0.438) con run-length=0.600. Posible compresión estadística activa.
2026-05-13 22:06:13 [INFO] main_v3 — [BINARIO] rareness=0.400 | longest_zero_run=6
2026-05-13 22:06:13 [INFO] main_v3 — [ANOMALÍA] Contexto: NEUTRAL (score=72) | Crash density 15r=53.33% | Compresión=0.662 | Entropía=0.438 | Anomalía=1.000
2026-05-13 22:06:13 [INFO] main_v3 — [COMPRESIÓN ALTA] score=0.66 ultra_low=5/10 racha_max=3
2026-05-13 22:06:14 [INFO] main_v3 — [DISTANCIA 8x SOBRE MEDIA] hace=19r | avg=7r
2026-05-13 22:06:14 [INFO] db_advanced — [COMPRESIÓN GUARDADA] id=37 score=0.66 label=COMPRESIÓN ALTA
2026-05-13 22:06:15 [INFO] browser — [live_tick] ⏸ entre rondas
2026-05-13 22:06:21 [INFO] browser — [live_tick] ⚡ 1.02x (en vuelo)
2026-05-13 22:06:21 [INFO] browser — [live_tick] ⚡ 1.08x (en vuelo)
2026-05-13 22:06:22 [INFO] browser — [live_tick] ⚡ 1.15x (en vuelo)
2026-05-13 22:06:23 [INFO] browser — [live_tick] ⚡ 1.23x (en vuelo)
2026-05-13 22:06:23 [INFO] browser — [live_tick] ⚡ 1.29x (en vuelo)
2026-05-13 22:06:24 [INFO] browser — [live_tick] ⚡ 1.36x (en vuelo)
2026-05-13 22:06:25 [INFO] browser — [live_tick] ⚡ 1.44x (en vuelo)
2026-05-13 22:06:25 [INFO] browser — [live_tick] ⚡ 1.53x (en vuelo)
2026-05-13 22:06:26 [INFO] browser — [live_tick] ⚡ 1.67x (en vuelo)
2026-05-13 22:06:27 [INFO] browser — [live_tick] ⚡ 1.77x (en vuelo)
2026-05-13 22:06:28 [INFO] browser — [live_tick] ⚡ 1.87x (en vuelo)
2026-05-13 22:06:28 [INFO] browser — [live_tick] ⚡ 1.98x (en vuelo)
2026-05-13 22:06:29 [INFO] browser — [live_tick] ⚡ 2.16x (en vuelo)
2026-05-13 22:06:30 [INFO] browser — [live_tick] ⚡ 2.25x (en vuelo)
2026-05-13 22:06:31 [INFO] browser — [live_tick] ⏸ entre rondas
2026-05-13 22:06:32 [INFO] advanced_stats — [COMPRESIÓN] COMPRESIÓN ALTA | score=0.66 | ultra_low=5/10 | racha=3
2026-05-13 22:06:32 [INFO] advanced_stats — [DISTANCIA 8x ELEVADA] hace=20r | avg=7r | z=2.2σ | presión=1.00
2026-05-13 22:06:32 [DEBUG] entropy — [ENTROPÍA] score=0.421 label=estructurado structured=True dead=False
2026-05-13 22:06:32 [DEBUG] ml_clustering — [ML] contexto=neutral score=73 anomalía=1.000 similar=1 buffer=59
2026-05-13 22:06:32 [INFO] dual_engine — [DUAL ENGINE] mode=hunter emit=True target=8.00x safe=44 hunter=49 moon=11 entropy=0.421
2026-05-13 22:06:32 [INFO] main_v3 — [22:06:31] 2.29x | mode=hunter | safe=44 | hunter=49 | moon=11 | entropy=0.421 | comp=0.662 | tension=48
2026-05-13 22:06:32 [INFO] main_v3 — [HUNTER] target=8.0x score=49 | compresión=0.66 | tensión=48 | overdue_levels=[8] | binary_rareness=0.400
2026-05-13 22:06:32 [INFO] main_v3 — [ENTROPÍA] Entropía baja (0.421) con run-length=0.580. Posible compresión estadística activa.
2026-05-13 22:06:32 [INFO] main_v3 — [BINARIO] rareness=0.400 | longest_zero_run=6
2026-05-13 22:06:32 [INFO] main_v3 — [ANOMALÍA] Contexto: NEUTRAL (score=73) | Crash density 15r=46.67% | Compresión=0.662 | Entropía=0.421 | Anomalía=1.000
2026-05-13 22:06:32 [INFO] main_v3 — [COMPRESIÓN ALTA] score=0.66 ultra_low=5/10 racha_max=3
2026-05-13 22:06:32 [INFO] main_v3 — [DISTANCIA 8x ELEVADA] hace=20r | avg=7r | z=2.2σ | presión=1.00
2026-05-13 22:06:33 [INFO] db_advanced — [COMPRESIÓN GUARDADA] id=38 score=0.66 label=COMPRESIÓN ALTA
2026-05-13 22:06:39 [INFO] browser — [live_tick] ⚡ 1.02x (en vuelo)
2026-05-13 22:06:40 [INFO] browser — [live_tick] ⚡ 1.13x (en vuelo)
2026-05-13 22:06:41 [INFO] browser — [live_tick] ⏸ entre rondas
2026-05-13 22:06:44 [INFO] advanced_stats — [COMPRESIÓN] COMPRESIÓN ALTA | score=0.76 | ultra_low=6/10 | racha=3
2026-05-13 22:06:44 [INFO] advanced_stats — [DISTANCIA 8x ELEVADA] hace=21r | avg=7r | z=2.3σ | presión=1.00
2026-05-13 22:06:44 [DEBUG] entropy — [ENTROPÍA] score=0.421 label=estructurado structured=True dead=False
2026-05-13 22:06:44 [DEBUG] ml_clustering — [ML] contexto=neutral score=73 anomalía=1.000 similar=2 buffer=60
2026-05-13 22:06:44 [INFO] dual_engine — [DUAL ENGINE] mode=hunter emit=True target=8.00x safe=40 hunter=49 moon=13 entropy=0.421
2026-05-13 22:06:45 [INFO] main_v3 — [22:06:44] 1.18x | mode=hunter | safe=40 | hunter=49 | moon=13 | entropy=0.421 | comp=0.759 | tension=53
2026-05-13 22:06:45 [INFO] main_v3 — [HUNTER] target=8.0x score=49 | compresión=0.76 | tensión=53 | overdue_levels=[8]
2026-05-13 22:06:45 [INFO] main_v3 — [ENTROPÍA] Entropía baja (0.421) con run-length=0.580. Posible compresión estadística activa.
2026-05-13 22:06:45 [INFO] main_v3 — [ANOMALÍA] Contexto: NEUTRAL (score=73) | Crash density 15r=46.67% | Compresión=0.759 | Entropía=0.421 | Anomalía=1.000
2026-05-13 22:06:45 [INFO] main_v3 — [COMPRESIÓN ALTA] score=0.76 ultra_low=6/10 racha_max=3
2026-05-13 22:06:45 [INFO] main_v3 — [DISTANCIA 8x ELEVADA] hace=21r | avg=7r | z=2.3σ | presión=1.00
2026-05-13 22:06:46 [INFO] db_advanced — [COMPRESIÓN GUARDADA] id=39 score=0.76 label=COMPRESIÓN ALTA
2026-05-13 22:06:50 [INFO] browser — [live_tick] ⚡ 1.00x (en vuelo)
2026-05-13 22:06:51 [INFO] browser — [live_tick] ⚡ 1.07x (en vuelo)
2026-05-13 22:06:51 [INFO] browser — [live_tick] ⚡ 1.13x (en vuelo)
2026-05-13 22:06:52 [INFO] browser — [live_tick] ⚡ 1.20x (en vuelo)
2026-05-13 22:06:53 [INFO] advanced_stats — [COMPRESIÓN] COMPRESIÓN ALTA | score=0.76 | ultra_low=6/10 | racha=3
2026-05-13 22:06:53 [INFO] advanced_stats — [DISTANCIA 8x ELEVADA] hace=22r | avg=7r | z=2.5σ | presión=1.00
2026-05-13 22:06:53 [DEBUG] entropy — [ENTROPÍA] score=0.421 label=estructurado structured=True dead=False
2026-05-13 22:06:53 [DEBUG] ml_clustering — [ML] contexto=neutral score=72 anomalía=1.000 similar=3 buffer=61
2026-05-13 22:06:53 [INFO] dual_engine — [DUAL ENGINE] mode=moon emit=True target=10.00x safe=39 hunter=50 moon=31 entropy=0.421
2026-05-13 22:06:54 [INFO] main_v3 — [22:06:53] 1.29x | mode=moon | safe=39 | hunter=50 | moon=31 | entropy=0.421 | comp=0.759 | tension=55
2026-05-13 22:06:54 [INFO] main_v3 — [MOON] target=10.0x score=31 | compresión=0.76 | tensión=55 | overdue_levels=[8, 10]
2026-05-13 22:06:54 [INFO] main_v3 — [ENTROPÍA] Entropía baja (0.421) con run-length=0.600. Posible compresión estadística activa.
2026-05-13 22:06:54 [INFO] main_v3 — [ANOMALÍA] Contexto: NEUTRAL (score=72) | Crash density 15r=53.33% | Compresión=0.759 | Entropía=0.421 | Anomalía=1.000
2026-05-13 22:06:54 [INFO] main_v3 — [COMPRESIÓN ALTA] score=0.76 ultra_low=6/10 racha_max=3
2026-05-13 22:06:54 [INFO] main_v3 — [DISTANCIA 8x ELEVADA] hace=22r | avg=7r | z=2.5σ | presión=1.00
2026-05-13 22:06:54 [INFO] main_v3 — [DISTANCIA 10x SOBRE MEDIA] hace=22r | avg=12r
2026-05-13 22:06:54 [INFO] db_advanced — [COMPRESIÓN GUARDADA] id=40 score=0.76 label=COMPRESIÓN ALTA
2026-05-13 22:06:54 [INFO] browser — [live_tick] ⏸ entre rondas
2026-05-13 22:07:01 [INFO] browser — [live_tick] ⚡ 1.01x (en vuelo)
2026-05-13 22:07:03 [INFO] browser — [live_tick] ⚡ 1.23x (en vuelo)
2026-05-13 22:07:04 [INFO] browser — [live_tick] ⚡ 1.31x (en vuelo)
2026-05-13 22:07:05 [INFO] browser — [live_tick] ⚡ 1.42x (en vuelo)
2026-05-13 22:07:06 [INFO] browser — [live_tick] ⚡ 1.51x (en vuelo)
2026-05-13 22:07:06 [INFO] browser — [live_tick] ⚡ 1.60x (en vuelo)
2026-05-13 22:07:08 [INFO] browser — [live_tick] ⚡ 1.77x (en vuelo)
2026-05-13 22:07:08 [INFO] browser — [live_tick] ⏸ entre rondas
2026-05-13 22:07:11 [INFO] advanced_stats — [COMPRESIÓN] COMPRESIÓN ALTA | score=0.66 | ultra_low=5/10 | racha=3
2026-05-13 22:07:11 [INFO] advanced_stats — [DISTANCIA 8x ELEVADA] hace=23r | avg=7r | z=2.7σ | presión=1.00
2026-05-13 22:07:11 [DEBUG] entropy — [ENTROPÍA] score=0.421 label=estructurado structured=True dead=False
2026-05-13 22:07:12 [DEBUG] ml_clustering — [ML] contexto=neutral score=73 anomalía=1.000 similar=4 buffer=62
2026-05-13 22:07:12 [INFO] dual_engine — [DUAL ENGINE] mode=moon emit=True target=10.00x safe=39 hunter=54 moon=31 entropy=0.421
2026-05-13 22:07:12 [INFO] main_v3 — [22:07:11] 1.87x | mode=moon | safe=39 | hunter=54 | moon=31 | entropy=0.421 | comp=0.662 | tension=53
2026-05-13 22:07:12 [INFO] main_v3 — [MOON] target=10.0x score=31 | compresión=0.66 | tensión=53 | overdue_levels=[5, 8, 10]
2026-05-13 22:07:12 [INFO] main_v3 — [ENTROPÍA] Entropía baja (0.421) con run-length=0.600. Posible compresión estadística activa.
2026-05-13 22:07:12 [INFO] main_v3 — [ANOMALÍA] Contexto: NEUTRAL (score=73) | Crash density 15r=46.67% | Compresión=0.662 | Entropía=0.421 | Anomalía=1.000
2026-05-13 22:07:12 [INFO] main_v3 — [COMPRESIÓN ALTA] score=0.66 ultra_low=5/10 racha_max=3
2026-05-13 22:07:12 [INFO] main_v3 — [DISTANCIA 5x SOBRE MEDIA] hace=8r | avg=4r
2026-05-13 22:07:12 [INFO] main_v3 — [DISTANCIA 8x ELEVADA] hace=23r | avg=7r | z=2.7σ | presión=1.00
2026-05-13 22:07:12 [INFO] main_v3 — [DISTANCIA 10x SOBRE MEDIA] hace=23r | avg=12r
2026-05-13 22:07:13 [INFO] db_advanced — [COMPRESIÓN GUARDADA] id=41 score=0.66 label=COMPRESIÓN ALTA
2026-05-13 22:07:17 [INFO] browser — [live_tick] ⚡ 1.01x (en vuelo)
2026-05-13 22:07:18 [INFO] browser — [live_tick] ⚡ 1.07x (en vuelo)
2026-05-13 22:07:19 [INFO] browser — [live_tick] ⚡ 1.17x (en vuelo)
2026-05-13 22:07:20 [INFO] browser — [live_tick] ⚡ 1.27x (en vuelo)
2026-05-13 22:07:20 [INFO] browser — [live_tick] ⚡ 1.34x (en vuelo)
2026-05-13 22:07:21 [INFO] browser — [live_tick] ⚡ 1.42x (en vuelo)
2026-05-13 22:07:22 [INFO] browser — [live_tick] ⚡ 1.49x (en vuelo)
2026-05-13 22:07:23 [INFO] browser — [live_tick] ⚡ 1.60x (en vuelo)
2026-05-13 22:07:23 [INFO] browser — [live_tick] ⚡ 1.74x (en vuelo)
2026-05-13 22:07:24 [INFO] browser — [live_tick] ⚡ 1.82x (en vuelo)
2026-05-13 22:07:25 [INFO] browser — [live_tick] ⚡ 2.01x (en vuelo)
2026-05-13 22:07:26 [INFO] browser — [live_tick] ⚡ 2.22x (en vuelo)
2026-05-13 22:07:28 [INFO] browser — [live_tick] ⚡ 2.60x (en vuelo)
2026-05-13 22:07:28 [INFO] browser — [live_tick] ⚡ 2.75x (en vuelo)
2026-05-13 22:07:29 [INFO] browser — [live_tick] ⚡ 2.96x (en vuelo)
2026-05-13 22:07:30 [INFO] browser — [live_tick] ⚡ 3.13x (en vuelo)
2026-05-13 22:07:31 [INFO] browser — [live_tick] ⚡ 3.36x (en vuelo)
2026-05-13 22:07:32 [INFO] browser — [live_tick] ⚡ 3.51x (en vuelo)
2026-05-13 22:07:32 [INFO] browser — [live_tick] ⚡ 3.94x (en vuelo)
2026-05-13 22:07:33 [INFO] browser — [live_tick] ⚡ 4.17x (en vuelo)
2026-05-13 22:07:34 [INFO] browser — [live_tick] ⚡ 4.41x (en vuelo)
2026-05-13 22:07:34 [INFO] browser — [live_tick] ⚡ 4.67x (en vuelo)
2026-05-13 22:07:35 [INFO] browser — [live_tick] ⚡ 5.02x (en vuelo)
2026-05-13 22:07:36 [INFO] browser — [live_tick] ⚡ 5.31x (en vuelo)
2026-05-13 22:07:37 [INFO] browser — [live_tick] ⚡ 5.96x (en vuelo)
2026-05-13 22:07:38 [INFO] browser — [live_tick] ⚡ 6.40x (en vuelo)
2026-05-13 22:07:39 [INFO] browser — [live_tick] ⚡ 6.97x (en vuelo)
2026-05-13 22:07:39 [INFO] browser — [live_tick] ⚡ 7.28x (en vuelo)
2026-05-13 22:07:40 [INFO] browser — [live_tick] ⚡ 8.05x (en vuelo)
2026-05-13 22:07:41 [INFO] browser — [live_tick] ⚡ 8.52x (en vuelo)
2026-05-13 22:07:42 [INFO] browser — [live_tick] ⚡ 9.42x (en vuelo)
2026-05-13 22:07:43 [INFO] browser — [live_tick] ⚡ 9.97x (en vuelo)
2026-05-13 22:07:44 [INFO] browser — [live_tick] ⚡ 11.02x (en vuelo)
2026-05-13 22:07:45 [INFO] browser — [live_tick] ⚡ 11.67x (en vuelo)
2026-05-13 22:07:45 [INFO] browser — [live_tick] ⚡ 12.53x (en vuelo)
2026-05-13 22:07:46 [INFO] browser — [live_tick] ⚡ 13.46x (en vuelo)
2026-05-13 22:07:47 [INFO] browser — [live_tick] ⚡ 14.25x (en vuelo)
2026-05-13 22:07:47 [INFO] browser — [live_tick] ⚡ 15.31x (en vuelo)
2026-05-13 22:07:48 [INFO] browser — [live_tick] ⚡ 16.21x (en vuelo)
2026-05-13 22:07:49 [INFO] browser — [live_tick] ⚡ 16.92x (en vuelo)
2026-05-13 22:07:49 [INFO] browser — [live_tick] ⚡ 17.91x (en vuelo)
2026-05-13 22:07:50 [INFO] browser — [live_tick] ⚡ 19.51x (en vuelo)
2026-05-13 22:07:52 [INFO] browser — [live_tick] ⚡ 23.50x (en vuelo)
2026-05-13 22:07:54 [INFO] browser — [live_tick] ⚡ 27.50x (en vuelo)
2026-05-13 22:07:55 [INFO] browser — [live_tick] ⚡ 29.53x (en vuelo)
2026-05-13 22:07:56 [INFO] browser — [live_tick] ⚡ 32.18x (en vuelo)
2026-05-13 22:07:57 [INFO] browser — [live_tick] ⚡ 35.06x (en vuelo)
2026-05-13 22:07:58 [INFO] browser — [live_tick] ⚡ 38.75x (en vuelo)
2026-05-13 22:07:59 [INFO] browser — [live_tick] ⚡ 44.70x (en vuelo)
2026-05-13 22:08:00 [INFO] analyzer — Anti-FOMO: spike 45.99x → bloqueando 3 rondas.
2026-05-13 22:08:00 [INFO] advanced_stats — [POST_SPIKE_COOLDOWN] 45.99x >= 5x → bloqueando 2 rondas
2026-05-13 22:08:00 [INFO] advanced_stats — [POST_SPIKE_COOLDOWN] 45.99x >= 8x → bloqueando 2 rondas
2026-05-13 22:08:00 [INFO] advanced_stats — [POST_SPIKE_COOLDOWN] 45.99x >= 10x → bloqueando 3 rondas
2026-05-13 22:08:00 [INFO] advanced_stats — [POST_SPIKE_COOLDOWN] 45.99x >= 20x → bloqueando 4 rondas
2026-05-13 22:08:00 [DEBUG] db_advanced — spike_distances: nivel=5x dist=9 val=45.99
2026-05-13 22:08:00 [DEBUG] db_advanced — pre_spike_context guardado: 45.99x (nivel=5x)
2026-05-13 22:08:00 [INFO] spike_tracker — [SPIKE] 45.99x >= 5x | distancia=9 rondas
2026-05-13 22:08:00 [DEBUG] db_advanced — spike_distances: nivel=8x dist=24 val=45.99
2026-05-13 22:08:01 [DEBUG] db_advanced — pre_spike_context guardado: 45.99x (nivel=8x)
2026-05-13 22:08:01 [INFO] spike_tracker — [SPIKE] 45.99x >= 8x | distancia=24 rondas
2026-05-13 22:08:01 [DEBUG] db_advanced — spike_distances: nivel=10x dist=24 val=45.99
2026-05-13 22:08:01 [DEBUG] db_advanced — pre_spike_context guardado: 45.99x (nivel=10x)
2026-05-13 22:08:01 [INFO] spike_tracker — [SPIKE] 45.99x >= 10x | distancia=24 rondas
2026-05-13 22:08:01 [DEBUG] db_advanced — spike_distances: nivel=20x dist=34 val=45.99
2026-05-13 22:08:01 [DEBUG] db_advanced — pre_spike_context guardado: 45.99x (nivel=20x)
2026-05-13 22:08:01 [INFO] spike_tracker — [SPIKE] 45.99x >= 20x | distancia=34 rondas
2026-05-13 22:08:01 [INFO] advanced_stats — [COMPRESIÓN] COMPRESIÓN ALTA | score=0.66 | ultra_low=5/10 | racha=3
2026-05-13 22:08:01 [DEBUG] entropy — [ENTROPÍA] score=0.350 label=estructurado structured=True dead=False
2026-05-13 22:08:01 [DEBUG] ml_clustering — [ML] contexto=neutral score=68 anomalía=1.000 similar=0 buffer=63
2026-05-13 22:08:01 [INFO] dual_engine — [DUAL ENGINE] mode=none emit=False target=0.00x safe=25 hunter=40 moon=26 entropy=0.350
2026-05-13 22:08:01 [INFO] main_v3 — [22:08:00] 45.99x | mode=none | safe=25 | hunter=40 | moon=26 | entropy=0.350 | comp=0.662 | tension=27
2026-05-13 22:08:01 [INFO] main_v3 — [ENTROPÍA] Entropía baja (0.350) con run-length=0.580. Posible compresión estadística activa.
2026-05-13 22:08:01 [INFO] main_v3 — [ANOMALÍA] Contexto: NEUTRAL (score=67) | Crash density 15r=46.67% | Compresión=0.662 | Entropía=0.350 | Anomalía=1.000
2026-05-13 22:08:01 [INFO] main_v3 — [POST_SPIKE_COOLDOWN] Bloqueado 3 rondas tras 20x
2026-05-13 22:08:01 [INFO] main_v3 — [COMPRESIÓN ALTA] score=0.66 ultra_low=5/10 racha_max=3
2026-05-13 22:08:01 [INFO] main_v3 — [DISTANCIA 50x SOBRE MEDIA] hace=56r | avg=30r
2026-05-13 22:08:01 [INFO] db_advanced — [COMPRESIÓN GUARDADA] id=42 score=0.66 label=COMPRESIÓN ALTA
2026-05-13 22:08:03 [INFO] browser — [live_tick] ⏸ entre rondas
2026-05-13 22:08:09 [INFO] browser — [live_tick] ⚡ 1.05x (en vuelo)
2026-05-13 22:08:10 [INFO] browser — [live_tick] ⚡ 1.17x (en vuelo)
2026-05-13 22:08:12 [INFO] browser — [live_tick] ⚡ 1.38x (en vuelo)
2026-05-13 22:08:13 [INFO] browser — [live_tick] ⚡ 1.49x (en vuelo)
2026-05-13 22:08:15 [INFO] browser — [live_tick] ⚡ 1.69x (en vuelo)
2026-05-13 22:08:15 [INFO] browser — [live_tick] ⚡ 1.84x (en vuelo)
2026-05-13 22:08:17 [INFO] browser — [live_tick] ⚡ 2.04x (en vuelo)
2026-05-13 22:08:18 [INFO] browser — [live_tick] ⚡ 2.25x (en vuelo)
2026-05-13 22:08:19 [INFO] browser — [live_tick] ⚡ 2.56x (en vuelo)
2026-05-13 22:08:21 [INFO] browser — [live_tick] ⚡ 2.91x (en vuelo)
2026-05-13 22:08:22 [INFO] browser — [live_tick] ⏸ entre rondas
2026-05-13 22:08:23 [INFO] advanced_stats — [COMPRESIÓN] COMPRESIÓN ALTA | score=0.66 | ultra_low=5/10 | racha=3
2026-05-13 22:08:23 [DEBUG] entropy — [ENTROPÍA] score=0.329 label=estructurado structured=True dead=False
2026-05-13 22:08:23 [DEBUG] ml_clustering — [ML] contexto=neutral score=68 anomalía=1.000 similar=1 buffer=64
2026-05-13 22:08:23 [INFO] dual_engine — [DUAL ENGINE] mode=none emit=False target=0.00x safe=25 hunter=40 moon=26 entropy=0.329
2026-05-13 22:08:23 [INFO] main_v3 — [22:08:22] 3.09x | mode=none | safe=25 | hunter=40 | moon=26 | entropy=0.329 | comp=0.662 | tension=27
2026-05-13 22:08:23 [INFO] main_v3 — [ENTROPÍA] Entropía baja (0.329) con run-length=0.580. Posible compresión estadística activa.
2026-05-13 22:08:23 [INFO] main_v3 — [ANOMALÍA] Contexto: NEUTRAL (score=68) | Crash density 15r=46.67% | Compresión=0.662 | Entropía=0.329 | Anomalía=1.000
2026-05-13 22:08:23 [INFO] main_v3 — [POST_SPIKE_COOLDOWN] Bloqueado 2 rondas tras 20x
2026-05-13 22:08:23 [INFO] main_v3 — [COMPRESIÓN ALTA] score=0.66 ultra_low=5/10 racha_max=3
2026-05-13 22:08:23 [INFO] main_v3 — [DISTANCIA 50x SOBRE MEDIA] hace=57r | avg=30r
2026-05-13 22:08:24 [INFO] db_advanced — [COMPRESIÓN GUARDADA] id=43 score=0.66 label=COMPRESIÓN ALTA
2026-05-13 22:08:30 [INFO] browser — [live_tick] ⚡ 1.00x (en vuelo)
2026-05-13 22:08:31 [INFO] browser — [live_tick] ⚡ 1.10x (en vuelo)
2026-05-13 22:08:32 [INFO] browser — [live_tick] ⚡ 1.20x (en vuelo)
2026-05-13 22:08:33 [INFO] browser — [live_tick] ⚡ 1.38x (en vuelo)
2026-05-13 22:08:34 [INFO] browser — [live_tick] ⚡ 1.51x (en vuelo)
2026-05-13 22:08:36 [INFO] browser — [live_tick] ⚡ 1.82x (en vuelo)
2026-05-13 22:08:37 [INFO] browser — [live_tick] ⚡ 1.95x (en vuelo)
2026-05-13 22:08:38 [INFO] browser — [live_tick] ⚡ 2.13x (en vuelo)
2026-05-13 22:08:39 [INFO] browser — [live_tick] ⚡ 2.35x (en vuelo)
2026-05-13 22:08:41 [INFO] browser — [live_tick] ⚡ 2.60x (en vuelo)
2026-05-13 22:08:42 [INFO] browser — [live_tick] ⚡ 3.04x (en vuelo)
2026-05-13 22:08:44 [INFO] browser — [live_tick] ⏸ entre rondas
2026-05-13 22:08:44 [INFO] advanced_stats — [COMPRESIÓN] COMPRESIÓN ALTA | score=0.66 | ultra_low=5/10 | racha=3
2026-05-13 22:08:44 [DEBUG] entropy — [ENTROPÍA] score=0.307 label=estructurado structured=True dead=False
2026-05-13 22:08:44 [DEBUG] ml_clustering — [ML] contexto=neutral score=68 anomalía=1.000 similar=2 buffer=65
2026-05-13 22:08:44 [INFO] dual_engine — [DUAL ENGINE] mode=none emit=False target=0.00x safe=25 hunter=40 moon=26 entropy=0.307
2026-05-13 22:08:44 [INFO] main_v3 — [22:08:44] 3.13x | mode=none | safe=25 | hunter=40 | moon=26 | entropy=0.307 | comp=0.662 | tension=27
2026-05-13 22:08:45 [INFO] main_v3 — [ENTROPÍA] Entropía baja (0.307) con run-length=0.580. Posible compresión estadística activa.
2026-05-13 22:08:45 [INFO] main_v3 — [ANOMALÍA] Contexto: NEUTRAL (score=68) | Crash density 15r=46.67% | Compresión=0.662 | Entropía=0.307 | Anomalía=1.000
2026-05-13 22:08:45 [INFO] main_v3 — [POST_SPIKE_COOLDOWN] Bloqueado 1 rondas tras 20x
2026-05-13 22:08:45 [INFO] main_v3 — [COMPRESIÓN ALTA] score=0.66 ultra_low=5/10 racha_max=3
2026-05-13 22:08:45 [INFO] main_v3 — [DISTANCIA 50x SOBRE MEDIA] hace=58r | avg=30r
2026-05-13 22:08:45 [INFO] db_advanced — [COMPRESIÓN GUARDADA] id=44 score=0.66 label=COMPRESIÓN ALTA
2026-05-13 22:08:52 [INFO] browser — [live_tick] ⚡ 1.08x (en vuelo)
2026-05-13 22:08:53 [INFO] browser — [live_tick] ⚡ 1.22x (en vuelo)
2026-05-13 22:08:54 [INFO] browser — [live_tick] ⚡ 1.33x (en vuelo)
2026-05-13 22:08:56 [INFO] browser — [live_tick] ⚡ 1.51x (en vuelo)
2026-05-13 22:08:57 [INFO] browser — [live_tick] ⚡ 1.74x (en vuelo)
2026-05-13 22:08:58 [INFO] browser — [live_tick] ⚡ 1.90x (en vuelo)
2026-05-13 22:08:59 [INFO] browser — [live_tick] ⚡ 2.07x (en vuelo)
2026-05-13 22:09:05 [INFO] browser — [live_tick] ⚡ 2.91x (en vuelo)
2026-05-13 22:09:07 [DEBUG] entropy — [ENTROPÍA] score=0.307 label=estructurado structured=True dead=False
2026-05-13 22:09:07 [DEBUG] ml_clustering — [ML] contexto=neutral score=69 anomalía=1.000 similar=3 buffer=66
2026-05-13 22:09:07 [INFO] dual_engine — [DUAL ENGINE] mode=hunter emit=True target=8.00x safe=22 hunter=29 moon=10 entropy=0.307
2026-05-13 22:09:07 [INFO] main_v3 — [22:09:07] 3.36x | mode=hunter | safe=22 | hunter=29 | moon=10 | entropy=0.307 | comp=0.506 | tension=22
2026-05-13 22:09:07 [INFO] main_v3 — [HUNTER] target=8.0x score=29 | compresión=0.51 | overdue_levels=[50]
2026-05-13 22:09:07 [INFO] main_v3 — [ENTROPÍA] Entropía baja (0.307) con run-length=0.600. Posible compresión estadística activa.
2026-05-13 22:09:07 [INFO] main_v3 — [ANOMALÍA] Contexto: NEUTRAL (score=69) | Crash density 15r=40.00% | Compresión=0.506 | Entropía=0.307 | Anomalía=1.000
2026-05-13 22:09:07 [INFO] main_v3 — [DISTANCIA 50x SOBRE MEDIA] hace=59r | avg=30r
2026-05-13 22:09:18 [INFO] db_v2 — [DUAL SIGNAL] id=17 mode=hunter target=8.00x conf=25%
2026-05-13 22:09:19 [INFO] main_v3 — ✅ Señal #17 emitida | mode=hunter target=8.0x conf=25% safe=22 hunter=29 moon=10
2026-05-13 22:09:26 [INFO] browser — [live_tick] ⏸ entre rondas
2026-05-13 22:09:31 [INFO] main_v3 — ❌ Dual señal #17 (hunter 8.0x) → 1.42x en 1 ronda
2026-05-13 22:09:31 [INFO] advanced_stats — [PRE-SPIKE DETECTADO] Contexto similar a previo a 5x (n=41 muestras | avg_low=33.80%)
2026-05-13 22:09:31 [INFO] advanced_stats — [PRE-SPIKE DETECTADO] Contexto similar a previo a 10x (n=18 muestras | avg_low=32.60%)
2026-05-13 22:09:32 [INFO] advanced_stats — [PRE-SPIKE DETECTADO] Contexto similar a previo a 20x (n=8 muestras | avg_low=33.30%)
2026-05-13 22:09:32 [INFO] browser — [live_tick] ⚡ 1.42x (en vuelo)
2026-05-13 22:09:32 [DEBUG] entropy — [ENTROPÍA] score=0.307 label=estructurado structured=True dead=False
2026-05-13 22:09:32 [DEBUG] ml_clustering — [ML] contexto=neutral score=69 anomalía=1.000 similar=1 buffer=67
2026-05-13 22:09:32 [INFO] dual_engine — [DUAL ENGINE] mode=moon emit=True target=10.00x safe=21 hunter=66 moon=50 entropy=0.307
2026-05-13 22:09:33 [INFO] main_v3 — [22:09:30] 1.42x | mode=moon | safe=21 | hunter=66 | moon=50 | entropy=0.307 | comp=0.434 | tension=20
2026-05-13 22:09:33 [INFO] main_v3 — [MOON] target=10.0x score=50 | compresión=0.43 | overdue_levels=[50]
2026-05-13 22:09:33 [INFO] main_v3 — [ENTROPÍA] Entropía baja (0.307) con run-length=0.580. Posible compresión estadística activa.
2026-05-13 22:09:33 [INFO] main_v3 — [ANOMALÍA] Contexto: NEUTRAL (score=69) | Crash density 15r=40.00% | Compresión=0.434 | Entropía=0.307 | Anomalía=1.000
2026-05-13 22:09:33 [INFO] main_v3 — [DISTANCIA 50x SOBRE MEDIA] hace=60r | avg=30r
2026-05-13 22:09:33 [INFO] main_v3 — [PRE-SPIKE DETECTADO] Contexto similar a previo a 5x (n=41 muestras | avg_low=33.80%)
2026-05-13 22:09:33 [INFO] main_v3 — [PRE-SPIKE DETECTADO] Contexto similar a previo a 10x (n=18 muestras | avg_low=32.60%)
2026-05-13 22:09:33 [INFO] main_v3 — [PRE-SPIKE DETECTADO] Contexto similar a previo a 20x (n=8 muestras | avg_low=33.30%)
2026-05-13 22:09:47 [INFO] advanced_stats — [PRE-SPIKE DETECTADO] Contexto similar a previo a 5x (n=41 muestras | avg_low=33.80%)
2026-05-13 22:09:48 [INFO] advanced_stats — [PRE-SPIKE DETECTADO] Contexto similar a previo a 10x (n=18 muestras | avg_low=32.60%)
2026-05-13 22:09:48 [INFO] advanced_stats — [PRE-SPIKE DETECTADO] Contexto similar a previo a 20x (n=8 muestras | avg_low=33.30%)
2026-05-13 22:09:48 [INFO] browser — [live_tick] ⚡ 1.36x (en vuelo)
2026-05-13 22:09:48 [DEBUG] entropy — [ENTROPÍA] score=0.307 label=estructurado structured=True dead=False
2026-05-13 22:09:48 [DEBUG] ml_clustering — [ML] contexto=neutral score=69 anomalía=1.000 similar=2 buffer=68
2026-05-13 22:09:48 [INFO] dual_engine — [DUAL ENGINE] mode=moon emit=True target=10.00x safe=35 hunter=64 moon=49 entropy=0.307
2026-05-13 22:09:48 [INFO] main_v3 — [22:09:47] 2.01x | mode=moon | safe=35 | hunter=64 | moon=49 | entropy=0.307 | comp=0.338 | tension=17
2026-05-13 22:09:48 [INFO] main_v3 — [MOON] target=10.0x score=49 | overdue_levels=[50]
2026-05-13 22:09:48 [INFO] main_v3 — [ENTROPÍA] Entropía baja (0.307) con run-length=0.580. Posible compresión estadística activa.
2026-05-13 22:09:48 [INFO] main_v3 — [ANOMALÍA] Contexto: NEUTRAL (score=69) | Crash density 15r=40.00% | Compresión=0.338 | Entropía=0.307 | Anomalía=1.000
2026-05-13 22:09:48 [INFO] main_v3 — [DISTANCIA 50x SOBRE MEDIA] hace=61r | avg=30r
2026-05-13 22:09:48 [INFO] main_v3 — [PRE-SPIKE DETECTADO] Contexto similar a previo a 5x (n=41 muestras | avg_low=33.80%)
2026-05-13 22:09:48 [INFO] main_v3 — [PRE-SPIKE DETECTADO] Contexto similar a previo a 10x (n=18 muestras | avg_low=32.60%)
2026-05-13 22:09:48 [INFO] main_v3 — [PRE-SPIKE DETECTADO] Contexto similar a previo a 20x (n=8 muestras | avg_low=33.30%)
2026-05-13 22:09:52 [INFO] browser — [live_tick] ⚡ 2.10x (en vuelo)
2026-05-13 22:09:58 [INFO] browser — [live_tick] ⚡ 3.61x (en vuelo)
2026-05-13 22:10:04 [INFO] browser — [live_tick] ⚡ 6.13x (en vuelo)
2026-05-13 22:10:06 [INFO] browser — [live_tick] ⚡ 7.93x (en vuelo)
2026-05-13 22:10:08 [INFO] browser — [live_tick] ⚡ 9.97x (en vuelo)
2026-05-13 22:10:10 [INFO] analyzer — Anti-FOMO: spike 10.26x → bloqueando 3 rondas.
2026-05-13 22:10:10 [INFO] advanced_stats — [POST_SPIKE_COOLDOWN] 10.26x >= 5x → bloqueando 2 rondas
2026-05-13 22:10:10 [INFO] advanced_stats — [POST_SPIKE_COOLDOWN] 10.26x >= 8x → bloqueando 2 rondas
2026-05-13 22:10:10 [INFO] advanced_stats — [POST_SPIKE_COOLDOWN] 10.26x >= 10x → bloqueando 3 rondas
2026-05-13 22:10:11 [DEBUG] db_advanced — spike_distances: nivel=5x dist=6 val=10.26
2026-05-13 22:10:11 [DEBUG] db_advanced — pre_spike_context guardado: 10.26x (nivel=5x)
2026-05-13 22:10:11 [INFO] spike_tracker — [SPIKE] 10.26x >= 5x | distancia=6 rondas
2026-05-13 22:10:11 [DEBUG] db_advanced — spike_distances: nivel=8x dist=6 val=10.26
2026-05-13 22:10:11 [DEBUG] db_advanced — pre_spike_context guardado: 10.26x (nivel=8x)
2026-05-13 22:10:11 [INFO] spike_tracker — [SPIKE] 10.26x >= 8x | distancia=6 rondas
2026-05-13 22:10:11 [DEBUG] db_advanced — spike_distances: nivel=10x dist=6 val=10.26
2026-05-13 22:10:11 [DEBUG] db_advanced — pre_spike_context guardado: 10.26x (nivel=10x)
2026-05-13 22:10:11 [INFO] spike_tracker — [SPIKE] 10.26x >= 10x | distancia=6 rondas
2026-05-13 22:10:11 [INFO] advanced_stats — [PRE-SPIKE DETECTADO] Contexto similar a previo a 5x (n=42 muestras | avg_low=34.00%)
2026-05-13 22:10:12 [INFO] advanced_stats — [PRE-SPIKE DETECTADO] Contexto similar a previo a 10x (n=19 muestras | avg_low=33.00%)
2026-05-13 22:10:12 [INFO] advanced_stats — [PRE-SPIKE DETECTADO] Contexto similar a previo a 20x (n=8 muestras | avg_low=33.30%)
2026-05-13 22:10:12 [DEBUG] entropy — [ENTROPÍA] score=0.304 label=estructurado structured=True dead=False
2026-05-13 22:10:12 [DEBUG] ml_clustering — [ML] contexto=neutral score=69 anomalía=1.000 similar=3 buffer=69
2026-05-13 22:10:12 [INFO] dual_engine — [DUAL ENGINE] mode=none emit=False target=0.00x safe=28 hunter=61 moon=50 entropy=0.304
2026-05-13 22:10:12 [INFO] main_v3 — [22:10:10] 10.26x | mode=none | safe=28 | hunter=61 | moon=50 | entropy=0.304 | comp=0.338 | tension=17
2026-05-13 22:10:13 [INFO] main_v3 — [ENTROPÍA] Entropía baja (0.304) con run-length=0.580. Posible compresión estadística activa.
2026-05-13 22:10:13 [INFO] main_v3 — [ANOMALÍA] Contexto: NEUTRAL (score=69) | Crash density 15r=40.00% | Compresión=0.338 | Entropía=0.304 | Anomalía=1.000
2026-05-13 22:10:13 [INFO] main_v3 — [POST_SPIKE_COOLDOWN] Bloqueado 2 rondas tras 10x
2026-05-13 22:10:13 [INFO] main_v3 — [DISTANCIA 50x SOBRE MEDIA] hace=62r | avg=30r
2026-05-13 22:10:13 [INFO] main_v3 — [PRE-SPIKE DETECTADO] Contexto similar a previo a 5x (n=42 muestras | avg_low=34.00%)
2026-05-13 22:10:13 [INFO] main_v3 — [PRE-SPIKE DETECTADO] Contexto similar a previo a 10x (n=19 muestras | avg_low=33.00%)
2026-05-13 22:10:13 [INFO] main_v3 — [PRE-SPIKE DETECTADO] Contexto similar a previo a 20x (n=8 muestras | avg_low=33.30%)
2026-05-13 22:10:27 [INFO] browser — [live_tick] ⏸ entre rondas
2026-05-13 22:10:30 [DEBUG] entropy — [ENTROPÍA] score=0.283 label=estructurado structured=True dead=False
2026-05-13 22:10:30 [DEBUG] ml_clustering — [CLUSTERING] Modelos re-entrenados con 70 muestras
2026-05-13 22:10:30 [DEBUG] ml_clustering — [ML] contexto=neutral score=69 anomalía=1.000 similar=3 buffer=70
2026-05-13 22:10:30 [INFO] dual_engine — [DUAL ENGINE] mode=none emit=False target=0.00x safe=28 hunter=18 moon=10 entropy=0.283
2026-05-13 22:10:30 [INFO] main_v3 — [22:10:30] 1.05x | mode=none | safe=28 | hunter=18 | moon=10 | entropy=0.283 | comp=0.278 | tension=15
2026-05-13 22:10:30 [INFO] main_v3 — [ENTROPÍA] Entropía baja (0.283) con run-length=0.560. Posible compresión estadística activa.
2026-05-13 22:10:30 [INFO] main_v3 — [ANOMALÍA] Contexto: NEUTRAL (score=69) | Crash density 15r=46.67% | Compresión=0.278 | Entropía=0.283 | Anomalía=1.000
2026-05-13 22:10:30 [INFO] main_v3 — [POST_SPIKE_COOLDOWN] Bloqueado 1 rondas tras 10x
2026-05-13 22:10:30 [INFO] main_v3 — [DISTANCIA 50x SOBRE MEDIA] hace=63r | avg=30r
2026-05-13 22:10:43 [INFO] advanced_stats — [PRE-SPIKE DETECTADO] Contexto similar a previo a 5x (n=42 muestras | avg_low=34.00%)
2026-05-13 22:10:43 [INFO] advanced_stats — [PRE-SPIKE DETECTADO] Contexto similar a previo a 10x (n=19 muestras | avg_low=33.00%)
2026-05-13 22:10:43 [INFO] advanced_stats — [PRE-SPIKE DETECTADO] Contexto similar a previo a 20x (n=8 muestras | avg_low=33.30%)
2026-05-13 22:10:43 [DEBUG] entropy — [ENTROPÍA] score=0.283 label=estructurado structured=True dead=False
2026-05-13 22:10:43 [DEBUG] ml_clustering — [ML] contexto=neutral score=69 anomalía=0.600 similar=3 buffer=71
2026-05-13 22:10:43 [INFO] dual_engine — [DUAL ENGINE] mode=moon emit=True target=10.00x safe=28 hunter=57 moon=50 entropy=0.283
2026-05-13 22:10:44 [INFO] main_v3 — [22:10:43] 1.40x | mode=moon | safe=28 | hunter=57 | moon=50 | entropy=0.283 | comp=0.206 | tension=12
2026-05-13 22:10:44 [INFO] main_v3 — [MOON] target=10.0x score=50 | overdue_levels=[50]
2026-05-13 22:10:44 [INFO] main_v3 — [ENTROPÍA] Entropía baja (0.283) con run-length=0.580. Posible compresión estadística activa.
2026-05-13 22:10:44 [INFO] main_v3 — [ANOMALÍA] Contexto: NEUTRAL (score=69) | Crash density 15r=46.67% | Compresión=0.206 | Entropía=0.283 | Anomalía=0.600
2026-05-13 22:10:44 [INFO] main_v3 — [DISTANCIA 50x SOBRE MEDIA] hace=64r | avg=30r
2026-05-13 22:10:44 [INFO] main_v3 — [PRE-SPIKE DETECTADO] Contexto similar a previo a 5x (n=42 muestras | avg_low=34.00%)
2026-05-13 22:10:44 [INFO] main_v3 — [PRE-SPIKE DETECTADO] Contexto similar a previo a 10x (n=19 muestras | avg_low=33.00%)
2026-05-13 22:10:44 [INFO] main_v3 — [PRE-SPIKE DETECTADO] Contexto similar a previo a 20x (n=8 muestras | avg_low=33.30%)
2026-05-13 22:10:53 [INFO] browser — [live_tick] ⚡ 1.44x (en vuelo)
2026-05-13 22:10:55 [INFO] browser — [live_tick] ⚡ 1.77x (en vuelo)
2026-05-13 22:10:57 [INFO] browser — [live_tick] ⚡ 2.13x (en vuelo)
2026-05-13 22:11:01 [INFO] browser — [live_tick] ⚡ 3.09x (en vuelo)
2026-05-13 22:11:04 [INFO] browser — [live_tick] ⚡ 3.82x (en vuelo)
2026-05-13 22:11:08 [INFO] browser — [live_tick] ⚡ 5.47x (en vuelo)
2026-05-13 22:11:09 [INFO] browser — [live_tick] ⚡ 6.59x (en vuelo)
2026-05-13 22:11:12 [INFO] browser — [live_tick] ⚡ 8.28x (en vuelo)
2026-05-13 22:11:16 [INFO] browser — [live_tick] ⏸ entre rondas
2026-05-13 22:11:26 [INFO] analyzer — Anti-FOMO: spike 8.77x → bloqueando 3 rondas.
2026-05-13 22:11:26 [INFO] advanced_stats — [POST_SPIKE_COOLDOWN] 8.77x >= 5x → bloqueando 2 rondas
2026-05-13 22:11:26 [INFO] advanced_stats — [POST_SPIKE_COOLDOWN] 8.77x >= 8x → bloqueando 2 rondas
2026-05-13 22:11:26 [DEBUG] db_advanced — spike_distances: nivel=5x dist=3 val=8.77
2026-05-13 22:11:26 [DEBUG] db_advanced — pre_spike_context guardado: 8.77x (nivel=5x)
2026-05-13 22:11:26 [INFO] spike_tracker — [SPIKE] 8.77x >= 5x | distancia=3 rondas
2026-05-13 22:11:26 [DEBUG] db_advanced — spike_distances: nivel=8x dist=3 val=8.77
2026-05-13 22:11:27 [DEBUG] db_advanced — pre_spike_context guardado: 8.77x (nivel=8x)
2026-05-13 22:11:27 [INFO] spike_tracker — [SPIKE] 8.77x >= 8x | distancia=3 rondas
2026-05-13 22:11:27 [INFO] browser — [live_tick] ⚡ 1.51x (en vuelo)
2026-05-13 22:11:27 [INFO] advanced_stats — [PRE-SPIKE DETECTADO] Contexto similar a previo a 5x (n=43 muestras | avg_low=34.40%)
2026-05-13 22:11:27 [INFO] advanced_stats — [PRE-SPIKE DETECTADO] Contexto similar a previo a 10x (n=19 muestras | avg_low=33.00%)
2026-05-13 22:11:27 [INFO] advanced_stats — [PRE-SPIKE DETECTADO] Contexto similar a previo a 20x (n=8 muestras | avg_low=33.30%)
2026-05-13 22:11:28 [DEBUG] entropy — [ENTROPÍA] score=0.307 label=estructurado structured=True dead=False
2026-05-13 22:11:28 [DEBUG] ml_clustering — [ML] contexto=neutral score=69 anomalía=0.600 similar=4 buffer=72
2026-05-13 22:11:28 [INFO] dual_engine — [DUAL ENGINE] mode=none emit=False target=0.00x safe=29 hunter=57 moon=50 entropy=0.307
2026-05-13 22:11:28 [INFO] main_v3 — [22:11:26] 8.77x | mode=none | safe=29 | hunter=57 | moon=50 | entropy=0.307 | comp=0.206 | tension=13
2026-05-13 22:11:28 [INFO] main_v3 — [ENTROPÍA] Entropía baja (0.307) con run-length=0.560. Posible compresión estadística activa.
2026-05-13 22:11:28 [INFO] main_v3 — [ANOMALÍA] Contexto: NEUTRAL (score=69) | Crash density 15r=40.00% | Compresión=0.206 | Entropía=0.307 | Anomalía=0.600
2026-05-13 22:11:28 [INFO] main_v3 — [POST_SPIKE_COOLDOWN] Bloqueado 1 rondas tras 8x
2026-05-13 22:11:28 [INFO] main_v3 — [DISTANCIA 50x SOBRE MEDIA] hace=65r | avg=30r
2026-05-13 22:11:28 [INFO] main_v3 — [PRE-SPIKE DETECTADO] Contexto similar a previo a 5x (n=43 muestras | avg_low=34.40%)
2026-05-13 22:11:28 [INFO] main_v3 — [PRE-SPIKE DETECTADO] Contexto similar a previo a 10x (n=19 muestras | avg_low=33.00%)
2026-05-13 22:11:28 [INFO] main_v3 — [PRE-SPIKE DETECTADO] Contexto similar a previo a 20x (n=8 muestras | avg_low=33.30%)
2026-05-13 22:11:33 [INFO] browser — [live_tick] ⚡ 2.49x (en vuelo)
2026-05-13 22:11:38 [INFO] advanced_stats — [PRE-SPIKE DETECTADO] Contexto similar a previo a 5x (n=43 muestras | avg_low=34.30%)
2026-05-13 22:11:38 [INFO] advanced_stats — [PRE-SPIKE DETECTADO] Contexto similar a previo a 10x (n=19 muestras | avg_low=33.00%)
2026-05-13 22:11:38 [INFO] advanced_stats — [PRE-SPIKE DETECTADO] Contexto similar a previo a 20x (n=8 muestras | avg_low=33.30%)
2026-05-13 22:11:39 [DEBUG] entropy — [ENTROPÍA] score=0.307 label=estructurado structured=True dead=False
2026-05-13 22:11:39 [DEBUG] ml_clustering — [ML] contexto=neutral score=70 anomalía=0.600 similar=5 buffer=73
2026-05-13 22:11:39 [INFO] dual_engine — [DUAL ENGINE] mode=moon emit=True target=10.00x safe=29 hunter=57 moon=50 entropy=0.307
2026-05-13 22:11:39 [INFO] main_v3 — [22:11:38] 2.91x | mode=moon | safe=29 | hunter=57 | moon=50 | entropy=0.307 | comp=0.206 | tension=13
2026-05-13 22:11:39 [INFO] main_v3 — [MOON] target=10.0x score=50 | overdue_levels=[50]
2026-05-13 22:11:39 [INFO] main_v3 — [ENTROPÍA] Entropía baja (0.307) con run-length=0.580. Posible compresión estadística activa.
2026-05-13 22:11:39 [INFO] main_v3 — [ANOMALÍA] Contexto: NEUTRAL (score=70) | Crash density 15r=33.33% | Compresión=0.206 | Entropía=0.307 | Anomalía=0.600
2026-05-13 22:11:40 [INFO] main_v3 — [DISTANCIA 50x SOBRE MEDIA] hace=66r | avg=30r
2026-05-13 22:11:40 [INFO] main_v3 — [PRE-SPIKE DETECTADO] Contexto similar a previo a 5x (n=43 muestras | avg_low=34.30%)
2026-05-13 22:11:40 [INFO] main_v3 — [PRE-SPIKE DETECTADO] Contexto similar a previo a 10x (n=19 muestras | avg_low=33.00%)
2026-05-13 22:11:40 [INFO] main_v3 — [PRE-SPIKE DETECTADO] Contexto similar a previo a 20x (n=8 muestras | avg_low=33.30%)
2026-05-13 22:11:48 [INFO] browser — [live_tick] ⏸ entre rondas
2026-05-13 22:11:59 [INFO] browser — [live_tick] ⚡ 3.41x (en vuelo)
2026-05-13 22:12:07 [INFO] advanced_stats — [PRE-SPIKE DETECTADO] Contexto similar a previo a 5x (n=43 muestras | avg_low=34.40%)
2026-05-13 22:12:07 [INFO] advanced_stats — [PRE-SPIKE DETECTADO] Contexto similar a previo a 10x (n=19 muestras | avg_low=33.00%)
2026-05-13 22:12:07 [INFO] advanced_stats — [PRE-SPIKE DETECTADO] Contexto similar a previo a 20x (n=8 muestras | avg_low=33.30%)
2026-05-13 22:12:07 [DEBUG] entropy — [ENTROPÍA] score=0.307 label=estructurado structured=True dead=False
2026-05-13 22:12:07 [DEBUG] ml_clustering — [ML] contexto=neutral score=70 anomalía=0.600 similar=6 buffer=74
2026-05-13 22:12:07 [INFO] dual_engine — [DUAL ENGINE] mode=moon emit=True target=10.00x safe=29 hunter=57 moon=50 entropy=0.307
2026-05-13 22:12:08 [INFO] main_v3 — [22:12:07] 4.74x | mode=moon | safe=29 | hunter=57 | moon=50 | entropy=0.307 | comp=0.206 | tension=13
2026-05-13 22:12:08 [INFO] main_v3 — [MOON] target=10.0x score=50 | overdue_levels=[50]
2026-05-13 22:12:08 [INFO] main_v3 — [ENTROPÍA] Entropía baja (0.307) con run-length=0.580. Posible compresión estadística activa.
2026-05-13 22:12:08 [INFO] main_v3 — [ANOMALÍA] Contexto: NEUTRAL (score=70) | Crash density 15r=33.33% | Compresión=0.206 | Entropía=0.307 | Anomalía=0.600
2026-05-13 22:12:08 [INFO] main_v3 — [DISTANCIA 50x SOBRE MEDIA] hace=67r | avg=30r
2026-05-13 22:12:08 [INFO] main_v3 — [PRE-SPIKE DETECTADO] Contexto similar a previo a 5x (n=43 muestras | avg_low=34.40%)
2026-05-13 22:12:08 [INFO] main_v3 — [PRE-SPIKE DETECTADO] Contexto similar a previo a 10x (n=19 muestras | avg_low=33.00%)
2026-05-13 22:12:08 [INFO] main_v3 — [PRE-SPIKE DETECTADO] Contexto similar a previo a 20x (n=8 muestras | avg_low=33.30%)
2026-05-13 22:12:27 [INFO] advanced_stats — [PRE-SPIKE DETECTADO] Contexto similar a previo a 5x (n=43 muestras | avg_low=34.60%)
2026-05-13 22:12:27 [INFO] advanced_stats — [PRE-SPIKE DETECTADO] Contexto similar a previo a 10x (n=19 muestras | avg_low=33.00%)
2026-05-13 22:12:27 [INFO] advanced_stats — [PRE-SPIKE DETECTADO] Contexto similar a previo a 20x (n=8 muestras | avg_low=33.30%)
2026-05-13 22:12:27 [DEBUG] entropy — [ENTROPÍA] score=0.278 label=estructurado structured=True dead=False
2026-05-13 22:12:28 [DEBUG] ml_clustering — [ML] contexto=neutral score=71 anomalía=0.600 similar=9 buffer=75
2026-05-13 22:12:28 [INFO] dual_engine — [DUAL ENGINE] mode=moon emit=True target=10.00x safe=30 hunter=64 moon=59 entropy=0.278
2026-05-13 22:12:28 [INFO] main_v3 — [22:12:27] 1.08x | mode=moon | safe=30 | hunter=64 | moon=59 | entropy=0.278 | comp=0.303 | tension=17
2026-05-13 22:12:28 [INFO] main_v3 — [MOON] target=10.0x score=59 | overdue_levels=[50]
2026-05-13 22:12:28 [INFO] main_v3 — [ENTROPÍA] Entropía baja (0.278) con run-length=0.580. Posible compresión estadística activa.
2026-05-13 22:12:28 [INFO] main_v3 — [ANOMALÍA] Contexto: NEUTRAL (score=71) | Crash density 15r=33.33% | Compresión=0.303 | Entropía=0.278 | Anomalía=0.600
2026-05-13 22:12:28 [INFO] main_v3 — [DISTANCIA 50x SOBRE MEDIA] hace=68r | avg=30r
2026-05-13 22:12:28 [INFO] main_v3 — [PRE-SPIKE DETECTADO] Contexto similar a previo a 5x (n=43 muestras | avg_low=34.60%)
2026-05-13 22:12:28 [INFO] main_v3 — [PRE-SPIKE DETECTADO] Contexto similar a previo a 10x (n=19 muestras | avg_low=33.00%)
2026-05-13 22:12:29 [INFO] main_v3 — [PRE-SPIKE DETECTADO] Contexto similar a previo a 20x (n=8 muestras | avg_low=33.30%)
2026-05-13 22:12:38 [INFO] browser — [live_tick] ⏸ entre rondas
2026-05-13 22:12:38 [INFO] db_v2 — [DUAL SIGNAL] id=18 mode=moon target=10.00x conf=41%
2026-05-13 22:12:39 [INFO] main_v3 — ✅ Señal #18 emitida | mode=moon target=10.0x conf=41% safe=30 hunter=64 moon=59
2026-05-13 22:12:52 [INFO] browser — [live_tick] ⚡ 1.51x (en vuelo)
2026-05-13 22:12:53 [INFO] main_v3 — ❌ Dual señal #18 (moon 10.0x) → 2.83x en 1 ronda
2026-05-13 22:12:53 [INFO] advanced_stats — [PRE-SPIKE DETECTADO] Contexto similar a previo a 5x (n=43 muestras | avg_low=34.50%)
2026-05-13 22:12:53 [INFO] advanced_stats — [PRE-SPIKE DETECTADO] Contexto similar a previo a 10x (n=19 muestras | avg_low=33.00%)
2026-05-13 22:12:53 [INFO] advanced_stats — [PRE-SPIKE DETECTADO] Contexto similar a previo a 20x (n=8 muestras | avg_low=33.30%)
2026-05-13 22:12:53 [DEBUG] entropy — [ENTROPÍA] score=0.278 label=estructurado structured=True dead=False
2026-05-13 22:12:54 [DEBUG] ml_clustering — [ML] contexto=neutral score=72 anomalía=0.600 similar=8 buffer=76
2026-05-13 22:12:54 [INFO] dual_engine — [DUAL ENGINE] mode=moon emit=True target=10.00x safe=34 hunter=64 moon=58 entropy=0.278
2026-05-13 22:12:54 [INFO] main_v3 — [22:12:52] 2.83x | mode=moon | safe=34 | hunter=64 | moon=58 | entropy=0.278 | comp=0.303 | tension=17
2026-05-13 22:12:54 [INFO] main_v3 — [MOON] target=10.0x score=58 | overdue_levels=[50]
2026-05-13 22:12:54 [INFO] main_v3 — [ENTROPÍA] Entropía baja (0.278) con run-length=0.560. Posible compresión estadística activa.
2026-05-13 22:12:54 [INFO] main_v3 — [ANOMALÍA] Contexto: NEUTRAL (score=72) | Crash density 15r=26.67% | Compresión=0.303 | Entropía=0.278 | Anomalía=0.600
2026-05-13 22:12:54 [INFO] main_v3 — [DISTANCIA 50x SOBRE MEDIA] hace=69r | avg=30r
2026-05-13 22:12:54 [INFO] main_v3 — [PRE-SPIKE DETECTADO] Contexto similar a previo a 5x (n=43 muestras | avg_low=34.50%)
2026-05-13 22:12:54 [INFO] main_v3 — [PRE-SPIKE DETECTADO] Contexto similar a previo a 10x (n=19 muestras | avg_low=33.00%)
2026-05-13 22:12:54 [INFO] main_v3 — [PRE-SPIKE DETECTADO] Contexto similar a previo a 20x (n=8 muestras | avg_low=33.30%)
2026-05-13 22:12:56 [INFO] browser — [live_tick] ⚡ 2.01x (en vuelo)
2026-05-13 22:13:09 [INFO] browser — [live_tick] ⚡ 5.39x (en vuelo)
2026-05-13 22:13:17 [INFO] browser — [live_tick] ⚡ 12.18x (en vuelo)
2026-05-13 22:13:17 [INFO] browser — [live_tick] ⚡ 14.87x (en vuelo)
2026-05-13 22:13:18 [INFO] browser — [live_tick] ⚡ 15.98x (en vuelo)
2026-05-13 22:13:19 [INFO] browser — [live_tick] ⚡ 17.66x (en vuelo)
2026-05-13 22:13:20 [INFO] browser — [live_tick] ⚡ 18.70x (en vuelo)
2026-05-13 22:13:21 [INFO] browser — [live_tick] ⚡ 19.80x (en vuelo)
2026-05-13 22:13:22 [INFO] browser — [live_tick] ⚡ 21.88x (en vuelo)
2026-05-13 22:13:23 [INFO] browser — [live_tick] ⚡ 24.88x (en vuelo)
2026-05-13 22:13:24 [INFO] browser — [live_tick] ⏸ entre rondas
2026-05-13 22:13:29 [INFO] analyzer — Anti-FOMO: spike 25.97x → bloqueando 3 rondas.
2026-05-13 22:13:29 [INFO] advanced_stats — [POST_SPIKE_COOLDOWN] 25.97x >= 5x → bloqueando 2 rondas
2026-05-13 22:13:29 [INFO] advanced_stats — [POST_SPIKE_COOLDOWN] 25.97x >= 8x → bloqueando 2 rondas
2026-05-13 22:13:29 [INFO] advanced_stats — [POST_SPIKE_COOLDOWN] 25.97x >= 10x → bloqueando 3 rondas
2026-05-13 22:13:29 [INFO] advanced_stats — [POST_SPIKE_COOLDOWN] 25.97x >= 20x → bloqueando 4 rondas
2026-05-13 22:13:29 [DEBUG] db_advanced — spike_distances: nivel=5x dist=5 val=25.97
2026-05-13 22:13:29 [DEBUG] db_advanced — pre_spike_context guardado: 25.97x (nivel=5x)
2026-05-13 22:13:29 [INFO] spike_tracker — [SPIKE] 25.97x >= 5x | distancia=5 rondas
2026-05-13 22:13:29 [DEBUG] db_advanced — spike_distances: nivel=8x dist=5 val=25.97
2026-05-13 22:13:29 [DEBUG] db_advanced — pre_spike_context guardado: 25.97x (nivel=8x)
2026-05-13 22:13:29 [INFO] spike_tracker — [SPIKE] 25.97x >= 8x | distancia=5 rondas
2026-05-13 22:13:29 [DEBUG] db_advanced — spike_distances: nivel=10x dist=8 val=25.97
2026-05-13 22:13:29 [DEBUG] db_advanced — pre_spike_context guardado: 25.97x (nivel=10x)
2026-05-13 22:13:29 [INFO] spike_tracker — [SPIKE] 25.97x >= 10x | distancia=8 rondas
2026-05-13 22:13:29 [DEBUG] db_advanced — spike_distances: nivel=20x dist=14 val=25.97
2026-05-13 22:13:29 [DEBUG] db_advanced — pre_spike_context guardado: 25.97x (nivel=20x)
2026-05-13 22:13:29 [INFO] spike_tracker — [SPIKE] 25.97x >= 20x | distancia=14 rondas
2026-05-13 22:13:29 [INFO] advanced_stats — [PRE-SPIKE DETECTADO] Contexto similar a previo a 5x (n=44 muestras | avg_low=34.50%)
2026-05-13 22:13:29 [INFO] advanced_stats — [PRE-SPIKE DETECTADO] Contexto similar a previo a 10x (n=20 muestras | avg_low=32.70%)
2026-05-13 22:13:29 [INFO] advanced_stats — [PRE-SPIKE DETECTADO] Contexto similar a previo a 20x (n=9 muestras | avg_low=32.60%)
2026-05-13 22:13:29 [DEBUG] entropy — [ENTROPÍA] score=0.307 label=estructurado structured=True dead=False
2026-05-13 22:13:29 [DEBUG] ml_clustering — [ML] contexto=neutral score=71 anomalía=0.600 similar=4 buffer=77
2026-05-13 22:13:29 [INFO] dual_engine — [DUAL ENGINE] mode=none emit=False target=0.00x safe=29 hunter=59 moon=50 entropy=0.307
2026-05-13 22:13:29 [INFO] main_v3 — [22:13:29] 25.97x | mode=none | safe=29 | hunter=59 | moon=50 | entropy=0.307 | comp=0.278 | tension=16
2026-05-13 22:13:29 [INFO] main_v3 — [ENTROPÍA] Entropía baja (0.307) con run-length=0.580. Posible compresión estadística activa.
2026-05-13 22:13:29 [INFO] main_v3 — [ANOMALÍA] Contexto: NEUTRAL (score=71) | Crash density 15r=26.67% | Compresión=0.278 | Entropía=0.307 | Anomalía=0.600
2026-05-13 22:13:29 [INFO] main_v3 — [POST_SPIKE_COOLDOWN] Bloqueado 3 rondas tras 20x
2026-05-13 22:13:29 [INFO] main_v3 — [DISTANCIA 50x SOBRE MEDIA] hace=70r | avg=30r
2026-05-13 22:13:29 [INFO] main_v3 — [PRE-SPIKE DETECTADO] Contexto similar a previo a 5x (n=44 muestras | avg_low=34.50%)
2026-05-13 22:13:29 [INFO] main_v3 — [PRE-SPIKE DETECTADO] Contexto similar a previo a 10x (n=20 muestras | avg_low=32.70%)
2026-05-13 22:13:29 [INFO] main_v3 — [PRE-SPIKE DETECTADO] Contexto similar a previo a 20x (n=9 muestras | avg_low=32.60%)
2026-05-13 22:13:35 [INFO] browser — [live_tick] ⚡ 1.18x (en vuelo)
2026-05-13 22:13:36 [INFO] browser — [live_tick] ⚡ 1.31x (en vuelo)
2026-05-13 22:13:38 [INFO] browser — [live_tick] ⚡ 1.57x (en vuelo)
2026-05-13 22:13:40 [INFO] browser — [live_tick] ⚡ 1.87x (en vuelo)
2026-05-13 22:13:41 [INFO] browser — [live_tick] ⚡ 2.01x (en vuelo)
2026-05-13 22:13:42 [INFO] browser — [live_tick] ⚡ 2.22x (en vuelo)
2026-05-13 22:13:44 [INFO] browser — [live_tick] ⚡ 2.64x (en vuelo)
2026-05-13 22:13:46 [INFO] browser — [live_tick] ⚡ 3.27x (en vuelo)
2026-05-13 22:13:47 [INFO] browser — [live_tick] ⚡ 3.66x (en vuelo)
2026-05-13 22:13:48 [INFO] browser — [live_tick] ⚡ 3.94x (en vuelo)
2026-05-13 22:13:49 [INFO] browser — [live_tick] ⚡ 4.23x (en vuelo)
2026-05-13 22:13:50 [INFO] browser — [live_tick] ⚡ 4.88x (en vuelo)
2026-05-13 22:13:51 [INFO] browser — [live_tick] ⚡ 5.16x (en vuelo)
2026-05-13 22:13:52 [INFO] browser — [live_tick] ⚡ 5.47x (en vuelo)
2026-05-13 22:13:52 [INFO] browser — [live_tick] ⚡ 5.79x (en vuelo)
2026-05-13 22:13:53 [INFO] browser — [live_tick] ⚡ 6.04x (en vuelo)
2026-05-13 22:13:53 [INFO] browser — [live_tick] ⚡ 6.40x (en vuelo)
2026-05-13 22:13:54 [INFO] browser — [live_tick] ⚡ 6.78x (en vuelo)
2026-05-13 22:13:55 [INFO] browser — [live_tick] ⚡ 7.07x (en vuelo)
2026-05-13 22:13:55 [INFO] browser — [live_tick] ⚡ 7.49x (en vuelo)
2026-05-13 22:13:56 [INFO] browser — [live_tick] ⚡ 7.93x (en vuelo)
2026-05-13 22:13:56 [INFO] browser — [live_tick] ⚡ 8.40x (en vuelo)
2026-05-13 22:13:57 [INFO] browser — [live_tick] ⚡ 8.77x (en vuelo)
2026-05-13 22:13:58 [INFO] browser — [live_tick] ⚡ 9.28x (en vuelo)
2026-05-13 22:13:58 [INFO] browser — [live_tick] ⚡ 9.83x (en vuelo)
2026-05-13 22:13:59 [INFO] browser — [live_tick] ⚡ 10.41x (en vuelo)
2026-05-13 22:14:00 [INFO] browser — [live_tick] ⚡ 11.02x (en vuelo)
2026-05-13 22:14:00 [INFO] browser — [live_tick] ⚡ 12.00x (en vuelo)
2026-05-13 22:14:01 [INFO] browser — [live_tick] ⚡ 13.08x (en vuelo)
2026-05-13 22:14:02 [INFO] browser — [live_tick] ⚡ 14.05x (en vuelo)
2026-05-13 22:14:03 [INFO] browser — [live_tick] ⚡ 15.53x (en vuelo)
2026-05-13 22:14:05 [INFO] browser — [live_tick] ⚡ 17.16x (en vuelo)
2026-05-13 22:14:06 [INFO] browser — [live_tick] ⚡ 19.24x (en vuelo)
2026-05-13 22:14:07 [INFO] browser — [live_tick] ⚡ 21.88x (en vuelo)
2026-05-13 22:14:08 [INFO] browser — [live_tick] ⚡ 23.50x (en vuelo)
2026-05-13 22:14:09 [INFO] browser — [live_tick] ⚡ 24.88x (en vuelo)
2026-05-13 22:14:10 [INFO] browser — [live_tick] ⏸ entre rondas
2026-05-13 22:14:12 [INFO] analyzer — Anti-FOMO: spike 25.60x → bloqueando 3 rondas.
2026-05-13 22:14:12 [INFO] advanced_stats — [POST_SPIKE_COOLDOWN] 25.60x >= 5x → bloqueando 2 rondas
2026-05-13 22:14:12 [INFO] advanced_stats — [POST_SPIKE_COOLDOWN] 25.60x >= 8x → bloqueando 2 rondas
2026-05-13 22:14:12 [INFO] advanced_stats — [POST_SPIKE_COOLDOWN] 25.60x >= 10x → bloqueando 3 rondas
2026-05-13 22:14:12 [INFO] advanced_stats — [POST_SPIKE_COOLDOWN] 25.60x >= 20x → bloqueando 4 rondas
2026-05-13 22:14:12 [DEBUG] db_advanced — spike_distances: nivel=5x dist=1 val=25.60
2026-05-13 22:14:12 [DEBUG] db_advanced — pre_spike_context guardado: 25.60x (nivel=5x)
2026-05-13 22:14:12 [INFO] spike_tracker — [SPIKE] 25.60x >= 5x | distancia=1 rondas
2026-05-13 22:14:12 [DEBUG] db_advanced — spike_distances: nivel=8x dist=1 val=25.60
2026-05-13 22:14:12 [DEBUG] db_advanced — pre_spike_context guardado: 25.60x (nivel=8x)
2026-05-13 22:14:12 [INFO] spike_tracker — [SPIKE] 25.60x >= 8x | distancia=1 rondas
2026-05-13 22:14:12 [DEBUG] db_advanced — spike_distances: nivel=10x dist=1 val=25.60
2026-05-13 22:14:12 [DEBUG] db_advanced — pre_spike_context guardado: 25.60x (nivel=10x)
2026-05-13 22:14:12 [INFO] spike_tracker — [SPIKE] 25.60x >= 10x | distancia=1 rondas
2026-05-13 22:14:12 [DEBUG] db_advanced — spike_distances: nivel=20x dist=1 val=25.60
2026-05-13 22:14:13 [DEBUG] db_advanced — pre_spike_context guardado: 25.60x (nivel=20x)
2026-05-13 22:14:13 [INFO] spike_tracker — [SPIKE] 25.60x >= 20x | distancia=1 rondas
2026-05-13 22:14:13 [INFO] advanced_stats — [PRE-SPIKE DETECTADO] Contexto similar a previo a 5x (n=45 muestras | avg_low=34.20%)
2026-05-13 22:14:13 [INFO] advanced_stats — [PRE-SPIKE DETECTADO] Contexto similar a previo a 10x (n=21 muestras | avg_low=32.40%)
2026-05-13 22:14:13 [INFO] advanced_stats — [PRE-SPIKE DETECTADO] Contexto similar a previo a 20x (n=10 muestras | avg_low=32.00%)
2026-05-13 22:14:13 [DEBUG] entropy — [ENTROPÍA] score=0.307 label=estructurado structured=True dead=False
2026-05-13 22:14:13 [DEBUG] ml_clustering — [ML] contexto=neutral score=74 anomalía=0.600 similar=0 buffer=78
2026-05-13 22:14:13 [INFO] dual_engine — [DUAL ENGINE] mode=none emit=False target=0.00x safe=29 hunter=59 moon=50 entropy=0.307
2026-05-13 22:14:13 [INFO] main_v3 — [22:14:12] 25.60x | mode=none | safe=29 | hunter=59 | moon=50 | entropy=0.307 | comp=0.278 | tension=16
2026-05-13 22:14:13 [INFO] main_v3 — [ENTROPÍA] Entropía baja (0.307) con run-length=0.580. Posible compresión estadística activa.
2026-05-13 22:14:13 [INFO] main_v3 — [ANOMALÍA] Contexto: NEUTRAL (score=74) | Crash density 15r=26.67% | Compresión=0.278 | Entropía=0.307 | Anomalía=0.600
2026-05-13 22:14:13 [INFO] main_v3 — [POST_SPIKE_COOLDOWN] Bloqueado 3 rondas tras 20x
2026-05-13 22:14:13 [INFO] main_v3 — [DISTANCIA 50x SOBRE MEDIA] hace=71r | avg=30r
2026-05-13 22:14:13 [INFO] main_v3 — [PRE-SPIKE DETECTADO] Contexto similar a previo a 5x (n=45 muestras | avg_low=34.20%)
2026-05-13 22:14:13 [INFO] main_v3 — [PRE-SPIKE DETECTADO] Contexto similar a previo a 10x (n=21 muestras | avg_low=32.40%)
2026-05-13 22:14:13 [INFO] main_v3 — [PRE-SPIKE DETECTADO] Contexto similar a previo a 20x (n=10 muestras | avg_low=32.00%)
2026-05-13 22:14:18 [INFO] browser — [live_tick] ⚡ 1.01x (en vuelo)
2026-05-13 22:14:19 [INFO] browser — [live_tick] ⚡ 1.05x (en vuelo)
2026-05-13 22:14:19 [INFO] browser — [live_tick] ⚡ 1.10x (en vuelo)
2026-05-13 22:14:20 [INFO] browser — [live_tick] ⚡ 1.15x (en vuelo)
2026-05-13 22:14:20 [INFO] browser — [live_tick] ⚡ 1.22x (en vuelo)
2026-05-13 22:14:21 [INFO] browser — [live_tick] ⏸ entre rondas
2026-05-13 22:14:23 [INFO] advanced_stats — [PRE-SPIKE DETECTADO] Contexto similar a previo a 5x (n=45 muestras | avg_low=34.10%)
2026-05-13 22:14:23 [INFO] advanced_stats — [PRE-SPIKE DETECTADO] Contexto similar a previo a 10x (n=21 muestras | avg_low=32.40%)
2026-05-13 22:14:23 [INFO] advanced_stats — [PRE-SPIKE DETECTADO] Contexto similar a previo a 20x (n=10 muestras | avg_low=32.00%)
2026-05-13 22:14:23 [DEBUG] entropy — [ENTROPÍA] score=0.283 label=estructurado structured=True dead=False
2026-05-13 22:14:23 [DEBUG] ml_clustering — [ML] contexto=neutral score=73 anomalía=0.600 similar=1 buffer=79
2026-05-13 22:14:23 [INFO] dual_engine — [DUAL ENGINE] mode=none emit=False target=0.00x safe=28 hunter=62 moon=50 entropy=0.283
2026-05-13 22:14:23 [INFO] main_v3 — [22:14:23] 1.27x | mode=none | safe=28 | hunter=62 | moon=50 | entropy=0.283 | comp=0.374 | tension=20
2026-05-13 22:14:23 [INFO] main_v3 — [ENTROPÍA] Entropía baja (0.283) con run-length=0.580. Posible compresión estadística activa.
2026-05-13 22:14:23 [INFO] main_v3 — [ANOMALÍA] Contexto: NEUTRAL (score=73) | Crash density 15r=33.33% | Compresión=0.374 | Entropía=0.283 | Anomalía=0.600
2026-05-13 22:14:23 [INFO] main_v3 — [POST_SPIKE_COOLDOWN] Bloqueado 2 rondas tras 20x
2026-05-13 22:14:23 [INFO] main_v3 — [DISTANCIA 50x SOBRE MEDIA] hace=72r | avg=30r
2026-05-13 22:14:23 [INFO] main_v3 — [PRE-SPIKE DETECTADO] Contexto similar a previo a 5x (n=45 muestras | avg_low=34.10%)
2026-05-13 22:14:23 [INFO] main_v3 — [PRE-SPIKE DETECTADO] Contexto similar a previo a 10x (n=21 muestras | avg_low=32.40%)
2026-05-13 22:14:23 [INFO] main_v3 — [PRE-SPIKE DETECTADO] Contexto similar a previo a 20x (n=10 muestras | avg_low=32.00%)
2026-05-13 22:14:29 [INFO] browser — [live_tick] ⚡ 1.01x (en vuelo)
2026-05-13 22:14:30 [INFO] browser — [live_tick] ⏸ entre rondas
2026-05-13 22:14:33 [INFO] advanced_stats — [PRE-SPIKE DETECTADO] Contexto similar a previo a 5x (n=44 muestras | avg_low=33.50%)
2026-05-13 22:14:33 [INFO] advanced_stats — [PRE-SPIKE DETECTADO] Contexto similar a previo a 10x (n=21 muestras | avg_low=32.40%)
2026-05-13 22:14:33 [INFO] advanced_stats — [PRE-SPIKE DETECTADO] Contexto similar a previo a 20x (n=10 muestras | avg_low=32.00%)
2026-05-13 22:14:33 [DEBUG] entropy — [ENTROPÍA] score=0.283 label=estructurado structured=True dead=False
2026-05-13 22:14:33 [DEBUG] ml_clustering — [ML] contexto=neutral score=72 anomalía=0.479 similar=2 buffer=80
2026-05-13 22:14:33 [INFO] dual_engine — [DUAL ENGINE] mode=none emit=False target=0.00x safe=28 hunter=59 moon=50 entropy=0.283
2026-05-13 22:14:33 [INFO] main_v3 — [22:14:33] 1.04x | mode=none | safe=28 | hunter=59 | moon=50 | entropy=0.283 | comp=0.434 | tension=22
2026-05-13 22:14:33 [INFO] main_v3 — [ENTROPÍA] Entropía baja (0.283) con run-length=0.580. Posible compresión estadística activa.
2026-05-13 22:14:33 [INFO] main_v3 — [POST_SPIKE_COOLDOWN] Bloqueado 1 rondas tras 20x
2026-05-13 22:14:33 [INFO] main_v3 — [DISTANCIA 50x SOBRE MEDIA] hace=73r | avg=30r
2026-05-13 22:14:33 [INFO] main_v3 — [PRE-SPIKE DETECTADO] Contexto similar a previo a 5x (n=44 muestras | avg_low=33.50%)
2026-05-13 22:14:33 [INFO] main_v3 — [PRE-SPIKE DETECTADO] Contexto similar a previo a 10x (n=21 muestras | avg_low=32.40%)
2026-05-13 22:14:33 [INFO] main_v3 — [PRE-SPIKE DETECTADO] Contexto similar a previo a 20x (n=10 muestras | avg_low=32.00%)
2026-05-13 22:14:38 [INFO] browser — [live_tick] ⚡ 1.01x (en vuelo)
2026-05-13 22:14:40 [INFO] browser — [live_tick] ⚡ 1.10x (en vuelo)
2026-05-13 22:14:40 [INFO] browser — [live_tick] ⚡ 1.18x (en vuelo)
2026-05-13 22:14:41 [INFO] browser — [live_tick] ⚡ 1.25x (en vuelo)
2026-05-13 22:14:42 [INFO] browser — [live_tick] ⚡ 1.34x (en vuelo)
2026-05-13 22:14:43 [INFO] browser — [live_tick] ⚡ 1.53x (en vuelo)
2026-05-13 22:14:44 [INFO] browser — [live_tick] ⚡ 1.72x (en vuelo)
2026-05-13 22:14:45 [INFO] browser — [live_tick] ⚡ 1.84x (en vuelo)
2026-05-13 22:14:46 [INFO] browser — [live_tick] ⏸ entre rondas
2026-05-13 22:14:47 [INFO] advanced_stats — [PRE-SPIKE DETECTADO] Contexto similar a previo a 5x (n=44 muestras | avg_low=33.50%)
2026-05-13 22:14:47 [INFO] advanced_stats — [PRE-SPIKE DETECTADO] Contexto similar a previo a 10x (n=21 muestras | avg_low=32.40%)
2026-05-13 22:14:47 [INFO] advanced_stats — [PRE-SPIKE DETECTADO] Contexto similar a previo a 20x (n=10 muestras | avg_low=32.00%)
2026-05-13 22:14:47 [DEBUG] entropy — [ENTROPÍA] score=0.283 label=estructurado structured=True dead=False
2026-05-13 22:14:47 [DEBUG] ml_clustering — [ML] contexto=neutral score=72 anomalía=0.448 similar=3 buffer=81
2026-05-13 22:14:47 [INFO] dual_engine — [DUAL ENGINE] mode=moon emit=True target=10.00x safe=30 hunter=64 moon=56 entropy=0.283
2026-05-13 22:14:47 [INFO] main_v3 — [22:14:47] 1.98x | mode=moon | safe=30 | hunter=64 | moon=56 | entropy=0.283 | comp=0.409 | tension=22
2026-05-13 22:14:47 [INFO] main_v3 — [MOON] target=10.0x score=56 | compresión=0.41 | overdue_levels=[50]
2026-05-13 22:14:47 [INFO] main_v3 — [ENTROPÍA] Entropía baja (0.283) con run-length=0.580. Posible compresión estadística activa.
2026-05-13 22:14:47 [INFO] main_v3 — [DISTANCIA 50x SOBRE MEDIA] hace=74r | avg=30r
2026-05-13 22:14:47 [INFO] main_v3 — [PRE-SPIKE DETECTADO] Contexto similar a previo a 5x (n=44 muestras | avg_low=33.50%)
2026-05-13 22:14:47 [INFO] main_v3 — [PRE-SPIKE DETECTADO] Contexto similar a previo a 10x (n=21 muestras | avg_low=32.40%)
2026-05-13 22:14:47 [INFO] main_v3 — [PRE-SPIKE DETECTADO] Contexto similar a previo a 20x (n=10 muestras | avg_low=32.00%)
2026-05-13 22:14:54 [INFO] browser — [live_tick] ⚡ 1.00x (en vuelo)
2026-05-13 22:14:55 [INFO] browser — [live_tick] ⚡ 1.04x (en vuelo)
2026-05-13 22:14:55 [INFO] browser — [live_tick] ⚡ 1.08x (en vuelo)
2026-05-13 22:14:56 [INFO] browser — [live_tick] ⚡ 1.13x (en vuelo)
2026-05-13 22:14:56 [INFO] browser — [live_tick] ⚡ 1.20x (en vuelo)
2026-05-13 22:14:57 [INFO] browser — [live_tick] ⚡ 1.25x (en vuelo)
2026-05-13 22:14:57 [INFO] browser — [live_tick] ⚡ 1.31x (en vuelo)
2026-05-13 22:14:58 [INFO] browser — [live_tick] ⚡ 1.36x (en vuelo)
2026-05-13 22:14:58 [INFO] browser — [live_tick] ⚡ 1.44x (en vuelo)
2026-05-13 22:14:59 [INFO] browser — [live_tick] ⚡ 1.49x (en vuelo)
2026-05-13 22:14:59 [INFO] browser — [live_tick] ⚡ 1.55x (en vuelo)
2026-05-13 22:15:00 [INFO] browser — [live_tick] ⚡ 1.62x (en vuelo)
2026-05-13 22:15:01 [INFO] browser — [live_tick] ⚡ 1.74x (en vuelo)
2026-05-13 22:15:01 [INFO] browser — [live_tick] ⚡ 1.79x (en vuelo)
2026-05-13 22:15:02 [INFO] browser — [live_tick] ⚡ 1.90x (en vuelo)
2026-05-13 22:15:02 [INFO] browser — [live_tick] ⚡ 1.98x (en vuelo)
2026-05-13 22:15:03 [INFO] browser — [live_tick] ⚡ 2.10x (en vuelo)
2026-05-13 22:15:03 [INFO] browser — [live_tick] ⚡ 2.19x (en vuelo)
2026-05-13 22:15:04 [INFO] browser — [live_tick] ⚡ 2.29x (en vuelo)
2026-05-13 22:15:04 [INFO] browser — [live_tick] ⚡ 2.42x (en vuelo)
2026-05-13 22:15:05 [INFO] browser — [live_tick] ⚡ 2.53x (en vuelo)
2026-05-13 22:15:05 [INFO] browser — [live_tick] ⚡ 2.64x (en vuelo)
2026-05-13 22:15:06 [INFO] browser — [live_tick] ⚡ 2.75x (en vuelo)
2026-05-13 22:15:06 [INFO] browser — [live_tick] ⚡ 2.87x (en vuelo)
2026-05-13 22:15:08 [INFO] browser — [live_tick] ⚡ 3.22x (en vuelo)
2026-05-13 22:15:08 [INFO] browser — [live_tick] ⚡ 3.41x (en vuelo)
2026-05-13 22:15:09 [INFO] browser — [live_tick] ⚡ 3.56x (en vuelo)
2026-05-13 22:15:09 [INFO] browser — [live_tick] ⚡ 3.72x (en vuelo)
2026-05-13 22:15:10 [INFO] browser — [live_tick] ⚡ 3.88x (en vuelo)
2026-05-13 22:15:10 [INFO] browser — [live_tick] ⚡ 4.11x (en vuelo)
2026-05-13 22:15:11 [INFO] browser — [live_tick] ⚡ 4.29x (en vuelo)
2026-05-13 22:15:11 [INFO] browser — [live_tick] ⚡ 4.48x (en vuelo)
2026-05-13 22:15:12 [INFO] browser — [live_tick] ⚡ 4.67x (en vuelo)
2026-05-13 22:15:12 [INFO] browser — [live_tick] ⚡ 5.02x (en vuelo)
2026-05-13 22:15:13 [INFO] browser — [live_tick] ⚡ 5.39x (en vuelo)
2026-05-13 22:15:14 [INFO] browser — [live_tick] ⚡ 5.63x (en vuelo)
2026-05-13 22:15:14 [INFO] browser — [live_tick] ⚡ 5.87x (en vuelo)
2026-05-13 22:15:15 [INFO] browser — [live_tick] ⚡ 6.13x (en vuelo)
2026-05-13 22:15:15 [INFO] browser — [live_tick] ⚡ 6.40x (en vuelo)
2026-05-13 22:15:16 [INFO] browser — [live_tick] ⚡ 6.78x (en vuelo)
2026-05-13 22:15:16 [INFO] browser — [live_tick] ⚡ 7.18x (en vuelo)
2026-05-13 22:15:17 [INFO] browser — [live_tick] ⚡ 7.38x (en vuelo)
2026-05-13 22:15:17 [INFO] browser — [live_tick] ⚡ 7.82x (en vuelo)
2026-05-13 22:15:18 [INFO] browser — [live_tick] ⚡ 8.16x (en vuelo)
2026-05-13 22:15:18 [INFO] browser — [live_tick] ⚡ 8.52x (en vuelo)
2026-05-13 22:15:19 [INFO] browser — [live_tick] ⚡ 9.02x (en vuelo)
2026-05-13 22:15:19 [INFO] browser — [live_tick] ⚡ 9.55x (en vuelo)
2026-05-13 22:15:20 [INFO] browser — [live_tick] ⚡ 9.97x (en vuelo)
2026-05-13 22:15:21 [INFO] browser — [live_tick] ⚡ 10.41x (en vuelo)
2026-05-13 22:15:21 [INFO] browser — [live_tick] ⚡ 10.86x (en vuelo)
2026-05-13 22:15:22 [INFO] browser — [live_tick] ⚡ 11.50x (en vuelo)
2026-05-13 22:15:22 [INFO] browser — [live_tick] ⚡ 12.00x (en vuelo)
2026-05-13 22:15:23 [INFO] browser — [live_tick] ⚡ 12.71x (en vuelo)
2026-05-13 22:15:23 [INFO] browser — [live_tick] ⚡ 13.27x (en vuelo)
2026-05-13 22:15:24 [INFO] browser — [live_tick] ⚡ 13.65x (en vuelo)
2026-05-13 22:15:24 [INFO] analyzer — Anti-FOMO: spike 13.85x → bloqueando 3 rondas.
2026-05-13 22:15:24 [INFO] advanced_stats — [POST_SPIKE_COOLDOWN] 13.85x >= 5x → bloqueando 2 rondas
2026-05-13 22:15:24 [INFO] advanced_stats — [POST_SPIKE_COOLDOWN] 13.85x >= 8x → bloqueando 2 rondas
2026-05-13 22:15:24 [INFO] advanced_stats — [POST_SPIKE_COOLDOWN] 13.85x >= 10x → bloqueando 3 rondas
2026-05-13 22:15:24 [DEBUG] db_advanced — spike_distances: nivel=5x dist=4 val=13.85
2026-05-13 22:15:24 [DEBUG] db_advanced — pre_spike_context guardado: 13.85x (nivel=5x)
2026-05-13 22:15:24 [INFO] spike_tracker — [SPIKE] 13.85x >= 5x | distancia=4 rondas
2026-05-13 22:15:24 [DEBUG] db_advanced — spike_distances: nivel=8x dist=4 val=13.85
2026-05-13 22:15:24 [DEBUG] db_advanced — pre_spike_context guardado: 13.85x (nivel=8x)
2026-05-13 22:15:24 [INFO] spike_tracker — [SPIKE] 13.85x >= 8x | distancia=4 rondas
2026-05-13 22:15:24 [DEBUG] db_advanced — spike_distances: nivel=10x dist=4 val=13.85
2026-05-13 22:15:25 [DEBUG] db_advanced — pre_spike_context guardado: 13.85x (nivel=10x)
2026-05-13 22:15:25 [INFO] spike_tracker — [SPIKE] 13.85x >= 10x | distancia=4 rondas
2026-05-13 22:15:25 [INFO] advanced_stats — [PRE-SPIKE DETECTADO] Contexto similar a previo a 5x (n=45 muestras | avg_low=33.60%)
2026-05-13 22:15:25 [INFO] advanced_stats — [PRE-SPIKE DETECTADO] Contexto similar a previo a 10x (n=22 muestras | avg_low=32.70%)
2026-05-13 22:15:25 [INFO] advanced_stats — [PRE-SPIKE DETECTADO] Contexto similar a previo a 20x (n=10 muestras | avg_low=32.00%)
2026-05-13 22:15:25 [DEBUG] entropy — [ENTROPÍA] score=0.307 label=estructurado structured=True dead=False
2026-05-13 22:15:25 [DEBUG] ml_clustering — [ML] contexto=neutral score=72 anomalía=0.600 similar=4 buffer=82
2026-05-13 22:15:25 [INFO] dual_engine — [DUAL ENGINE] mode=none emit=False target=0.00x safe=29 hunter=64 moon=50 entropy=0.307
2026-05-13 22:15:25 [INFO] main_v3 — [22:15:24] 13.85x | mode=none | safe=29 | hunter=64 | moon=50 | entropy=0.307 | comp=0.409 | tension=22
2026-05-13 22:15:25 [INFO] main_v3 — [ENTROPÍA] Entropía baja (0.307) con run-length=0.560. Posible compresión estadística activa.
2026-05-13 22:15:25 [INFO] main_v3 — [ANOMALÍA] Contexto: NEUTRAL (score=72) | Crash density 15r=33.33% | Compresión=0.409 | Entropía=0.307 | Anomalía=0.600
2026-05-13 22:15:25 [INFO] main_v3 — [POST_SPIKE_COOLDOWN] Bloqueado 2 rondas tras 10x
2026-05-13 22:15:25 [INFO] main_v3 — [DISTANCIA 50x SOBRE MEDIA] hace=75r | avg=30r
2026-05-13 22:15:25 [INFO] main_v3 — [PRE-SPIKE DETECTADO] Contexto similar a previo a 5x (n=45 muestras | avg_low=33.60%)
2026-05-13 22:15:25 [INFO] main_v3 — [PRE-SPIKE DETECTADO] Contexto similar a previo a 10x (n=22 muestras | avg_low=32.70%)
2026-05-13 22:15:25 [INFO] main_v3 — [PRE-SPIKE DETECTADO] Contexto similar a previo a 20x (n=10 muestras | avg_low=32.00%)
2026-05-13 22:15:25 [INFO] browser — [live_tick] ⏸ entre rondas
2026-05-13 22:15:33 [INFO] browser — [live_tick] ⚡ 1.01x (en vuelo)
2026-05-13 22:15:33 [INFO] browser — [live_tick] ⚡ 1.05x (en vuelo)
2026-05-13 22:15:34 [INFO] browser — [live_tick] ⚡ 1.10x (en vuelo)
2026-05-13 22:15:34 [INFO] browser — [live_tick] ⚡ 1.13x (en vuelo)
2026-05-13 22:15:35 [INFO] browser — [live_tick] ⚡ 1.18x (en vuelo)
2026-05-13 22:15:35 [INFO] browser — [live_tick] ⚡ 1.23x (en vuelo)
2026-05-13 22:15:36 [INFO] browser — [live_tick] ⚡ 1.31x (en vuelo)
2026-05-13 22:15:36 [INFO] browser — [live_tick] ⚡ 1.36x (en vuelo)
2026-05-13 22:15:37 [INFO] browser — [live_tick] ⚡ 1.42x (en vuelo)
2026-05-13 22:15:37 [INFO] browser — [live_tick] ⚡ 1.47x (en vuelo)
2026-05-13 22:15:38 [INFO] browser — [live_tick] ⚡ 1.57x (en vuelo)
2026-05-13 22:15:38 [INFO] browser — [live_tick] ⚡ 1.62x (en vuelo)
2026-05-13 22:15:39 [INFO] browser — [live_tick] ⚡ 1.72x (en vuelo)
2026-05-13 22:15:39 [INFO] browser — [live_tick] ⚡ 1.77x (en vuelo)
2026-05-13 22:15:40 [INFO] browser — [live_tick] ⚡ 1.84x (en vuelo)
2026-05-13 22:15:40 [INFO] browser — [live_tick] ⚡ 1.92x (en vuelo)
2026-05-13 22:15:41 [INFO] browser — [live_tick] ⚡ 2.01x (en vuelo)
2026-05-13 22:15:41 [INFO] browser — [live_tick] ⚡ 2.13x (en vuelo)
2026-05-13 22:15:42 [INFO] browser — [live_tick] ⚡ 2.25x (en vuelo)
2026-05-13 22:15:42 [INFO] browser — [live_tick] ⚡ 2.35x (en vuelo)
2026-05-13 22:15:43 [INFO] browser — [live_tick] ⚡ 2.45x (en vuelo)
2026-05-13 22:15:44 [INFO] browser — [live_tick] ⚡ 2.64x (en vuelo)
2026-05-13 22:15:44 [INFO] browser — [live_tick] ⚡ 2.75x (en vuelo)
2026-05-13 22:15:44 [INFO] browser — [live_tick] ⚡ 2.87x (en vuelo)
2026-05-13 22:15:45 [INFO] browser — [live_tick] ⚡ 3.00x (en vuelo)
2026-05-13 22:15:45 [INFO] browser — [live_tick] ⚡ 3.13x (en vuelo)
2026-05-13 22:15:46 [INFO] browser — [live_tick] ⚡ 3.27x (en vuelo)
2026-05-13 22:15:47 [INFO] browser — [live_tick] ⏸ entre rondas
2026-05-13 22:15:48 [INFO] advanced_stats — [PRE-SPIKE DETECTADO] Contexto similar a previo a 5x (n=45 muestras | avg_low=33.60%)
2026-05-13 22:15:48 [INFO] advanced_stats — [PRE-SPIKE DETECTADO] Contexto similar a previo a 10x (n=22 muestras | avg_low=32.70%)
2026-05-13 22:15:48 [INFO] advanced_stats — [PRE-SPIKE DETECTADO] Contexto similar a previo a 20x (n=10 muestras | avg_low=32.00%)
2026-05-13 22:15:48 [DEBUG] entropy — [ENTROPÍA] score=0.307 label=estructurado structured=True dead=False
2026-05-13 22:15:48 [DEBUG] ml_clustering — [ML] contexto=neutral score=72 anomalía=0.600 similar=5 buffer=83
2026-05-13 22:15:48 [INFO] dual_engine — [DUAL ENGINE] mode=none emit=False target=0.00x safe=29 hunter=64 moon=50 entropy=0.307
2026-05-13 22:15:48 [INFO] main_v3 — [22:15:48] 3.41x | mode=none | safe=29 | hunter=64 | moon=50 | entropy=0.307 | comp=0.409 | tension=22
2026-05-13 22:15:48 [INFO] main_v3 — [ENTROPÍA] Entropía baja (0.307) con run-length=0.560. Posible compresión estadística activa.
2026-05-13 22:15:48 [INFO] main_v3 — [ANOMALÍA] Contexto: NEUTRAL (score=72) | Crash density 15r=33.33% | Compresión=0.409 | Entropía=0.307 | Anomalía=0.600
2026-05-13 22:15:48 [INFO] main_v3 — [POST_SPIKE_COOLDOWN] Bloqueado 1 rondas tras 10x
2026-05-13 22:15:48 [INFO] main_v3 — [DISTANCIA 50x SOBRE MEDIA] hace=76r | avg=30r
2026-05-13 22:15:48 [INFO] main_v3 — [PRE-SPIKE DETECTADO] Contexto similar a previo a 5x (n=45 muestras | avg_low=33.60%)
2026-05-13 22:15:48 [INFO] main_v3 — [PRE-SPIKE DETECTADO] Contexto similar a previo a 10x (n=22 muestras | avg_low=32.70%)
2026-05-13 22:15:48 [INFO] main_v3 — [PRE-SPIKE DETECTADO] Contexto similar a previo a 20x (n=10 muestras | avg_low=32.00%)
2026-05-13 22:15:55 [INFO] browser — [live_tick] ⚡ 1.00x (en vuelo)
2026-05-13 22:15:56 [INFO] browser — [live_tick] ⚡ 1.05x (en vuelo)
2026-05-13 22:15:56 [INFO] browser — [live_tick] ⚡ 1.10x (en vuelo)
2026-05-13 22:15:57 [INFO] browser — [live_tick] ⚡ 1.15x (en vuelo)
2026-05-13 22:15:57 [INFO] browser — [live_tick] ⚡ 1.22x (en vuelo)
2026-05-13 22:15:58 [INFO] browser — [live_tick] ⚡ 1.27x (en vuelo)
2026-05-13 22:15:58 [INFO] browser — [live_tick] ⚡ 1.34x (en vuelo)
2026-05-13 22:15:59 [INFO] browser — [live_tick] ⚡ 1.38x (en vuelo)
2026-05-13 22:16:00 [INFO] browser — [live_tick] ⚡ 1.49x (en vuelo)
2026-05-13 22:16:01 [INFO] browser — [live_tick] ⚡ 1.67x (en vuelo)
2026-05-13 22:16:02 [INFO] browser — [live_tick] ⚡ 1.82x (en vuelo)
2026-05-13 22:16:03 [INFO] browser — [live_tick] ⚡ 1.98x (en vuelo)
2026-05-13 22:16:03 [INFO] browser — [live_tick] ⏸ entre rondas
2026-05-13 22:16:05 [INFO] advanced_stats — [PRE-SPIKE DETECTADO] Contexto similar a previo a 5x (n=45 muestras | avg_low=33.60%)
2026-05-13 22:16:05 [INFO] advanced_stats — [PRE-SPIKE DETECTADO] Contexto similar a previo a 10x (n=22 muestras | avg_low=32.70%)
2026-05-13 22:16:05 [INFO] advanced_stats — [PRE-SPIKE DETECTADO] Contexto similar a previo a 20x (n=10 muestras | avg_low=32.00%)
2026-05-13 22:16:05 [DEBUG] entropy — [ENTROPÍA] score=0.307 label=estructurado structured=True dead=False
2026-05-13 22:16:05 [DEBUG] ml_clustering — [ML] contexto=neutral score=72 anomalía=0.600 similar=6 buffer=84
2026-05-13 22:16:05 [INFO] dual_engine — [DUAL ENGINE] mode=moon emit=True target=10.00x safe=29 hunter=64 moon=50 entropy=0.307
2026-05-13 22:16:05 [INFO] main_v3 — [22:16:05] 2.04x | mode=moon | safe=29 | hunter=64 | moon=50 | entropy=0.307 | comp=0.409 | tension=22
2026-05-13 22:16:05 [INFO] main_v3 — [MOON] target=10.0x score=50 | compresión=0.41 | overdue_levels=[50]
2026-05-13 22:16:05 [INFO] main_v3 — [ENTROPÍA] Entropía baja (0.307) con run-length=0.560. Posible compresión estadística activa.
2026-05-13 22:16:05 [INFO] main_v3 — [ANOMALÍA] Contexto: NEUTRAL (score=72) | Crash density 15r=33.33% | Compresión=0.409 | Entropía=0.307 | Anomalía=0.600
2026-05-13 22:16:05 [INFO] main_v3 — [DISTANCIA 50x SOBRE MEDIA] hace=77r | avg=30r
2026-05-13 22:16:05 [INFO] main_v3 — [PRE-SPIKE DETECTADO] Contexto similar a previo a 5x (n=45 muestras | avg_low=33.60%)
2026-05-13 22:16:05 [INFO] main_v3 — [PRE-SPIKE DETECTADO] Contexto similar a previo a 10x (n=22 muestras | avg_low=32.70%)
2026-05-13 22:16:05 [INFO] main_v3 — [PRE-SPIKE DETECTADO] Contexto similar a previo a 20x (n=10 muestras | avg_low=32.00%)
2026-05-13 22:16:07 [INFO] db_v2 — [DUAL SIGNAL] id=19 mode=moon target=10.00x conf=34%
2026-05-13 22:16:08 [INFO] main_v3 — ✅ Señal #19 emitida | mode=moon target=10.0x conf=34% safe=29 hunter=64 moon=50
2026-05-13 22:16:13 [INFO] browser — [live_tick] ⚡ 1.04x (en vuelo)
2026-05-13 22:16:13 [INFO] browser — [live_tick] ⏸ entre rondas
2026-05-13 22:16:16 [INFO] main_v3 — ❌ Dual señal #19 (moon 10.0x) → 1.07x en 1 ronda
2026-05-13 22:16:16 [INFO] advanced_stats — [PRE-SPIKE DETECTADO] Contexto similar a previo a 5x (n=45 muestras | avg_low=33.60%)
2026-05-13 22:16:16 [INFO] advanced_stats — [PRE-SPIKE DETECTADO] Contexto similar a previo a 10x (n=22 muestras | avg_low=32.70%)
2026-05-13 22:16:16 [INFO] advanced_stats — [PRE-SPIKE DETECTADO] Contexto similar a previo a 20x (n=10 muestras | avg_low=32.00%)
2026-05-13 22:16:16 [DEBUG] entropy — [ENTROPÍA] score=0.307 label=estructurado structured=True dead=False
2026-05-13 22:16:16 [DEBUG] ml_clustering — [ML] contexto=neutral score=72 anomalía=0.600 similar=7 buffer=85
2026-05-13 22:16:16 [INFO] dual_engine — [DUAL ENGINE] mode=moon emit=True target=10.00x safe=34 hunter=70 moon=67 entropy=0.307
2026-05-13 22:16:16 [INFO] main_v3 — [22:16:15] 1.07x | mode=moon | safe=34 | hunter=70 | moon=67 | entropy=0.307 | comp=0.409 | tension=22
2026-05-13 22:16:16 [INFO] main_v3 — [MOON] target=10.0x score=67 | compresión=0.41 | overdue_levels=[50]
2026-05-13 22:16:16 [INFO] main_v3 — [ENTROPÍA] Entropía baja (0.307) con run-length=0.560. Posible compresión estadística activa.
2026-05-13 22:16:16 [INFO] main_v3 — [ANOMALÍA] Contexto: NEUTRAL (score=72) | Crash density 15r=33.33% | Compresión=0.409 | Entropía=0.307 | Anomalía=0.600
2026-05-13 22:16:16 [INFO] main_v3 — [DISTANCIA 50x SOBRE MEDIA] hace=78r | avg=30r
2026-05-13 22:16:16 [INFO] main_v3 — [PRE-SPIKE DETECTADO] Contexto similar a previo a 5x (n=45 muestras | avg_low=33.60%)
2026-05-13 22:16:16 [INFO] main_v3 — [PRE-SPIKE DETECTADO] Contexto similar a previo a 10x (n=22 muestras | avg_low=32.70%)
2026-05-13 22:16:16 [INFO] main_v3 — [PRE-SPIKE DETECTADO] Contexto similar a previo a 20x (n=10 muestras | avg_low=32.00%)
2026-05-13 22:16:21 [INFO] browser — [live_tick] ⚡ 1.01x (en vuelo)
2026-05-13 22:16:22 [INFO] browser — [live_tick] ⚡ 1.05x (en vuelo)
2026-05-13 22:16:22 [INFO] browser — [live_tick] ⚡ 1.10x (en vuelo)
2026-05-13 22:16:23 [INFO] browser — [live_tick] ⚡ 1.15x (en vuelo)
2026-05-13 22:16:23 [INFO] browser — [live_tick] ⚡ 1.20x (en vuelo)
2026-05-13 22:16:24 [INFO] browser — [live_tick] ⚡ 1.25x (en vuelo)
2026-05-13 22:16:24 [INFO] browser — [live_tick] ⚡ 1.31x (en vuelo)
2026-05-13 22:16:25 [INFO] browser — [live_tick] ⚡ 1.36x (en vuelo)
2026-05-13 22:16:25 [INFO] browser — [live_tick] ⚡ 1.42x (en vuelo)
2026-05-13 22:16:26 [INFO] browser — [live_tick] ⚡ 1.47x (en vuelo)
2026-05-13 22:16:26 [INFO] browser — [live_tick] ⚡ 1.53x (en vuelo)
2026-05-13 22:16:27 [INFO] browser — [live_tick] ⚡ 1.62x (en vuelo)
2026-05-13 22:16:27 [INFO] browser — [live_tick] ⚡ 1.69x (en vuelo)
2026-05-13 22:16:28 [INFO] browser — [live_tick] ⚡ 1.77x (en vuelo)
2026-05-13 22:16:28 [INFO] browser — [live_tick] ⚡ 1.84x (en vuelo)
2026-05-13 22:16:29 [INFO] browser — [live_tick] ⚡ 1.92x (en vuelo)
2026-05-13 22:16:29 [INFO] browser — [live_tick] ⚡ 2.04x (en vuelo)
2026-05-13 22:16:30 [INFO] browser — [live_tick] ⚡ 2.13x (en vuelo)
2026-05-13 22:16:30 [INFO] browser — [live_tick] ⚡ 2.22x (en vuelo)
2026-05-13 22:16:31 [INFO] browser — [live_tick] ⏸ entre rondas
2026-05-13 22:16:32 [INFO] advanced_stats — [PRE-SPIKE DETECTADO] Contexto similar a previo a 5x (n=45 muestras | avg_low=33.60%)
2026-05-13 22:16:32 [INFO] advanced_stats — [PRE-SPIKE DETECTADO] Contexto similar a previo a 10x (n=22 muestras | avg_low=32.70%)
2026-05-13 22:16:32 [INFO] advanced_stats — [PRE-SPIKE DETECTADO] Contexto similar a previo a 20x (n=10 muestras | avg_low=32.00%)
2026-05-13 22:16:32 [DEBUG] entropy — [ENTROPÍA] score=0.307 label=estructurado structured=True dead=False
2026-05-13 22:16:32 [DEBUG] ml_clustering — [ML] contexto=neutral score=74 anomalía=0.600 similar=8 buffer=86
2026-05-13 22:16:32 [INFO] dual_engine — [DUAL ENGINE] mode=moon emit=True target=10.00x safe=38 hunter=70 moon=67 entropy=0.307
2026-05-13 22:16:32 [INFO] main_v3 — [22:16:32] 2.25x | mode=moon | safe=38 | hunter=70 | moon=67 | entropy=0.307 | comp=0.409 | tension=22
2026-05-13 22:16:32 [INFO] main_v3 — [MOON] target=10.0x score=67 | compresión=0.41 | overdue_levels=[50]
2026-05-13 22:16:32 [INFO] main_v3 — [ENTROPÍA] Entropía baja (0.307) con run-length=0.560. Posible compresión estadística activa.
2026-05-13 22:16:32 [INFO] main_v3 — [ANOMALÍA] Contexto: NEUTRAL (score=73) | Crash density 15r=26.67% | Compresión=0.409 | Entropía=0.307 | Anomalía=0.600
2026-05-13 22:16:32 [INFO] main_v3 — [DISTANCIA 50x SOBRE MEDIA] hace=79r | avg=30r
2026-05-13 22:16:32 [INFO] main_v3 — [PRE-SPIKE DETECTADO] Contexto similar a previo a 5x (n=45 muestras | avg_low=33.60%)
2026-05-13 22:16:32 [INFO] main_v3 — [PRE-SPIKE DETECTADO] Contexto similar a previo a 10x (n=22 muestras | avg_low=32.70%)
2026-05-13 22:16:32 [INFO] main_v3 — [PRE-SPIKE DETECTADO] Contexto similar a previo a 20x (n=10 muestras | avg_low=32.00%)
2026-05-13 22:16:40 [INFO] browser — [live_tick] ⚡ 1.02x (en vuelo)
2026-05-13 22:16:40 [INFO] browser — [live_tick] ⚡ 1.07x (en vuelo)
2026-05-13 22:16:42 [INFO] browser — [live_tick] ⚡ 1.22x (en vuelo)
2026-05-13 22:16:44 [INFO] browser — [live_tick] ⚡ 1.49x (en vuelo)
2026-05-13 22:16:45 [INFO] browser — [live_tick] ⚡ 1.57x (en vuelo)
2026-05-13 22:16:45 [INFO] browser — [live_tick] ⚡ 1.67x (en vuelo)
2026-05-13 22:16:46 [INFO] browser — [live_tick] ⚡ 1.79x (en vuelo)
2026-05-13 22:16:48 [INFO] browser — [live_tick] ⚡ 2.04x (en vuelo)
2026-05-13 22:16:50 [INFO] advanced_stats — [PRE-SPIKE DETECTADO] Contexto similar a previo a 5x (n=45 muestras | avg_low=33.70%)
2026-05-13 22:16:50 [INFO] advanced_stats — [PRE-SPIKE DETECTADO] Contexto similar a previo a 10x (n=22 muestras | avg_low=32.70%)
2026-05-13 22:16:51 [INFO] advanced_stats — [PRE-SPIKE DETECTADO] Contexto similar a previo a 20x (n=10 muestras | avg_low=32.00%)
2026-05-13 22:16:51 [DEBUG] entropy — [ENTROPÍA] score=0.307 label=estructurado structured=True dead=False
2026-05-13 22:16:51 [DEBUG] ml_clustering — [ML] contexto=neutral score=73 anomalía=0.600 similar=9 buffer=87
2026-05-13 22:16:51 [INFO] dual_engine — [DUAL ENGINE] mode=moon emit=True target=10.00x safe=47 hunter=68 moon=63 entropy=0.307
2026-05-13 22:16:51 [INFO] main_v3 — [22:16:50] 2.35x | mode=moon | safe=47 | hunter=68 | moon=63 | entropy=0.307 | comp=0.409 | tension=23
2026-05-13 22:16:51 [INFO] main_v3 — [MOON] target=10.0x score=63 | compresión=0.41 | overdue_levels=[50]
2026-05-13 22:16:52 [INFO] main_v3 — [ENTROPÍA] Entropía baja (0.307) con run-length=0.580. Posible compresión estadística activa.
2026-05-13 22:16:52 [INFO] main_v3 — [ANOMALÍA] Contexto: NEUTRAL (score=73) | Crash density 15r=26.67% | Compresión=0.409 | Entropía=0.307 | Anomalía=0.600
2026-05-13 22:16:52 [INFO] main_v3 — [DISTANCIA 50x SOBRE MEDIA] hace=80r | avg=30r
2026-05-13 22:16:52 [INFO] main_v3 — [PRE-SPIKE DETECTADO] Contexto similar a previo a 5x (n=45 muestras | avg_low=33.70%)
2026-05-13 22:16:52 [INFO] main_v3 — [PRE-SPIKE DETECTADO] Contexto similar a previo a 10x (n=22 muestras | avg_low=32.70%)
2026-05-13 22:16:52 [INFO] main_v3 — [PRE-SPIKE DETECTADO] Contexto similar a previo a 20x (n=10 muestras | avg_low=32.00%)
2026-05-13 22:16:54 [INFO] browser — [live_tick] ⏸ entre rondas
2026-05-13 22:16:59 [INFO] browser — [live_tick] ⚡ 1.13x (en vuelo)
2026-05-13 22:17:02 [INFO] browser — [live_tick] ⚡ 1.40x (en vuelo)
2026-05-13 22:17:05 [INFO] browser — [live_tick] ⚡ 1.87x (en vuelo)
2026-05-13 22:17:10 [INFO] browser — [live_tick] ⚡ 2.96x (en vuelo)
2026-05-13 22:17:14 [INFO] browser — [live_tick] ⚡ 4.11x (en vuelo)
2026-05-13 22:17:17 [INFO] browser — [live_tick] ⚡ 5.55x (en vuelo)
2026-05-13 22:17:19 [INFO] browser — [live_tick] ⚡ 6.87x (en vuelo)
2026-05-13 22:17:22 [INFO] browser — [live_tick] ⚡ 8.89x (en vuelo)
2026-05-13 22:17:26 [INFO] browser — [live_tick] ⚡ 12.35x (en vuelo)
2026-05-13 22:17:28 [INFO] browser — [live_tick] ⚡ 15.75x (en vuelo)
2026-05-13 22:17:30 [INFO] browser — [live_tick] ⚡ 17.66x (en vuelo)
2026-05-13 22:17:31 [INFO] browser — [live_tick] ⚡ 19.51x (en vuelo)
2026-05-13 22:17:32 [INFO] browser — [live_tick] ⚡ 22.19x (en vuelo)
2026-05-13 22:17:33 [INFO] browser — [live_tick] ⚡ 23.84x (en vuelo)
2026-05-13 22:17:34 [INFO] browser — [live_tick] ⚡ 25.60x (en vuelo)
2026-05-13 22:17:35 [INFO] browser — [live_tick] ⚡ 27.50x (en vuelo)
2026-05-13 22:17:36 [INFO] browser — [live_tick] ⚡ 30.39x (en vuelo)
2026-05-13 22:17:37 [INFO] browser — [live_tick] ⚡ 33.59x (en vuelo)
2026-05-13 22:17:37 [INFO] browser — [live_tick] ⚡ 35.56x (en vuelo)
2026-05-13 22:17:39 [INFO] browser — [live_tick] ⚡ 39.30x (en vuelo)
2026-05-13 22:17:40 [INFO] browser — [live_tick] ⚡ 43.44x (en vuelo)
2026-05-13 22:17:41 [INFO] browser — [live_tick] ⚡ 48.70x (en vuelo)
2026-05-13 22:17:42 [INFO] browser — [live_tick] ⚡ 55.38x (en vuelo)
2026-05-13 22:17:44 [INFO] browser — [live_tick] ⚡ 61.20x (en vuelo)
2026-05-13 22:17:45 [INFO] browser — [live_tick] ⚡ 68.61x (en vuelo)
2026-05-13 22:17:47 [INFO] browser — [live_tick] ⏸ entre rondas
2026-05-13 22:17:47 [INFO] analyzer — Anti-FOMO: spike 74.76x → bloqueando 3 rondas.
2026-05-13 22:17:47 [INFO] advanced_stats — [POST_SPIKE_COOLDOWN] 74.76x >= 5x → bloqueando 2 rondas
2026-05-13 22:17:47 [INFO] advanced_stats — [POST_SPIKE_COOLDOWN] 74.76x >= 8x → bloqueando 2 rondas
2026-05-13 22:17:47 [INFO] advanced_stats — [POST_SPIKE_COOLDOWN] 74.76x >= 10x → bloqueando 3 rondas
2026-05-13 22:17:47 [INFO] advanced_stats — [POST_SPIKE_COOLDOWN] 74.76x >= 20x → bloqueando 4 rondas
2026-05-13 22:17:47 [INFO] advanced_stats — [POST_SPIKE_COOLDOWN] 74.76x >= 50x → bloqueando 5 rondas
2026-05-13 22:17:48 [DEBUG] db_advanced — spike_distances: nivel=5x dist=6 val=74.76
2026-05-13 22:17:48 [DEBUG] db_advanced — pre_spike_context guardado: 74.76x (nivel=5x)
2026-05-13 22:17:48 [INFO] spike_tracker — [SPIKE] 74.76x >= 5x | distancia=6 rondas
2026-05-13 22:17:48 [DEBUG] db_advanced — spike_distances: nivel=8x dist=6 val=74.76
2026-05-13 22:17:48 [DEBUG] db_advanced — pre_spike_context guardado: 74.76x (nivel=8x)
2026-05-13 22:17:48 [INFO] spike_tracker — [SPIKE] 74.76x >= 8x | distancia=6 rondas
2026-05-13 22:17:48 [DEBUG] db_advanced — spike_distances: nivel=10x dist=6 val=74.76
2026-05-13 22:17:48 [DEBUG] db_advanced — pre_spike_context guardado: 74.76x (nivel=10x)
2026-05-13 22:17:48 [INFO] spike_tracker — [SPIKE] 74.76x >= 10x | distancia=6 rondas
2026-05-13 22:17:48 [DEBUG] db_advanced — spike_distances: nivel=20x dist=10 val=74.76
2026-05-13 22:17:48 [DEBUG] db_advanced — pre_spike_context guardado: 74.76x (nivel=20x)
2026-05-13 22:17:48 [INFO] spike_tracker — [SPIKE] 74.76x >= 20x | distancia=10 rondas
2026-05-13 22:17:49 [DEBUG] db_advanced — spike_distances: nivel=50x dist=81 val=74.76
2026-05-13 22:17:49 [DEBUG] db_advanced — pre_spike_context guardado: 74.76x (nivel=50x)
2026-05-13 22:17:49 [INFO] spike_tracker — [SPIKE] 74.76x >= 50x | distancia=81 rondas
2026-05-13 22:17:49 [INFO] advanced_stats — [PRE-SPIKE DETECTADO] Contexto similar a previo a 5x (n=46 muestras | avg_low=33.50%)
2026-05-13 22:17:49 [INFO] advanced_stats — [PRE-SPIKE DETECTADO] Contexto similar a previo a 10x (n=23 muestras | avg_low=32.50%)
2026-05-13 22:17:49 [INFO] advanced_stats — [PRE-SPIKE DETECTADO] Contexto similar a previo a 20x (n=11 muestras | avg_low=31.50%)
2026-05-13 22:17:50 [DEBUG] entropy — [ENTROPÍA] score=0.275 label=estructurado structured=True dead=False
2026-05-13 22:17:50 [DEBUG] ml_clustering — [ML] contexto=neutral score=66 anomalía=0.429 similar=0 buffer=88
2026-05-13 22:17:50 [INFO] dual_engine — [DUAL ENGINE] mode=none emit=False target=0.00x safe=29 hunter=53 moon=40 entropy=0.275
2026-05-13 22:17:50 [INFO] main_v3 — [22:17:47] 74.76x | mode=none | safe=29 | hunter=53 | moon=40 | entropy=0.275 | comp=0.409 | tension=16
2026-05-13 22:17:50 [INFO] main_v3 — [ENTROPÍA] Entropía baja (0.275) con run-length=0.580. Posible compresión estadística activa.
2026-05-13 22:17:50 [INFO] main_v3 — [POST_SPIKE_COOLDOWN] Bloqueado 4 rondas tras 50x
2026-05-13 22:17:50 [INFO] main_v3 — [PRE-SPIKE DETECTADO] Contexto similar a previo a 5x (n=46 muestras | avg_low=33.50%)
2026-05-13 22:17:50 [INFO] main_v3 — [PRE-SPIKE DETECTADO] Contexto similar a previo a 10x (n=23 muestras | avg_low=32.50%)
2026-05-13 22:17:50 [INFO] main_v3 — [PRE-SPIKE DETECTADO] Contexto similar a previo a 20x (n=11 muestras | avg_low=31.50%)
2026-05-13 22:17:54 [INFO] browser — [live_tick] ⚡ 1.00x (en vuelo)
2026-05-13 22:17:58 [INFO] advanced_stats — [PRE-SPIKE DETECTADO] Contexto similar a previo a 5x (n=46 muestras | avg_low=33.70%)
2026-05-13 22:17:58 [INFO] advanced_stats — [PRE-SPIKE DETECTADO] Contexto similar a previo a 10x (n=23 muestras | avg_low=32.50%)
2026-05-13 22:17:58 [INFO] advanced_stats — [PRE-SPIKE DETECTADO] Contexto similar a previo a 20x (n=11 muestras | avg_low=31.50%)
2026-05-13 22:17:58 [DEBUG] entropy — [ENTROPÍA] score=0.254 label=estructurado structured=True dead=False
2026-05-13 22:17:58 [DEBUG] ml_clustering — [ML] contexto=neutral score=65 anomalía=0.377 similar=1 buffer=89
2026-05-13 22:17:58 [INFO] dual_engine — [DUAL ENGINE] mode=none emit=False target=0.00x safe=29 hunter=50 moon=40 entropy=0.254
2026-05-13 22:17:58 [INFO] main_v3 — [22:17:58] 1.12x | mode=none | safe=29 | hunter=50 | moon=40 | entropy=0.254 | comp=0.349 | tension=14
2026-05-13 22:17:58 [INFO] main_v3 — [ENTROPÍA] Entropía baja (0.254) con run-length=0.560. Posible compresión estadística activa.
2026-05-13 22:17:58 [INFO] main_v3 — [POST_SPIKE_COOLDOWN] Bloqueado 3 rondas tras 50x
2026-05-13 22:17:58 [INFO] main_v3 — [PRE-SPIKE DETECTADO] Contexto similar a previo a 5x (n=46 muestras | avg_low=33.70%)
2026-05-13 22:17:58 [INFO] main_v3 — [PRE-SPIKE DETECTADO] Contexto similar a previo a 10x (n=23 muestras | avg_low=32.50%)
2026-05-13 22:17:58 [INFO] main_v3 — [PRE-SPIKE DETECTADO] Contexto similar a previo a 20x (n=11 muestras | avg_low=31.50%)
2026-05-13 22:17:59 [INFO] browser — [live_tick] ⏸ entre rondas
2026-05-13 22:18:05 [INFO] browser — [live_tick] ⚡ 1.02x (en vuelo)
2026-05-13 22:18:05 [INFO] browser — [live_tick] ⚡ 1.08x (en vuelo)
2026-05-13 22:18:07 [INFO] browser — [live_tick] ⚡ 1.20x (en vuelo)
2026-05-13 22:18:08 [INFO] browser — [live_tick] ⚡ 1.38x (en vuelo)
2026-05-13 22:18:10 [INFO] browser — [live_tick] ⚡ 1.60x (en vuelo)
2026-05-13 22:18:12 [INFO] browser — [live_tick] ⚡ 1.90x (en vuelo)
2026-05-13 22:18:15 [INFO] browser — [live_tick] ⚡ 2.64x (en vuelo)
2026-05-13 22:18:17 [INFO] browser — [live_tick] ⚡ 3.00x (en vuelo)
2026-05-13 22:18:19 [INFO] browser — [live_tick] ⚡ 3.66x (en vuelo)
2026-05-13 22:18:21 [INFO] browser — [live_tick] ⚡ 4.48x (en vuelo)
2026-05-13 22:18:23 [INFO] browser — [live_tick] ⚡ 5.24x (en vuelo)
2026-05-13 22:18:26 [INFO] browser — [live_tick] ⚡ 6.68x (en vuelo)
2026-05-13 22:18:27 [INFO] browser — [live_tick] ⚡ 7.49x (en vuelo)
2026-05-13 22:18:27 [INFO] browser — [live_tick] ⚡ 8.05x (en vuelo)
2026-05-13 22:18:30 [INFO] browser — [live_tick] ⚡ 10.11x (en vuelo)
2026-05-13 22:18:32 [INFO] browser — [live_tick] ⚡ 12.35x (en vuelo)
2026-05-13 22:18:33 [INFO] browser — [live_tick] ⚡ 13.08x (en vuelo)
2026-05-13 22:18:34 [INFO] browser — [live_tick] ⚡ 14.25x (en vuelo)
2026-05-13 22:18:34 [INFO] browser — [live_tick] ⚡ 15.09x (en vuelo)
2026-05-13 22:18:35 [INFO] browser — [live_tick] ⚡ 15.98x (en vuelo)
2026-05-13 22:18:36 [INFO] browser — [live_tick] ⚡ 16.68x (en vuelo)
2026-05-13 22:18:36 [INFO] browser — [live_tick] ⚡ 17.91x (en vuelo)
2026-05-13 22:18:37 [INFO] browser — [live_tick] ⚡ 18.70x (en vuelo)
2026-05-13 22:18:37 [INFO] browser — [live_tick] ⚡ 19.51x (en vuelo)
2026-05-13 22:18:38 [INFO] browser — [live_tick] ⚡ 20.37x (en vuelo)
2026-05-13 22:18:38 [INFO] browser — [live_tick] ⚡ 21.26x (en vuelo)
2026-05-13 22:18:39 [INFO] browser — [live_tick] ⚡ 22.51x (en vuelo)
2026-05-13 22:18:39 [INFO] browser — [live_tick] ⚡ 23.50x (en vuelo)
2026-05-13 22:18:40 [INFO] browser — [live_tick] ⚡ 24.53x (en vuelo)
2026-05-13 22:18:40 [INFO] browser — [live_tick] ⏸ entre rondas
2026-05-13 22:18:41 [INFO] analyzer — Anti-FOMO: spike 25.60x → bloqueando 3 rondas.
2026-05-13 22:18:41 [INFO] advanced_stats — [POST_SPIKE_COOLDOWN] 25.60x >= 5x → bloqueando 2 rondas
2026-05-13 22:18:41 [INFO] advanced_stats — [POST_SPIKE_COOLDOWN] 25.60x >= 8x → bloqueando 2 rondas
2026-05-13 22:18:41 [INFO] advanced_stats — [POST_SPIKE_COOLDOWN] 25.60x >= 10x → bloqueando 3 rondas
2026-05-13 22:18:41 [INFO] advanced_stats — [POST_SPIKE_COOLDOWN] 25.60x >= 20x → bloqueando 4 rondas
2026-05-13 22:18:41 [DEBUG] db_advanced — spike_distances: nivel=5x dist=2 val=25.60
2026-05-13 22:18:41 [DEBUG] db_advanced — pre_spike_context guardado: 25.60x (nivel=5x)
2026-05-13 22:18:41 [INFO] spike_tracker — [SPIKE] 25.60x >= 5x | distancia=2 rondas
2026-05-13 22:18:41 [DEBUG] db_advanced — spike_distances: nivel=8x dist=2 val=25.60
2026-05-13 22:18:41 [DEBUG] db_advanced — pre_spike_context guardado: 25.60x (nivel=8x)
2026-05-13 22:18:41 [INFO] spike_tracker — [SPIKE] 25.60x >= 8x | distancia=2 rondas
2026-05-13 22:18:41 [DEBUG] db_advanced — spike_distances: nivel=10x dist=2 val=25.60
2026-05-13 22:18:41 [DEBUG] db_advanced — pre_spike_context guardado: 25.60x (nivel=10x)
2026-05-13 22:18:41 [INFO] spike_tracker — [SPIKE] 25.60x >= 10x | distancia=2 rondas
2026-05-13 22:18:41 [DEBUG] db_advanced — spike_distances: nivel=20x dist=2 val=25.60
2026-05-13 22:18:41 [DEBUG] db_advanced — pre_spike_context guardado: 25.60x (nivel=20x)
2026-05-13 22:18:41 [INFO] spike_tracker — [SPIKE] 25.60x >= 20x | distancia=2 rondas
2026-05-13 22:18:42 [INFO] advanced_stats — [PRE-SPIKE DETECTADO] Contexto similar a previo a 5x (n=47 muestras | avg_low=33.60%)
2026-05-13 22:18:42 [INFO] advanced_stats — [PRE-SPIKE DETECTADO] Contexto similar a previo a 10x (n=24 muestras | avg_low=32.50%)
2026-05-13 22:18:42 [INFO] advanced_stats — [PRE-SPIKE DETECTADO] Contexto similar a previo a 20x (n=12 muestras | avg_low=31.70%)
2026-05-13 22:18:42 [DEBUG] entropy — [ENTROPÍA] score=0.278 label=estructurado structured=True dead=False
2026-05-13 22:18:42 [WARNING] entropy — [DEAD MARKET] Bloqueando todas las señales. toxicity=0.60 | 2 spikes ≥8x en últimas 5 rondas | Volatilidad absurda (std=23.1 en 10r)
2026-05-13 22:18:42 [DEBUG] ml_clustering — [ML] contexto=neutral score=66 anomalía=0.356 similar=2 buffer=90
2026-05-13 22:18:42 [INFO] dual_engine — [DUAL ENGINE] mode=dead emit=False target=0.00x safe=31 hunter=48 moon=40 entropy=0.278
2026-05-13 22:18:42 [INFO] main_v3 — [22:18:41] 25.60x | mode=dead | safe=31 | hunter=48 | moon=40 | entropy=0.278 | comp=0.253 | tension=11
2026-05-13 22:18:42 [INFO] main_v3 — [DEAD MARKET] 2 spikes ≥8x en últimas 5 rondas | Volatilidad absurda (std=23.1 en 10r)
2026-05-13 22:18:42 [INFO] main_v3 — [ENTROPÍA] Entropía baja (0.278) con run-length=0.540. Posible compresión estadística activa.
2026-05-13 22:18:42 [INFO] main_v3 — [POST_SPIKE_COOLDOWN] Bloqueado 2 rondas tras 50x
2026-05-13 22:18:42 [INFO] main_v3 — [PRE-SPIKE DETECTADO] Contexto similar a previo a 5x (n=47 muestras | avg_low=33.60%)
2026-05-13 22:18:42 [INFO] main_v3 — [PRE-SPIKE DETECTADO] Contexto similar a previo a 10x (n=24 muestras | avg_low=32.50%)
2026-05-13 22:18:42 [INFO] main_v3 — [PRE-SPIKE DETECTADO] Contexto similar a previo a 20x (n=12 muestras | avg_low=31.70%)
2026-05-13 22:18:49 [INFO] browser — [live_tick] ⚡ 1.02x (en vuelo)
2026-05-13 22:18:50 [INFO] browser — [live_tick] ⚡ 1.10x (en vuelo)
2026-05-13 22:18:50 [INFO] browser — [live_tick] ⚡ 1.15x (en vuelo)
2026-05-13 22:18:51 [INFO] browser — [live_tick] ⚡ 1.20x (en vuelo)
2026-05-13 22:18:51 [INFO] browser — [live_tick] ⚡ 1.25x (en vuelo)
2026-05-13 22:18:52 [INFO] browser — [live_tick] ⚡ 1.31x (en vuelo)
2026-05-13 22:18:52 [INFO] browser — [live_tick] ⚡ 1.36x (en vuelo)
2026-05-13 22:18:53 [INFO] browser — [live_tick] ⚡ 1.42x (en vuelo)
2026-05-13 22:18:53 [INFO] browser — [live_tick] ⚡ 1.49x (en vuelo)
2026-05-13 22:18:54 [INFO] browser — [live_tick] ⚡ 1.55x (en vuelo)
2026-05-13 22:18:54 [INFO] browser — [live_tick] ⚡ 1.64x (en vuelo)
2026-05-13 22:18:55 [INFO] browser — [live_tick] ⚡ 1.72x (en vuelo)
2026-05-13 22:18:55 [INFO] browser — [live_tick] ⚡ 1.79x (en vuelo)
2026-05-13 22:18:56 [INFO] browser — [live_tick] ⚡ 1.87x (en vuelo)
2026-05-13 22:18:56 [INFO] browser — [live_tick] ⚡ 1.95x (en vuelo)
2026-05-13 22:18:57 [INFO] browser — [live_tick] ⚡ 2.07x (en vuelo)
2026-05-13 22:18:57 [INFO] browser — [live_tick] ⚡ 2.19x (en vuelo)
2026-05-13 22:18:58 [INFO] browser — [live_tick] ⚡ 2.29x (en vuelo)
2026-05-13 22:18:58 [INFO] browser — [live_tick] ⚡ 2.39x (en vuelo)
2026-05-13 22:18:59 [INFO] browser — [live_tick] ⚡ 2.49x (en vuelo)
2026-05-13 22:18:59 [INFO] browser — [live_tick] ⚡ 2.60x (en vuelo)
2026-05-13 22:19:00 [INFO] browser — [live_tick] ⚡ 2.79x (en vuelo)
2026-05-13 22:19:01 [INFO] browser — [live_tick] ⚡ 2.91x (en vuelo)
2026-05-13 22:19:01 [INFO] browser — [live_tick] ⚡ 3.09x (en vuelo)
2026-05-13 22:19:02 [INFO] browser — [live_tick] ⚡ 3.18x (en vuelo)
2026-05-13 22:19:02 [INFO] browser — [live_tick] ⚡ 3.36x (en vuelo)
2026-05-13 22:19:03 [INFO] browser — [live_tick] ⚡ 3.51x (en vuelo)
2026-05-13 22:19:03 [INFO] browser — [live_tick] ⚡ 3.72x (en vuelo)
2026-05-13 22:19:04 [INFO] browser — [live_tick] ⚡ 3.88x (en vuelo)
2026-05-13 22:19:04 [INFO] browser — [live_tick] ⚡ 4.05x (en vuelo)
2026-05-13 22:19:05 [INFO] browser — [live_tick] ⚡ 4.29x (en vuelo)
2026-05-13 22:19:05 [INFO] browser — [live_tick] ⚡ 4.48x (en vuelo)
2026-05-13 22:19:06 [INFO] browser — [live_tick] ⚡ 4.67x (en vuelo)
2026-05-13 22:19:07 [INFO] browser — [live_tick] ⚡ 5.09x (en vuelo)
2026-05-13 22:19:07 [INFO] browser — [live_tick] ⚡ 5.31x (en vuelo)
2026-05-13 22:19:08 [INFO] browser — [live_tick] ⚡ 5.55x (en vuelo)
2026-05-13 22:19:08 [INFO] browser — [live_tick] ⚡ 5.79x (en vuelo)
2026-05-13 22:19:09 [INFO] browser — [live_tick] ⚡ 6.04x (en vuelo)
2026-05-13 22:19:09 [INFO] browser — [live_tick] ⚡ 6.40x (en vuelo)
2026-05-13 22:19:10 [INFO] browser — [live_tick] ⚡ 6.68x (en vuelo)
2026-05-13 22:19:10 [INFO] browser — [live_tick] ⚡ 7.07x (en vuelo)
2026-05-13 22:19:11 [INFO] browser — [live_tick] ⚡ 7.38x (en vuelo)
2026-05-13 22:19:11 [INFO] browser — [live_tick] ⚡ 7.71x (en vuelo)
2026-05-13 22:19:12 [INFO] browser — [live_tick] ⚡ 8.05x (en vuelo)
2026-05-13 22:19:12 [INFO] browser — [live_tick] ⚡ 8.40x (en vuelo)
2026-05-13 22:19:13 [INFO] browser — [live_tick] ⚡ 8.77x (en vuelo)
2026-05-13 22:19:13 [INFO] browser — [live_tick] ⚡ 9.02x (en vuelo)
2026-05-13 22:19:14 [INFO] browser — [live_tick] ⚡ 9.42x (en vuelo)
2026-05-13 22:19:14 [INFO] browser — [live_tick] ⚡ 9.83x (en vuelo)
2026-05-13 22:19:15 [INFO] browser — [live_tick] ⚡ 10.26x (en vuelo)
2026-05-13 22:19:15 [INFO] browser — [live_tick] ⚡ 10.71x (en vuelo)
2026-05-13 22:19:16 [INFO] browser — [live_tick] ⚡ 11.18x (en vuelo)
2026-05-13 22:19:17 [INFO] analyzer — Anti-FOMO: spike 11.50x → bloqueando 3 rondas.
2026-05-13 22:19:17 [INFO] advanced_stats — [POST_SPIKE_COOLDOWN] 11.50x >= 5x → bloqueando 2 rondas
2026-05-13 22:19:17 [INFO] advanced_stats — [POST_SPIKE_COOLDOWN] 11.50x >= 8x → bloqueando 2 rondas
2026-05-13 22:19:17 [INFO] advanced_stats — [POST_SPIKE_COOLDOWN] 11.50x >= 10x → bloqueando 3 rondas
2026-05-13 22:19:17 [DEBUG] db_advanced — spike_distances: nivel=5x dist=1 val=11.50
2026-05-13 22:19:17 [DEBUG] db_advanced — pre_spike_context guardado: 11.50x (nivel=5x)
2026-05-13 22:19:17 [INFO] spike_tracker — [SPIKE] 11.50x >= 5x | distancia=1 rondas
2026-05-13 22:19:17 [INFO] browser — [live_tick] ⏸ entre rondas
2026-05-13 22:19:17 [DEBUG] db_advanced — spike_distances: nivel=8x dist=1 val=11.50
2026-05-13 22:19:17 [DEBUG] db_advanced — pre_spike_context guardado: 11.50x (nivel=8x)
2026-05-13 22:19:17 [INFO] spike_tracker — [SPIKE] 11.50x >= 8x | distancia=1 rondas
2026-05-13 22:19:17 [DEBUG] db_advanced — spike_distances: nivel=10x dist=1 val=11.50
2026-05-13 22:19:17 [DEBUG] db_advanced — pre_spike_context guardado: 11.50x (nivel=10x)
2026-05-13 22:19:17 [INFO] spike_tracker — [SPIKE] 11.50x >= 10x | distancia=1 rondas
2026-05-13 22:19:17 [INFO] advanced_stats — [PRE-SPIKE DETECTADO] Contexto similar a previo a 5x (n=48 muestras | avg_low=33.30%)
2026-05-13 22:19:17 [INFO] advanced_stats — [PRE-SPIKE DETECTADO] Contexto similar a previo a 10x (n=25 muestras | avg_low=32.30%)
2026-05-13 22:19:17 [INFO] advanced_stats — [PRE-SPIKE DETECTADO] Contexto similar a previo a 20x (n=12 muestras | avg_low=31.70%)
2026-05-13 22:19:17 [DEBUG] entropy — [ENTROPÍA] score=0.300 label=estructurado structured=True dead=False
2026-05-13 22:19:17 [WARNING] entropy — [DEAD MARKET] Bloqueando todas las señales. toxicity=0.60 | 3 spikes ≥8x en últimas 5 rondas | Volatilidad absurda (std=22.8 en 10r)
2026-05-13 22:19:17 [DEBUG] ml_clustering — [ML] contexto=neutral score=65 anomalía=0.364 similar=3 buffer=91
2026-05-13 22:19:17 [INFO] dual_engine — [DUAL ENGINE] mode=dead emit=False target=0.00x safe=31 hunter=48 moon=40 entropy=0.300
2026-05-13 22:19:17 [INFO] main_v3 — [22:19:17] 11.50x | mode=dead | safe=31 | hunter=48 | moon=40 | entropy=0.300 | comp=0.253 | tension=11
2026-05-13 22:19:17 [INFO] main_v3 — [DEAD MARKET] 3 spikes ≥8x en últimas 5 rondas | Volatilidad absurda (std=22.8 en 10r)
2026-05-13 22:19:17 [INFO] main_v3 — [ENTROPÍA] Entropía baja (0.300) con run-length=0.540. Posible compresión estadística activa.
2026-05-13 22:19:17 [INFO] main_v3 — [POST_SPIKE_COOLDOWN] Bloqueado 1 rondas tras 50x
2026-05-13 22:19:17 [INFO] main_v3 — [PRE-SPIKE DETECTADO] Contexto similar a previo a 5x (n=48 muestras | avg_low=33.30%)
2026-05-13 22:19:17 [INFO] main_v3 — [PRE-SPIKE DETECTADO] Contexto similar a previo a 10x (n=25 muestras | avg_low=32.30%)
2026-05-13 22:19:17 [INFO] main_v3 — [PRE-SPIKE DETECTADO] Contexto similar a previo a 20x (n=12 muestras | avg_low=31.70%)
2026-05-13 22:19:25 [INFO] browser — [live_tick] ⚡ 1.02x (en vuelo)
2026-05-13 22:19:26 [INFO] browser — [live_tick] ⚡ 1.08x (en vuelo)
2026-05-13 22:19:26 [INFO] browser — [live_tick] ⚡ 1.13x (en vuelo)
2026-05-13 22:19:27 [INFO] browser — [live_tick] ⚡ 1.18x (en vuelo)
2026-05-13 22:19:27 [INFO] browser — [live_tick] ⚡ 1.23x (en vuelo)
2026-05-13 22:19:28 [INFO] browser — [live_tick] ⚡ 1.29x (en vuelo)
2026-05-13 22:19:28 [INFO] browser — [live_tick] ⚡ 1.34x (en vuelo)
2026-05-13 22:19:29 [INFO] browser — [live_tick] ⚡ 1.40x (en vuelo)
2026-05-13 22:19:29 [INFO] browser — [live_tick] ⚡ 1.47x (en vuelo)
2026-05-13 22:19:30 [INFO] browser — [live_tick] ⚡ 1.53x (en vuelo)
2026-05-13 22:19:30 [INFO] browser — [live_tick] ⚡ 1.60x (en vuelo)
2026-05-13 22:19:31 [INFO] browser — [live_tick] ⚡ 1.67x (en vuelo)
2026-05-13 22:19:31 [INFO] browser — [live_tick] ⚡ 1.79x (en vuelo)
2026-05-13 22:19:32 [INFO] browser — [live_tick] ⚡ 1.87x (en vuelo)
2026-05-13 22:19:32 [INFO] browser — [live_tick] ⚡ 1.95x (en vuelo)
2026-05-13 22:19:33 [INFO] browser — [live_tick] ⚡ 2.04x (en vuelo)
2026-05-13 22:19:34 [INFO] browser — [live_tick] ⚡ 2.16x (en vuelo)
2026-05-13 22:19:34 [INFO] browser — [live_tick] ⏸ entre rondas
2026-05-13 22:19:37 [INFO] advanced_stats — [PRE-SPIKE DETECTADO] Contexto similar a previo a 5x (n=48 muestras | avg_low=33.10%)
2026-05-13 22:19:37 [INFO] advanced_stats — [PRE-SPIKE DETECTADO] Contexto similar a previo a 10x (n=25 muestras | avg_low=32.30%)
2026-05-13 22:19:37 [INFO] advanced_stats — [PRE-SPIKE DETECTADO] Contexto similar a previo a 20x (n=12 muestras | avg_low=31.70%)
2026-05-13 22:19:37 [DEBUG] entropy — [ENTROPÍA] score=0.300 label=estructurado structured=True dead=False
2026-05-13 22:19:37 [WARNING] entropy — [DEAD MARKET] Bloqueando todas las señales. toxicity=0.60 | 3 spikes ≥8x en últimas 5 rondas | Volatilidad absurda (std=23.1 en 10r)
2026-05-13 22:19:37 [DEBUG] ml_clustering — [ML] contexto=neutral score=65 anomalía=0.365 similar=4 buffer=92
2026-05-13 22:19:37 [INFO] dual_engine — [DUAL ENGINE] mode=dead emit=False target=0.00x safe=31 hunter=48 moon=40 entropy=0.300
2026-05-13 22:19:37 [INFO] main_v3 — [22:19:37] 2.25x | mode=dead | safe=31 | hunter=48 | moon=40 | entropy=0.300 | comp=0.253 | tension=11
2026-05-13 22:19:37 [INFO] main_v3 — [DEAD MARKET] 3 spikes ≥8x en últimas 5 rondas | Volatilidad absurda (std=23.1 en 10r)
2026-05-13 22:19:37 [INFO] main_v3 — [ENTROPÍA] Entropía baja (0.300) con run-length=0.560. Posible compresión estadística activa.
2026-05-13 22:19:37 [INFO] main_v3 — [POST_SPIKE_COOLDOWN] Bloqueado 1 rondas tras 20x
2026-05-13 22:19:37 [INFO] main_v3 — [PRE-SPIKE DETECTADO] Contexto similar a previo a 5x (n=48 muestras | avg_low=33.10%)
2026-05-13 22:19:37 [INFO] main_v3 — [PRE-SPIKE DETECTADO] Contexto similar a previo a 10x (n=25 muestras | avg_low=32.30%)
2026-05-13 22:19:37 [INFO] main_v3 — [PRE-SPIKE DETECTADO] Contexto similar a previo a 20x (n=12 muestras | avg_low=31.70%)
2026-05-13 22:19:43 [INFO] browser — [live_tick] ⚡ 1.02x (en vuelo)
2026-05-13 22:19:44 [INFO] browser — [live_tick] ⚡ 1.07x (en vuelo)
2026-05-13 22:19:44 [INFO] browser — [live_tick] ⚡ 1.12x (en vuelo)
2026-05-13 22:19:45 [INFO] browser — [live_tick] ⚡ 1.17x (en vuelo)
2026-05-13 22:19:45 [INFO] browser — [live_tick] ⚡ 1.22x (en vuelo)
2026-05-13 22:19:46 [INFO] browser — [live_tick] ⚡ 1.29x (en vuelo)
2026-05-13 22:19:46 [INFO] browser — [live_tick] ⚡ 1.34x (en vuelo)
2026-05-13 22:19:47 [INFO] browser — [live_tick] ⚡ 1.40x (en vuelo)
2026-05-13 22:19:48 [INFO] browser — [live_tick] ⏸ entre rondas
2026-05-13 22:19:48 [INFO] advanced_stats — [PRE-SPIKE DETECTADO] Contexto similar a previo a 5x (n=48 muestras | avg_low=33.40%)
2026-05-13 22:19:48 [INFO] advanced_stats — [PRE-SPIKE DETECTADO] Contexto similar a previo a 10x (n=25 muestras | avg_low=32.30%)
2026-05-13 22:19:48 [INFO] advanced_stats — [PRE-SPIKE DETECTADO] Contexto similar a previo a 20x (n=12 muestras | avg_low=31.70%)
2026-05-13 22:19:48 [DEBUG] entropy — [ENTROPÍA] score=0.300 label=estructurado structured=True dead=False
2026-05-13 22:19:48 [WARNING] entropy — [DEAD MARKET] Bloqueando todas las señales. toxicity=0.60 | 2 spikes ≥8x en últimas 5 rondas | Volatilidad absurda (std=23.2 en 10r)
2026-05-13 22:19:48 [DEBUG] ml_clustering — [ML] contexto=neutral score=65 anomalía=0.436 similar=5 buffer=93
2026-05-13 22:19:48 [INFO] dual_engine — [DUAL ENGINE] mode=dead emit=False target=0.00x safe=29 hunter=48 moon=40 entropy=0.300
2026-05-13 22:19:48 [INFO] main_v3 — [22:19:48] 1.47x | mode=dead | safe=29 | hunter=48 | moon=40 | entropy=0.300 | comp=0.278 | tension=12
2026-05-13 22:19:48 [INFO] main_v3 — [DEAD MARKET] 2 spikes ≥8x en últimas 5 rondas | Volatilidad absurda (std=23.2 en 10r)
2026-05-13 22:19:48 [INFO] main_v3 — [ENTROPÍA] Entropía baja (0.300) con run-length=0.540. Posible compresión estadística activa.
2026-05-13 22:19:48 [INFO] main_v3 — [PRE-SPIKE DETECTADO] Contexto similar a previo a 5x (n=48 muestras | avg_low=33.40%)
2026-05-13 22:19:48 [INFO] main_v3 — [PRE-SPIKE DETECTADO] Contexto similar a previo a 10x (n=25 muestras | avg_low=32.30%)
2026-05-13 22:19:48 [INFO] main_v3 — [PRE-SPIKE DETECTADO] Contexto similar a previo a 20x (n=12 muestras | avg_low=31.70%)
2026-05-13 22:19:57 [INFO] browser — [live_tick] ⚡ 1.05x (en vuelo)
2026-05-13 22:19:57 [INFO] browser — [live_tick] ⚡ 1.10x (en vuelo)
2026-05-13 22:19:58 [INFO] browser — [live_tick] ⚡ 1.13x (en vuelo)
2026-05-13 22:19:58 [INFO] browser — [live_tick] ⚡ 1.18x (en vuelo)
2026-05-13 22:19:59 [INFO] browser — [live_tick] ⚡ 1.25x (en vuelo)
2026-05-13 22:19:59 [INFO] browser — [live_tick] ⚡ 1.31x (en vuelo)
2026-05-13 22:20:00 [INFO] browser — [live_tick] ⚡ 1.34x (en vuelo)
2026-05-13 22:20:00 [INFO] browser — [live_tick] ⚡ 1.40x (en vuelo)
2026-05-13 22:20:00 [INFO] browser — [live_tick] ⚡ 1.47x (en vuelo)
2026-05-13 22:20:01 [INFO] browser — [live_tick] ⚡ 1.53x (en vuelo)
2026-05-13 22:20:01 [INFO] browser — [live_tick] ⚡ 1.57x (en vuelo)
2026-05-13 22:20:02 [INFO] browser — [live_tick] ⚡ 1.64x (en vuelo)
2026-05-13 22:20:02 [INFO] browser — [live_tick] ⚡ 1.69x (en vuelo)
2026-05-13 22:20:03 [INFO] browser — [live_tick] ⚡ 1.79x (en vuelo)
2026-05-13 22:20:03 [INFO] browser — [live_tick] ⚡ 1.87x (en vuelo)
2026-05-13 22:20:04 [INFO] browser — [live_tick] ⚡ 1.95x (en vuelo)
2026-05-13 22:20:04 [INFO] browser — [live_tick] ⚡ 2.04x (en vuelo)
2026-05-13 22:20:05 [INFO] browser — [live_tick] ⚡ 2.10x (en vuelo)
2026-05-13 22:20:05 [INFO] browser — [live_tick] ⚡ 2.19x (en vuelo)
2026-05-13 22:20:05 [INFO] browser — [live_tick] ⚡ 2.25x (en vuelo)
2026-05-13 22:20:06 [INFO] browser — [live_tick] ⚡ 2.35x (en vuelo)
2026-05-13 22:20:07 [INFO] browser — [live_tick] ⚡ 2.49x (en vuelo)
2026-05-13 22:20:07 [INFO] browser — [live_tick] ⚡ 2.60x (en vuelo)
2026-05-13 22:20:08 [INFO] browser — [live_tick] ⚡ 2.75x (en vuelo)
2026-05-13 22:20:08 [INFO] browser — [live_tick] ⚡ 2.87x (en vuelo)
2026-05-13 22:20:09 [INFO] browser — [live_tick] ⚡ 3.04x (en vuelo)
2026-05-13 22:20:09 [INFO] browser — [live_tick] ⚡ 3.27x (en vuelo)
2026-05-13 22:20:10 [INFO] browser — [live_tick] ⚡ 3.36x (en vuelo)
2026-05-13 22:20:11 [INFO] browser — [live_tick] ⚡ 3.72x (en vuelo)
2026-05-13 22:20:11 [INFO] browser — [live_tick] ⚡ 3.88x (en vuelo)
2026-05-13 22:20:12 [INFO] browser — [live_tick] ⚡ 4.05x (en vuelo)
2026-05-13 22:20:12 [INFO] browser — [live_tick] ⚡ 4.29x (en vuelo)
2026-05-13 22:20:14 [INFO] advanced_stats — [PRE-SPIKE DETECTADO] Contexto similar a previo a 5x (n=48 muestras | avg_low=33.20%)
2026-05-13 22:20:14 [INFO] advanced_stats — [PRE-SPIKE DETECTADO] Contexto similar a previo a 10x (n=25 muestras | avg_low=32.30%)
2026-05-13 22:20:14 [INFO] advanced_stats — [PRE-SPIKE DETECTADO] Contexto similar a previo a 20x (n=12 muestras | avg_low=31.70%)
2026-05-13 22:20:14 [DEBUG] entropy — [ENTROPÍA] score=0.300 label=estructurado structured=True dead=False
2026-05-13 22:20:14 [WARNING] entropy — [DEAD MARKET] Bloqueando todas las señales. toxicity=0.60 | 2 spikes ≥8x en últimas 5 rondas | Volatilidad absurda (std=23.1 en 10r)
2026-05-13 22:20:14 [DEBUG] ml_clustering — [ML] contexto=neutral score=66 anomalía=0.446 similar=6 buffer=94
2026-05-13 22:20:14 [INFO] dual_engine — [DUAL ENGINE] mode=dead emit=False target=0.00x safe=40 hunter=54 moon=59 entropy=0.300
2026-05-13 22:20:14 [INFO] main_v3 — [22:20:14] 4.67x | mode=dead | safe=40 | hunter=54 | moon=59 | entropy=0.300 | comp=0.278 | tension=12
2026-05-13 22:20:14 [INFO] main_v3 — [DEAD MARKET] 2 spikes ≥8x en últimas 5 rondas | Volatilidad absurda (std=23.1 en 10r)
2026-05-13 22:20:14 [INFO] main_v3 — [ENTROPÍA] Entropía baja (0.300) con run-length=0.520. Posible compresión estadística activa.
2026-05-13 22:20:14 [INFO] main_v3 — [PRE-SPIKE DETECTADO] Contexto similar a previo a 5x (n=48 muestras | avg_low=33.20%)
2026-05-13 22:20:14 [INFO] main_v3 — [PRE-SPIKE DETECTADO] Contexto similar a previo a 10x (n=25 muestras | avg_low=32.30%)
2026-05-13 22:20:14 [INFO] main_v3 — [PRE-SPIKE DETECTADO] Contexto similar a previo a 20x (n=12 muestras | avg_low=31.70%)
2026-05-13 22:20:18 [INFO] browser — [live_tick] ⏸ entre rondas
2026-05-13 22:20:23 [INFO] browser — [live_tick] ⚡ 1.00x (en vuelo)
2026-05-13 22:20:23 [INFO] browser — [live_tick] ⚡ 1.04x (en vuelo)
2026-05-13 22:20:24 [INFO] browser — [live_tick] ⚡ 1.17x (en vuelo)
2026-05-13 22:20:25 [INFO] browser — [live_tick] ⚡ 1.27x (en vuelo)
2026-05-13 22:20:26 [INFO] browser — [live_tick] ⚡ 1.34x (en vuelo)
2026-05-13 22:20:26 [INFO] browser — [live_tick] ⚡ 1.40x (en vuelo)
2026-05-13 22:20:27 [INFO] browser — [live_tick] ⚡ 1.47x (en vuelo)
2026-05-13 22:20:27 [INFO] browser — [live_tick] ⚡ 1.53x (en vuelo)
2026-05-13 22:20:28 [INFO] browser — [live_tick] ⚡ 1.60x (en vuelo)
2026-05-13 22:20:28 [INFO] browser — [live_tick] ⚡ 1.69x (en vuelo)
2026-05-13 22:20:29 [INFO] browser — [live_tick] ⚡ 1.77x (en vuelo)
2026-05-13 22:20:29 [INFO] browser — [live_tick] ⚡ 1.82x (en vuelo)
2026-05-13 22:20:30 [INFO] browser — [live_tick] ⚡ 1.90x (en vuelo)
2026-05-13 22:20:30 [INFO] browser — [live_tick] ⚡ 1.98x (en vuelo)
2026-05-13 22:20:31 [INFO] browser — [live_tick] ⚡ 2.07x (en vuelo)
2026-05-13 22:20:31 [INFO] browser — [live_tick] ⚡ 2.13x (en vuelo)
2026-05-13 22:20:32 [INFO] browser — [live_tick] ⚡ 2.25x (en vuelo)
2026-05-13 22:20:33 [INFO] browser — [live_tick] ⚡ 2.45x (en vuelo)
2026-05-13 22:20:33 [INFO] browser — [live_tick] ⚡ 2.53x (en vuelo)
2026-05-13 22:20:33 [INFO] browser — [live_tick] ⚡ 2.67x (en vuelo)
2026-05-13 22:20:34 [INFO] browser — [live_tick] ⚡ 2.79x (en vuelo)
2026-05-13 22:20:35 [INFO] browser — [live_tick] ⚡ 2.91x (en vuelo)
2026-05-13 22:20:35 [INFO] browser — [live_tick] ⚡ 3.09x (en vuelo)
2026-05-13 22:20:36 [INFO] browser — [live_tick] ⚡ 3.22x (en vuelo)
2026-05-13 22:20:36 [INFO] browser — [live_tick] ⚡ 3.41x (en vuelo)
2026-05-13 22:20:37 [INFO] browser — [live_tick] ⚡ 3.72x (en vuelo)
2026-05-13 22:20:38 [INFO] browser — [live_tick] ⚡ 3.88x (en vuelo)
2026-05-13 22:20:38 [INFO] browser — [live_tick] ⚡ 4.11x (en vuelo)
2026-05-13 22:20:39 [INFO] browser — [live_tick] ⚡ 4.29x (en vuelo)
2026-05-13 22:20:39 [INFO] browser — [live_tick] ⚡ 4.48x (en vuelo)
2026-05-13 22:20:40 [INFO] browser — [live_tick] ⚡ 4.74x (en vuelo)
2026-05-13 22:20:40 [INFO] browser — [live_tick] ⚡ 4.95x (en vuelo)
2026-05-13 22:20:41 [INFO] analyzer — Anti-FOMO: spike 5.09x → bloqueando 3 rondas.
2026-05-13 22:20:41 [INFO] advanced_stats — [POST_SPIKE_COOLDOWN] 5.09x >= 5x → bloqueando 2 rondas
2026-05-13 22:20:41 [DEBUG] db_advanced — spike_distances: nivel=5x dist=4 val=5.09
2026-05-13 22:20:41 [DEBUG] db_advanced — pre_spike_context guardado: 5.09x (nivel=5x)
2026-05-13 22:20:41 [INFO] spike_tracker — [SPIKE] 5.09x >= 5x | distancia=4 rondas
2026-05-13 22:20:41 [INFO] advanced_stats — [PRE-SPIKE DETECTADO] Contexto similar a previo a 5x (n=49 muestras | avg_low=32.80%)
2026-05-13 22:20:41 [INFO] advanced_stats — [PRE-SPIKE DETECTADO] Contexto similar a previo a 10x (n=25 muestras | avg_low=32.30%)
2026-05-13 22:20:41 [INFO] advanced_stats — [PRE-SPIKE DETECTADO] Contexto similar a previo a 20x (n=12 muestras | avg_low=31.70%)
2026-05-13 22:20:41 [DEBUG] entropy — [ENTROPÍA] score=0.300 label=estructurado structured=True dead=False
2026-05-13 22:20:41 [DEBUG] ml_clustering — [ML] contexto=neutral score=67 anomalía=0.426 similar=6 buffer=95
2026-05-13 22:20:41 [INFO] dual_engine — [DUAL ENGINE] mode=none emit=False target=0.00x safe=31 hunter=45 moon=40 entropy=0.300
2026-05-13 22:20:41 [INFO] main_v3 — [22:20:41] 5.09x | mode=none | safe=31 | hunter=45 | moon=40 | entropy=0.300 | comp=0.181 | tension=9
2026-05-13 22:20:41 [INFO] main_v3 — [ENTROPÍA] Entropía baja (0.300) con run-length=0.540. Posible compresión estadística activa.
2026-05-13 22:20:41 [INFO] main_v3 — [POST_SPIKE_COOLDOWN] Bloqueado 1 rondas tras 5x
2026-05-13 22:20:41 [INFO] main_v3 — [PRE-SPIKE DETECTADO] Contexto similar a previo a 5x (n=49 muestras | avg_low=32.80%)
2026-05-13 22:20:41 [INFO] main_v3 — [PRE-SPIKE DETECTADO] Contexto similar a previo a 10x (n=25 muestras | avg_low=32.30%)
2026-05-13 22:20:41 [INFO] main_v3 — [PRE-SPIKE DETECTADO] Contexto similar a previo a 20x (n=12 muestras | avg_low=31.70%)
2026-05-13 22:20:41 [INFO] browser — [live_tick] ⏸ entre rondas
2026-05-13 22:20:51 [INFO] browser — [live_tick] ⚡ 1.07x (en vuelo)
2026-05-13 22:20:52 [INFO] browser — [live_tick] ⚡ 1.17x (en vuelo)
2026-05-13 22:20:54 [INFO] browser — [live_tick] ⚡ 1.44x (en vuelo)
2026-05-13 22:20:55 [INFO] browser — [live_tick] ⚡ 1.60x (en vuelo)
2026-05-13 22:20:57 [INFO] browser — [live_tick] ⚡ 1.84x (en vuelo)
2026-05-13 22:21:03 [INFO] advanced_stats — [PRE-SPIKE DETECTADO] Contexto similar a previo a 5x (n=49 muestras | avg_low=33.10%)
2026-05-13 22:21:03 [INFO] advanced_stats — [PRE-SPIKE DETECTADO] Contexto similar a previo a 10x (n=25 muestras | avg_low=32.30%)
2026-05-13 22:21:03 [INFO] advanced_stats — [PRE-SPIKE DETECTADO] Contexto similar a previo a 20x (n=12 muestras | avg_low=31.70%)
2026-05-13 22:21:03 [DEBUG] entropy — [ENTROPÍA] score=0.300 label=estructurado structured=True dead=False
2026-05-13 22:21:03 [DEBUG] ml_clustering — [ML] contexto=neutral score=67 anomalía=0.425 similar=7 buffer=96
2026-05-13 22:21:03 [INFO] dual_engine — [DUAL ENGINE] mode=moon emit=True target=10.00x safe=31 hunter=45 moon=40 entropy=0.300
2026-05-13 22:21:04 [INFO] main_v3 — [22:21:03] 2.29x | mode=moon | safe=31 | hunter=45 | moon=40 | entropy=0.300 | comp=0.181 | tension=9
2026-05-13 22:21:04 [INFO] main_v3 — [MOON] target=10.0x score=40 | mode=moon score=40
2026-05-13 22:21:04 [INFO] main_v3 — [ENTROPÍA] Entropía baja (0.300) con run-length=0.560. Posible compresión estadística activa.
2026-05-13 22:21:04 [INFO] main_v3 — [PRE-SPIKE DETECTADO] Contexto similar a previo a 5x (n=49 muestras | avg_low=33.10%)
2026-05-13 22:21:04 [INFO] main_v3 — [PRE-SPIKE DETECTADO] Contexto similar a previo a 10x (n=25 muestras | avg_low=32.30%)
2026-05-13 22:21:04 [INFO] main_v3 — [PRE-SPIKE DETECTADO] Contexto similar a previo a 20x (n=12 muestras | avg_low=31.70%)
2026-05-13 22:21:07 [INFO] main_v3 — 🚫 IA bloqueó señal | reason='solo 0/5 factores — insuficiente' mode=moon target=10.0x
2026-05-13 22:21:08 [INFO] main_v3 — ✅ Señal #19 emitida | mode=moon target=10.0x conf=20% safe=31 hunter=45 moon=40
2026-05-13 22:21:08 [INFO] browser — [live_tick] ⚡ 1.04x (en vuelo)
2026-05-13 22:21:09 [INFO] browser — [live_tick] ⏸ entre rondas
2026-05-13 22:21:12 [INFO] advanced_stats — [PRE-SPIKE DETECTADO] Contexto similar a previo a 5x (n=48 muestras | avg_low=32.80%)
2026-05-13 22:21:12 [INFO] advanced_stats — [PRE-SPIKE DETECTADO] Contexto similar a previo a 10x (n=25 muestras | avg_low=32.30%)
2026-05-13 22:21:12 [INFO] advanced_stats — [PRE-SPIKE DETECTADO] Contexto similar a previo a 20x (n=12 muestras | avg_low=31.70%)
2026-05-13 22:21:12 [DEBUG] entropy — [ENTROPÍA] score=0.300 label=estructurado structured=True dead=False
2026-05-13 22:21:12 [DEBUG] ml_clustering — [ML] contexto=neutral score=66 anomalía=0.442 similar=9 buffer=97
2026-05-13 22:21:12 [INFO] dual_engine — [DUAL ENGINE] mode=moon emit=True target=10.00x safe=29 hunter=48 moon=40 entropy=0.300
2026-05-13 22:21:12 [INFO] main_v3 — [22:21:11] 1.05x | mode=moon | safe=29 | hunter=48 | moon=40 | entropy=0.300 | comp=0.278 | tension=12
2026-05-13 22:21:12 [INFO] main_v3 — [MOON] target=10.0x score=40 | mode=moon score=40
2026-05-13 22:21:12 [INFO] main_v3 — [ENTROPÍA] Entropía baja (0.300) con run-length=0.540. Posible compresión estadística activa.
2026-05-13 22:21:12 [INFO] main_v3 — [PRE-SPIKE DETECTADO] Contexto similar a previo a 5x (n=48 muestras | avg_low=32.80%)
2026-05-13 22:21:12 [INFO] main_v3 — [PRE-SPIKE DETECTADO] Contexto similar a previo a 10x (n=25 muestras | avg_low=32.30%)
2026-05-13 22:21:12 [INFO] main_v3 — [PRE-SPIKE DETECTADO] Contexto similar a previo a 20x (n=12 muestras | avg_low=31.70%)
2026-05-13 22:21:18 [INFO] browser — [live_tick] ⚡ 1.07x (en vuelo)
2026-05-13 22:21:19 [INFO] advanced_stats — [PRE-SPIKE DETECTADO] Contexto similar a previo a 5x (n=48 muestras | avg_low=32.60%)
2026-05-13 22:21:19 [INFO] advanced_stats — [PRE-SPIKE DETECTADO] Contexto similar a previo a 10x (n=25 muestras | avg_low=32.30%)
2026-05-13 22:21:19 [INFO] advanced_stats — [PRE-SPIKE DETECTADO] Contexto similar a previo a 20x (n=12 muestras | avg_low=31.70%)
2026-05-13 22:21:19 [INFO] browser — [live_tick] ⏸ entre rondas
2026-05-13 22:21:19 [DEBUG] entropy — [ENTROPÍA] score=0.300 label=estructurado structured=True dead=False
2026-05-13 22:21:19 [DEBUG] ml_clustering — [ML] contexto=neutral score=65 anomalía=0.600 similar=8 buffer=98
2026-05-13 22:21:19 [INFO] dual_engine — [DUAL ENGINE] mode=moon emit=True target=10.00x safe=32 hunter=64 moon=55 entropy=0.300
2026-05-13 22:21:19 [INFO] main_v3 — [22:21:19] 1.13x | mode=moon | safe=32 | hunter=64 | moon=55 | entropy=0.300 | comp=0.434 | tension=18
2026-05-13 22:21:19 [INFO] main_v3 — [MOON] target=10.0x score=55 | compresión=0.43
2026-05-13 22:21:19 [INFO] main_v3 — [ENTROPÍA] Entropía baja (0.300) con run-length=0.560. Posible compresión estadística activa.
2026-05-13 22:21:19 [INFO] main_v3 — [ANOMALÍA] Contexto: NEUTRAL (score=65) | Crash density 15r=33.33% | Compresión=0.434 | Entropía=0.300 | Anomalía=0.600
2026-05-13 22:21:19 [INFO] main_v3 — [PRE-SPIKE DETECTADO] Contexto similar a previo a 5x (n=48 muestras | avg_low=32.60%)
2026-05-13 22:21:19 [INFO] main_v3 — [PRE-SPIKE DETECTADO] Contexto similar a previo a 10x (n=25 muestras | avg_low=32.30%)
2026-05-13 22:21:19 [INFO] main_v3 — [PRE-SPIKE DETECTADO] Contexto similar a previo a 20x (n=12 muestras | avg_low=31.70%)
2026-05-13 22:21:29 [INFO] browser — [live_tick] ⚡ 1.15x (en vuelo)
2026-05-13 22:21:30 [INFO] browser — [live_tick] ⚡ 1.34x (en vuelo)
2026-05-13 22:21:32 [INFO] browser — [live_tick] ⚡ 1.53x (en vuelo)
2026-05-13 22:21:33 [INFO] browser — [live_tick] ⚡ 1.67x (en vuelo)
2026-05-13 22:21:33 [INFO] browser — [live_tick] ⚡ 1.77x (en vuelo)
2026-05-13 22:21:34 [INFO] browser — [live_tick] ⚡ 1.90x (en vuelo)
2026-05-13 22:21:37 [INFO] browser — [live_tick] ⚡ 2.32x (en vuelo)
2026-05-13 22:21:38 [INFO] browser — [live_tick] ⚡ 2.53x (en vuelo)
2026-05-13 22:21:39 [INFO] browser — [live_tick] ⚡ 2.87x (en vuelo)
2026-05-13 22:21:40 [INFO] browser — [live_tick] ⚡ 3.18x (en vuelo)
2026-05-13 22:21:41 [INFO] browser — [live_tick] ⚡ 3.41x (en vuelo)
2026-05-13 22:21:42 [INFO] browser — [live_tick] ⚡ 3.72x (en vuelo)
2026-05-13 22:21:43 [INFO] browser — [live_tick] ⚡ 3.99x (en vuelo)
2026-05-13 22:21:44 [INFO] browser — [live_tick] ⚡ 4.74x (en vuelo)
2026-05-13 22:21:48 [INFO] browser — [live_tick] ⏸ entre rondas
2026-05-13 22:21:53 [INFO] analyzer — Anti-FOMO: spike 5.39x → bloqueando 3 rondas.
2026-05-13 22:21:53 [INFO] advanced_stats — [POST_SPIKE_COOLDOWN] 5.39x >= 5x → bloqueando 2 rondas
2026-05-13 22:21:54 [DEBUG] db_advanced — spike_distances: nivel=5x dist=4 val=5.39
2026-05-13 22:21:54 [DEBUG] db_advanced — pre_spike_context guardado: 5.39x (nivel=5x)
2026-05-13 22:21:54 [INFO] spike_tracker — [SPIKE] 5.39x >= 5x | distancia=4 rondas
2026-05-13 22:21:54 [INFO] advanced_stats — [PRE-SPIKE DETECTADO] Contexto similar a previo a 5x (n=48 muestras | avg_low=32.10%)
2026-05-13 22:21:54 [INFO] advanced_stats — [PRE-SPIKE DETECTADO] Contexto similar a previo a 10x (n=25 muestras | avg_low=32.30%)
2026-05-13 22:21:54 [INFO] advanced_stats — [PRE-SPIKE DETECTADO] Contexto similar a previo a 20x (n=12 muestras | avg_low=31.70%)
2026-05-13 22:21:54 [DEBUG] entropy — [ENTROPÍA] score=0.300 label=estructurado structured=True dead=False
2026-05-13 22:21:54 [DEBUG] ml_clustering — [ML] contexto=neutral score=65 anomalía=0.442 similar=11 buffer=99
2026-05-13 22:21:54 [INFO] dual_engine — [DUAL ENGINE] mode=none emit=False target=0.00x safe=29 hunter=50 moon=40 entropy=0.300
2026-05-13 22:21:54 [INFO] main_v3 — [22:21:53] 5.39x | mode=none | safe=29 | hunter=50 | moon=40 | entropy=0.300 | comp=0.338 | tension=15
2026-05-13 22:21:54 [INFO] main_v3 — [ENTROPÍA] Entropía baja (0.300) con run-length=0.540. Posible compresión estadística activa.
2026-05-13 22:21:54 [INFO] main_v3 — [POST_SPIKE_COOLDOWN] Bloqueado 1 rondas tras 5x
2026-05-13 22:21:54 [INFO] main_v3 — [PRE-SPIKE DETECTADO] Contexto similar a previo a 5x (n=48 muestras | avg_low=32.10%)
2026-05-13 22:21:54 [INFO] main_v3 — [PRE-SPIKE DETECTADO] Contexto similar a previo a 10x (n=25 muestras | avg_low=32.30%)
2026-05-13 22:21:54 [INFO] main_v3 — [PRE-SPIKE DETECTADO] Contexto similar a previo a 20x (n=12 muestras | avg_low=31.70%)
2026-05-13 22:21:54 [INFO] browser — [live_tick] ⚡ 1.00x (en vuelo)
2026-05-13 22:21:55 [INFO] browser — [live_tick] ⚡ 1.05x (en vuelo)
2026-05-13 22:21:56 [INFO] browser — [live_tick] ⚡ 1.15x (en vuelo)
2026-05-13 22:21:57 [INFO] browser — [live_tick] ⚡ 1.20x (en vuelo)
2026-05-13 22:21:57 [INFO] browser — [live_tick] ⚡ 1.27x (en vuelo)
2026-05-13 22:21:58 [INFO] browser — [live_tick] ⏸ entre rondas
2026-05-13 22:22:00 [INFO] advanced_stats — [PRE-SPIKE DETECTADO] Contexto similar a previo a 5x (n=48 muestras | avg_low=32.10%)
2026-05-13 22:22:00 [INFO] advanced_stats — [PRE-SPIKE DETECTADO] Contexto similar a previo a 10x (n=25 muestras | avg_low=32.30%)
2026-05-13 22:22:00 [INFO] advanced_stats — [PRE-SPIKE DETECTADO] Contexto similar a previo a 20x (n=12 muestras | avg_low=31.70%)
2026-05-13 22:22:00 [DEBUG] entropy — [ENTROPÍA] score=0.300 label=estructurado structured=True dead=False
2026-05-13 22:22:00 [DEBUG] ml_clustering — [ML] contexto=neutral score=65 anomalía=0.600 similar=10 buffer=100
2026-05-13 22:22:00 [INFO] dual_engine — [DUAL ENGINE] mode=moon emit=True target=10.00x safe=28 hunter=58 moon=40 entropy=0.300
2026-05-13 22:22:00 [INFO] main_v3 — [22:22:00] 1.29x | mode=moon | safe=28 | hunter=58 | moon=40 | entropy=0.300 | comp=0.434 | tension=19
2026-05-13 22:22:00 [INFO] main_v3 — [MOON] target=10.0x score=40 | compresión=0.43
2026-05-13 22:22:00 [INFO] main_v3 — [ENTROPÍA] Entropía baja (0.300) con run-length=0.540. Posible compresión estadística activa.
2026-05-13 22:22:00 [INFO] main_v3 — [ANOMALÍA] Contexto: NEUTRAL (score=65) | Crash density 15r=33.33% | Compresión=0.434 | Entropía=0.300 | Anomalía=0.600
2026-05-13 22:22:00 [INFO] main_v3 — [PRE-SPIKE DETECTADO] Contexto similar a previo a 5x (n=48 muestras | avg_low=32.10%)
2026-05-13 22:22:00 [INFO] main_v3 — [PRE-SPIKE DETECTADO] Contexto similar a previo a 10x (n=25 muestras | avg_low=32.30%)
2026-05-13 22:22:00 [INFO] main_v3 — [PRE-SPIKE DETECTADO] Contexto similar a previo a 20x (n=12 muestras | avg_low=31.70%)
2026-05-13 22:22:07 [INFO] browser — [live_tick] ⚡ 1.01x (en vuelo)
2026-05-13 22:22:07 [INFO] browser — [live_tick] ⚡ 1.05x (en vuelo)
2026-05-13 22:22:08 [INFO] browser — [live_tick] ⚡ 1.10x (en vuelo)
2026-05-13 22:22:08 [INFO] browser — [live_tick] ⚡ 1.17x (en vuelo)
2026-05-13 22:22:09 [INFO] browser — [live_tick] ⚡ 1.22x (en vuelo)
2026-05-13 22:22:09 [INFO] browser — [live_tick] ⚡ 1.25x (en vuelo)
2026-05-13 22:22:10 [INFO] browser — [live_tick] ⚡ 1.31x (en vuelo)
2026-05-13 22:22:10 [INFO] browser — [live_tick] ⚡ 1.36x (en vuelo)
2026-05-13 22:22:10 [INFO] browser — [live_tick] ⚡ 1.42x (en vuelo)
2026-05-13 22:22:11 [INFO] browser — [live_tick] ⚡ 1.49x (en vuelo)
2026-05-13 22:22:11 [INFO] browser — [live_tick] ⚡ 1.55x (en vuelo)
2026-05-13 22:22:12 [INFO] browser — [live_tick] ⚡ 1.60x (en vuelo)
2026-05-13 22:22:12 [INFO] browser — [live_tick] ⚡ 1.67x (en vuelo)
2026-05-13 22:22:13 [INFO] browser — [live_tick] ⚡ 1.74x (en vuelo)
2026-05-13 22:22:13 [INFO] browser — [live_tick] ⚡ 1.82x (en vuelo)
2026-05-13 22:22:14 [INFO] browser — [live_tick] ⚡ 1.90x (en vuelo)
2026-05-13 22:22:14 [INFO] browser — [live_tick] ⚡ 1.98x (en vuelo)
2026-05-13 22:22:15 [INFO] browser — [live_tick] ⚡ 2.16x (en vuelo)
2026-05-13 22:22:16 [INFO] browser — [live_tick] ⚡ 2.25x (en vuelo)
2026-05-13 22:22:16 [INFO] browser — [live_tick] ⚡ 2.35x (en vuelo)
2026-05-13 22:22:17 [INFO] browser — [live_tick] ⚡ 2.45x (en vuelo)
2026-05-13 22:22:17 [INFO] browser — [live_tick] ⚡ 2.56x (en vuelo)
2026-05-13 22:22:18 [INFO] browser — [live_tick] ⚡ 2.71x (en vuelo)
2026-05-13 22:22:18 [INFO] browser — [live_tick] ⚡ 2.83x (en vuelo)
2026-05-13 22:22:19 [INFO] browser — [live_tick] ⚡ 2.96x (en vuelo)
2026-05-13 22:22:19 [INFO] browser — [live_tick] ⚡ 3.13x (en vuelo)
2026-05-13 22:22:20 [INFO] browser — [live_tick] ⚡ 3.27x (en vuelo)
2026-05-13 22:22:20 [INFO] browser — [live_tick] ⚡ 3.46x (en vuelo)
2026-05-13 22:22:21 [INFO] browser — [live_tick] ⚡ 3.61x (en vuelo)
2026-05-13 22:22:21 [INFO] browser — [live_tick] ⚡ 3.82x (en vuelo)
2026-05-13 22:22:22 [INFO] browser — [live_tick] ⚡ 3.99x (en vuelo)
2026-05-13 22:22:22 [INFO] browser — [live_tick] ⚡ 4.17x (en vuelo)
2026-05-13 22:22:23 [INFO] browser — [live_tick] ⚡ 4.41x (en vuelo)
2026-05-13 22:22:24 [INFO] browser — [live_tick] ⚡ 4.67x (en vuelo)
2026-05-13 22:22:24 [INFO] browser — [live_tick] ⚡ 4.88x (en vuelo)
2026-05-13 22:22:25 [INFO] browser — [live_tick] ⚡ 5.09x (en vuelo)
2026-05-13 22:22:26 [INFO] browser — [live_tick] ⏸ entre rondas
2026-05-13 22:22:27 [INFO] analyzer — Anti-FOMO: spike 5.16x → bloqueando 3 rondas.
2026-05-13 22:22:27 [INFO] advanced_stats — [POST_SPIKE_COOLDOWN] 5.16x >= 5x → bloqueando 2 rondas
2026-05-13 22:22:27 [DEBUG] db_advanced — spike_distances: nivel=5x dist=2 val=5.16
2026-05-13 22:22:27 [DEBUG] db_advanced — pre_spike_context guardado: 5.16x (nivel=5x)
2026-05-13 22:22:27 [INFO] spike_tracker — [SPIKE] 5.16x >= 5x | distancia=2 rondas
2026-05-13 22:22:27 [INFO] advanced_stats — [PRE-SPIKE DETECTADO] Contexto similar a previo a 5x (n=49 muestras | avg_low=32.10%)
2026-05-13 22:22:27 [INFO] advanced_stats — [PRE-SPIKE DETECTADO] Contexto similar a previo a 10x (n=25 muestras | avg_low=32.30%)
2026-05-13 22:22:27 [INFO] advanced_stats — [PRE-SPIKE DETECTADO] Contexto similar a previo a 20x (n=12 muestras | avg_low=31.70%)
2026-05-13 22:22:27 [DEBUG] entropy — [ENTROPÍA] score=0.300 label=estructurado structured=True dead=False
2026-05-13 22:22:27 [DEBUG] ml_clustering — [ML] contexto=neutral score=65 anomalía=0.600 similar=11 buffer=101
2026-05-13 22:22:27 [INFO] dual_engine — [DUAL ENGINE] mode=none emit=False target=0.00x safe=28 hunter=58 moon=40 entropy=0.300
2026-05-13 22:22:27 [INFO] main_v3 — [22:22:27] 5.16x | mode=none | safe=28 | hunter=58 | moon=40 | entropy=0.300 | comp=0.434 | tension=20
2026-05-13 22:22:27 [INFO] main_v3 — [ENTROPÍA] Entropía baja (0.300) con run-length=0.520. Posible compresión estadística activa.
2026-05-13 22:22:27 [INFO] main_v3 — [ANOMALÍA] Contexto: NEUTRAL (score=65) | Crash density 15r=33.33% | Compresión=0.434 | Entropía=0.300 | Anomalía=0.600
2026-05-13 22:22:27 [INFO] main_v3 — [POST_SPIKE_COOLDOWN] Bloqueado 1 rondas tras 5x
2026-05-13 22:22:27 [INFO] main_v3 — [PRE-SPIKE DETECTADO] Contexto similar a previo a 5x (n=49 muestras | avg_low=32.10%)
2026-05-13 22:22:27 [INFO] main_v3 — [PRE-SPIKE DETECTADO] Contexto similar a previo a 10x (n=25 muestras | avg_low=32.30%)
2026-05-13 22:22:27 [INFO] main_v3 — [PRE-SPIKE DETECTADO] Contexto similar a previo a 20x (n=12 muestras | avg_low=31.70%)
2026-05-13 22:22:34 [INFO] browser — [live_tick] ⚡ 1.01x (en vuelo)
2026-05-13 22:22:34 [INFO] browser — [live_tick] ⚡ 1.05x (en vuelo)
2026-05-13 22:22:35 [INFO] browser — [live_tick] ⚡ 1.10x (en vuelo)
2026-05-13 22:22:36 [INFO] browser — [live_tick] ⚡ 1.18x (en vuelo)
2026-05-13 22:22:37 [INFO] advanced_stats — [PRE-SPIKE DETECTADO] Contexto similar a previo a 5x (n=49 muestras | avg_low=32.10%)
2026-05-13 22:22:37 [INFO] advanced_stats — [PRE-SPIKE DETECTADO] Contexto similar a previo a 10x (n=25 muestras | avg_low=32.30%)
2026-05-13 22:22:37 [INFO] advanced_stats — [PRE-SPIKE DETECTADO] Contexto similar a previo a 20x (n=12 muestras | avg_low=31.70%)
2026-05-13 22:22:37 [DEBUG] entropy — [ENTROPÍA] score=0.300 label=estructurado structured=True dead=False
2026-05-13 22:22:37 [DEBUG] ml_clustering — [ML] contexto=neutral score=64 anomalía=0.600 similar=6 buffer=102
2026-05-13 22:22:37 [INFO] dual_engine — [DUAL ENGINE] mode=moon emit=True target=10.00x safe=26 hunter=62 moon=40 entropy=0.300
2026-05-13 22:22:37 [INFO] main_v3 — [22:22:37] 1.25x | mode=moon | safe=26 | hunter=62 | moon=40 | entropy=0.300 | comp=0.531 | tension=24
2026-05-13 22:22:37 [INFO] main_v3 — [MOON] target=10.0x score=40 | compresión=0.53
2026-05-13 22:22:37 [INFO] main_v3 — [ENTROPÍA] Entropía baja (0.300) con run-length=0.520. Posible compresión estadística activa.
2026-05-13 22:22:37 [INFO] main_v3 — [ANOMALÍA] Contexto: NEUTRAL (score=64) | Crash density 15r=40.00% | Compresión=0.531 | Entropía=0.300 | Anomalía=0.600
2026-05-13 22:22:37 [INFO] main_v3 — [PRE-SPIKE DETECTADO] Contexto similar a previo a 5x (n=49 muestras | avg_low=32.10%)
2026-05-13 22:22:37 [INFO] main_v3 — [PRE-SPIKE DETECTADO] Contexto similar a previo a 10x (n=25 muestras | avg_low=32.30%)
2026-05-13 22:22:37 [INFO] main_v3 — [PRE-SPIKE DETECTADO] Contexto similar a previo a 20x (n=12 muestras | avg_low=31.70%)
2026-05-13 22:22:39 [INFO] browser — [live_tick] ⏸ entre rondas
2026-05-13 22:22:45 [INFO] browser — [live_tick] ⚡ 1.04x (en vuelo)
2026-05-13 22:22:46 [INFO] browser — [live_tick] ⚡ 1.08x (en vuelo)
2026-05-13 22:22:46 [INFO] browser — [live_tick] ⚡ 1.13x (en vuelo)
2026-05-13 22:22:47 [INFO] browser — [live_tick] ⚡ 1.18x (en vuelo)
2026-05-13 22:22:47 [INFO] browser — [live_tick] ⚡ 1.23x (en vuelo)
2026-05-13 22:22:48 [INFO] browser — [live_tick] ⚡ 1.29x (en vuelo)
2026-05-13 22:22:48 [INFO] browser — [live_tick] ⚡ 1.36x (en vuelo)
2026-05-13 22:22:49 [INFO] browser — [live_tick] ⚡ 1.40x (en vuelo)
2026-05-13 22:22:49 [INFO] browser — [live_tick] ⚡ 1.47x (en vuelo)
2026-05-13 22:22:50 [INFO] browser — [live_tick] ⚡ 1.53x (en vuelo)
2026-05-13 22:22:50 [INFO] browser — [live_tick] ⚡ 1.60x (en vuelo)
2026-05-13 22:22:51 [INFO] browser — [live_tick] ⚡ 1.67x (en vuelo)
2026-05-13 22:22:51 [INFO] browser — [live_tick] ⚡ 1.74x (en vuelo)
2026-05-13 22:22:51 [INFO] browser — [live_tick] ⚡ 1.79x (en vuelo)
2026-05-13 22:22:52 [INFO] browser — [live_tick] ⚡ 1.95x (en vuelo)
2026-05-13 22:22:53 [INFO] browser — [live_tick] ⚡ 2.04x (en vuelo)
2026-05-13 22:22:53 [INFO] browser — [live_tick] ⚡ 2.13x (en vuelo)
2026-05-13 22:22:54 [INFO] browser — [live_tick] ⚡ 2.25x (en vuelo)
2026-05-13 22:22:55 [INFO] browser — [live_tick] ⏸ entre rondas
2026-05-13 22:22:57 [INFO] advanced_stats — [PRE-SPIKE DETECTADO] Contexto similar a previo a 5x (n=49 muestras | avg_low=32.10%)
2026-05-13 22:22:57 [INFO] advanced_stats — [PRE-SPIKE DETECTADO] Contexto similar a previo a 10x (n=25 muestras | avg_low=32.30%)
2026-05-13 22:22:57 [INFO] advanced_stats — [PRE-SPIKE DETECTADO] Contexto similar a previo a 20x (n=12 muestras | avg_low=31.70%)
2026-05-13 22:22:57 [DEBUG] entropy — [ENTROPÍA] score=0.300 label=estructurado structured=True dead=False
2026-05-13 22:22:57 [DEBUG] ml_clustering — [ML] contexto=neutral score=73 anomalía=0.600 similar=0 buffer=103
2026-05-13 22:22:57 [INFO] dual_engine — [DUAL ENGINE] mode=moon emit=True target=10.00x safe=32 hunter=61 moon=40 entropy=0.300
2026-05-13 22:22:57 [INFO] main_v3 — [22:22:57] 2.32x | mode=moon | safe=32 | hunter=61 | moon=40 | entropy=0.300 | comp=0.506 | tension=23
2026-05-13 22:22:57 [INFO] main_v3 — [MOON] target=10.0x score=40 | compresión=0.51
2026-05-13 22:22:57 [INFO] main_v3 — [ENTROPÍA] Entropía baja (0.300) con run-length=0.500. Posible compresión estadística activa.
2026-05-13 22:22:57 [INFO] main_v3 — [ANOMALÍA] Contexto: NEUTRAL (score=73) | Crash density 15r=40.00% | Compresión=0.506 | Entropía=0.300 | Anomalía=0.600
2026-05-13 22:22:57 [INFO] main_v3 — [PRE-SPIKE DETECTADO] Contexto similar a previo a 5x (n=49 muestras | avg_low=32.10%)
2026-05-13 22:22:57 [INFO] main_v3 — [PRE-SPIKE DETECTADO] Contexto similar a previo a 10x (n=25 muestras | avg_low=32.30%)
2026-05-13 22:22:57 [INFO] main_v3 — [PRE-SPIKE DETECTADO] Contexto similar a previo a 20x (n=12 muestras | avg_low=31.70%)
2026-05-13 22:23:04 [INFO] browser — [live_tick] ⚡ 1.04x (en vuelo)
2026-05-13 22:23:04 [INFO] browser — [live_tick] ⚡ 1.08x (en vuelo)
2026-05-13 22:23:05 [INFO] browser — [live_tick] ⚡ 1.15x (en vuelo)
2026-05-13 22:23:05 [INFO] browser — [live_tick] ⚡ 1.20x (en vuelo)
2026-05-13 22:23:05 [INFO] browser — [live_tick] ⚡ 1.23x (en vuelo)
2026-05-13 22:23:06 [INFO] browser — [live_tick] ⚡ 1.29x (en vuelo)
2026-05-13 22:23:06 [INFO] browser — [live_tick] ⚡ 1.34x (en vuelo)
2026-05-13 22:23:07 [INFO] advanced_stats — [PRE-SPIKE DETECTADO] Contexto similar a previo a 5x (n=49 muestras | avg_low=32.20%)
2026-05-13 22:23:07 [INFO] advanced_stats — [PRE-SPIKE DETECTADO] Contexto similar a previo a 10x (n=25 muestras | avg_low=32.40%)
2026-05-13 22:23:07 [INFO] advanced_stats — [PRE-SPIKE DETECTADO] Contexto similar a previo a 20x (n=12 muestras | avg_low=31.90%)
2026-05-13 22:23:07 [DEBUG] entropy — [ENTROPÍA] score=0.300 label=estructurado structured=True dead=False
2026-05-13 22:23:07 [DEBUG] ml_clustering — [ML] contexto=neutral score=73 anomalía=0.600 similar=1 buffer=104
2026-05-13 22:23:07 [INFO] dual_engine — [DUAL ENGINE] mode=moon emit=True target=10.00x safe=28 hunter=68 moon=38 entropy=0.300
2026-05-13 22:23:07 [INFO] main_v3 — [22:23:07] 1.36x | mode=moon | safe=28 | hunter=68 | moon=38 | entropy=0.300 | comp=0.531 | tension=25
2026-05-13 22:23:07 [INFO] main_v3 — [MOON] target=10.0x score=38 | compresión=0.53
2026-05-13 22:23:07 [INFO] main_v3 — [ENTROPÍA] Entropía baja (0.300) con run-length=0.480. Posible compresión estadística activa.
2026-05-13 22:23:07 [INFO] main_v3 — [ANOMALÍA] Contexto: NEUTRAL (score=73) | Crash density 15r=40.00% | Compresión=0.531 | Entropía=0.300 | Anomalía=0.600
2026-05-13 22:23:07 [INFO] main_v3 — [PRE-SPIKE DETECTADO] Contexto similar a previo a 5x (n=49 muestras | avg_low=32.20%)
2026-05-13 22:23:07 [INFO] main_v3 — [PRE-SPIKE DETECTADO] Contexto similar a previo a 10x (n=25 muestras | avg_low=32.40%)
2026-05-13 22:23:07 [INFO] main_v3 — [PRE-SPIKE DETECTADO] Contexto similar a previo a 20x (n=12 muestras | avg_low=31.90%)
2026-05-13 22:23:07 [INFO] browser — [live_tick] ⏸ entre rondas
2026-05-13 22:23:15 [INFO] browser — [live_tick] ⚡ 1.00x (en vuelo)
2026-05-13 22:23:16 [INFO] browser — [live_tick] ⚡ 1.04x (en vuelo)
2026-05-13 22:23:16 [INFO] browser — [live_tick] ⚡ 1.08x (en vuelo)
2026-05-13 22:23:17 [INFO] browser — [live_tick] ⚡ 1.12x (en vuelo)
2026-05-13 22:23:17 [INFO] browser — [live_tick] ⚡ 1.18x (en vuelo)
2026-05-13 22:23:17 [INFO] browser — [live_tick] ⚡ 1.22x (en vuelo)
2026-05-13 22:23:18 [INFO] browser — [live_tick] ⚡ 1.27x (en vuelo)
2026-05-13 22:23:18 [INFO] browser — [live_tick] ⚡ 1.33x (en vuelo)
2026-05-13 22:23:19 [INFO] browser — [live_tick] ⚡ 1.36x (en vuelo)
2026-05-13 22:23:19 [INFO] browser — [live_tick] ⚡ 1.42x (en vuelo)
2026-05-13 22:23:20 [INFO] browser — [live_tick] ⚡ 1.49x (en vuelo)
2026-05-13 22:23:20 [INFO] browser — [live_tick] ⚡ 1.53x (en vuelo)
2026-05-13 22:23:20 [INFO] browser — [live_tick] ⚡ 1.60x (en vuelo)
2026-05-13 22:23:21 [INFO] browser — [live_tick] ⚡ 1.64x (en vuelo)
2026-05-13 22:23:21 [INFO] browser — [live_tick] ⚡ 1.72x (en vuelo)
2026-05-13 22:23:22 [INFO] browser — [live_tick] ⚡ 1.77x (en vuelo)
2026-05-13 22:23:22 [INFO] browser — [live_tick] ⚡ 1.84x (en vuelo)
2026-05-13 22:23:22 [INFO] browser — [live_tick] ⚡ 1.92x (en vuelo)
2026-05-13 22:23:23 [INFO] browser — [live_tick] ⚡ 1.98x (en vuelo)
2026-05-13 22:23:23 [INFO] browser — [live_tick] ⚡ 2.04x (en vuelo)
2026-05-13 22:23:24 [INFO] browser — [live_tick] ⚡ 2.13x (en vuelo)
2026-05-13 22:23:24 [INFO] browser — [live_tick] ⚡ 2.22x (en vuelo)
2026-05-13 22:23:25 [INFO] browser — [live_tick] ⚡ 2.35x (en vuelo)
2026-05-13 22:23:26 [INFO] browser — [live_tick] ⚡ 2.53x (en vuelo)
2026-05-13 22:23:27 [INFO] advanced_stats — [PRE-SPIKE DETECTADO] Contexto similar a previo a 5x (n=49 muestras | avg_low=32.30%)
2026-05-13 22:23:27 [INFO] advanced_stats — [PRE-SPIKE DETECTADO] Contexto similar a previo a 10x (n=25 muestras | avg_low=32.60%)
2026-05-13 22:23:27 [INFO] advanced_stats — [PRE-SPIKE DETECTADO] Contexto similar a previo a 20x (n=12 muestras | avg_low=32.30%)
2026-05-13 22:23:27 [DEBUG] entropy — [ENTROPÍA] score=0.300 label=estructurado structured=True dead=False
2026-05-13 22:23:27 [DEBUG] ml_clustering — [ML] contexto=neutral score=76 anomalía=0.600 similar=0 buffer=105
2026-05-13 22:23:27 [INFO] dual_engine — [DUAL ENGINE] mode=moon emit=True target=10.00x safe=34 hunter=72 moon=38 entropy=0.300
2026-05-13 22:23:27 [INFO] main_v3 — [22:23:26] 2.56x | mode=moon | safe=34 | hunter=72 | moon=38 | entropy=0.300 | comp=0.531 | tension=26
2026-05-13 22:23:27 [INFO] main_v3 — [MOON] target=10.0x score=38 | compresión=0.53 | overdue_levels=[8]
2026-05-13 22:23:27 [INFO] main_v3 — [ENTROPÍA] Entropía baja (0.300) con run-length=0.480. Posible compresión estadística activa.
2026-05-13 22:23:27 [INFO] main_v3 — [ANOMALÍA] Contexto: NEUTRAL (score=76) | Crash density 15r=40.00% | Compresión=0.531 | Entropía=0.300 | Anomalía=0.600
2026-05-13 22:23:27 [INFO] main_v3 — [DISTANCIA 8x SOBRE MEDIA] hace=14r | avg=7r
2026-05-13 22:23:27 [INFO] main_v3 — [PRE-SPIKE DETECTADO] Contexto similar a previo a 5x (n=49 muestras | avg_low=32.30%)
2026-05-13 22:23:27 [INFO] main_v3 — [PRE-SPIKE DETECTADO] Contexto similar a previo a 10x (n=25 muestras | avg_low=32.60%)
2026-05-13 22:23:27 [INFO] main_v3 — [PRE-SPIKE DETECTADO] Contexto similar a previo a 20x (n=12 muestras | avg_low=32.30%)
2026-05-13 22:23:27 [INFO] browser — [live_tick] ⏸ entre rondas
2026-05-13 22:23:35 [INFO] browser — [live_tick] ⚡ 1.04x (en vuelo)
2026-05-13 22:23:35 [INFO] browser — [live_tick] ⚡ 1.08x (en vuelo)
2026-05-13 22:23:36 [INFO] browser — [live_tick] ⚡ 1.13x (en vuelo)
2026-05-13 22:23:37 [INFO] browser — [live_tick] ⚡ 1.23x (en vuelo)
2026-05-13 22:23:38 [INFO] browser — [live_tick] ⚡ 1.34x (en vuelo)
2026-05-13 22:23:38 [INFO] browser — [live_tick] ⚡ 1.44x (en vuelo)
2026-05-13 22:23:40 [INFO] browser — [live_tick] ⚡ 1.67x (en vuelo)
2026-05-13 22:23:41 [INFO] browser — [live_tick] ⚡ 1.79x (en vuelo)
2026-05-13 22:23:41 [INFO] browser — [live_tick] ⚡ 1.87x (en vuelo)
2026-05-13 22:23:42 [INFO] browser — [live_tick] ⚡ 1.95x (en vuelo)
2026-05-13 22:23:43 [INFO] browser — [live_tick] ⚡ 2.10x (en vuelo)
2026-05-13 22:23:43 [INFO] browser — [live_tick] ⚡ 2.19x (en vuelo)
2026-05-13 22:23:43 [INFO] browser — [live_tick] ⚡ 2.29x (en vuelo)
2026-05-13 22:23:44 [INFO] browser — [live_tick] ⚡ 2.39x (en vuelo)
2026-05-13 22:23:45 [INFO] browser — [live_tick] ⚡ 2.67x (en vuelo)
2026-05-13 22:23:46 [INFO] browser — [live_tick] ⚡ 2.96x (en vuelo)
2026-05-13 22:23:47 [INFO] browser — [live_tick] ⚡ 3.22x (en vuelo)
2026-05-13 22:23:49 [INFO] browser — [live_tick] ⚡ 3.72x (en vuelo)
2026-05-13 22:23:51 [INFO] browser — [live_tick] ⚡ 4.23x (en vuelo)
2026-05-13 22:23:54 [INFO] analyzer — Anti-FOMO: spike 5.31x → bloqueando 3 rondas.
2026-05-13 22:23:54 [INFO] advanced_stats — [POST_SPIKE_COOLDOWN] 5.31x >= 5x → bloqueando 2 rondas
2026-05-13 22:23:54 [DEBUG] db_advanced — spike_distances: nivel=5x dist=5 val=5.31
2026-05-13 22:23:54 [DEBUG] db_advanced — pre_spike_context guardado: 5.31x (nivel=5x)
2026-05-13 22:23:54 [INFO] spike_tracker — [SPIKE] 5.31x >= 5x | distancia=5 rondas
2026-05-13 22:23:55 [INFO] advanced_stats — [PRE-SPIKE DETECTADO] Contexto similar a previo a 5x (n=50 muestras | avg_low=32.30%)
2026-05-13 22:23:55 [INFO] advanced_stats — [PRE-SPIKE DETECTADO] Contexto similar a previo a 10x (n=25 muestras | avg_low=32.40%)
2026-05-13 22:23:55 [INFO] advanced_stats — [PRE-SPIKE DETECTADO] Contexto similar a previo a 20x (n=12 muestras | avg_low=31.90%)
2026-05-13 22:23:56 [DEBUG] entropy — [ENTROPÍA] score=0.300 label=estructurado structured=True dead=False
2026-05-13 22:23:56 [DEBUG] ml_clustering — [ML] contexto=neutral score=77 anomalía=0.625 similar=1 buffer=106
2026-05-13 22:23:56 [INFO] dual_engine — [DUAL ENGINE] mode=none emit=False target=0.00x safe=44 hunter=68 moon=40 entropy=0.300
2026-05-13 22:23:56 [INFO] main_v3 — [22:23:54] 5.31x | mode=none | safe=44 | hunter=68 | moon=40 | entropy=0.300 | comp=0.531 | tension=28
2026-05-13 22:23:56 [INFO] main_v3 — [ENTROPÍA] Entropía baja (0.300) con run-length=0.480. Posible compresión estadística activa.
2026-05-13 22:23:57 [INFO] main_v3 — [ANOMALÍA] Contexto: NEUTRAL (score=77) | Crash density 15r=40.00% | Compresión=0.531 | Entropía=0.300 | Anomalía=0.625
2026-05-13 22:23:58 [INFO] main_v3 — [POST_SPIKE_COOLDOWN] Bloqueado 1 rondas tras 5x
2026-05-13 22:23:58 [INFO] main_v3 — [DISTANCIA 8x SOBRE MEDIA] hace=15r | avg=7r
2026-05-13 22:23:58 [INFO] main_v3 — [PRE-SPIKE DETECTADO] Contexto similar a previo a 5x (n=50 muestras | avg_low=32.30%)
2026-05-13 22:23:58 [INFO] main_v3 — [PRE-SPIKE DETECTADO] Contexto similar a previo a 10x (n=25 muestras | avg_low=32.40%)
2026-05-13 22:23:58 [INFO] main_v3 — [PRE-SPIKE DETECTADO] Contexto similar a previo a 20x (n=12 muestras | avg_low=31.90%)
2026-05-13 22:24:00 [INFO] browser — [live_tick] ⏸ entre rondas
2026-05-13 22:24:04 [INFO] browser — [live_tick] ⚡ 1.17x (en vuelo)
2026-05-13 22:24:06 [INFO] browser — [live_tick] ⚡ 1.44x (en vuelo)
2026-05-13 22:24:12 [INFO] browser — [live_tick] ⚡ 2.56x (en vuelo)
2026-05-13 22:24:16 [INFO] browser — [live_tick] ⚡ 3.61x (en vuelo)
2026-05-13 22:24:18 [INFO] browser — [live_tick] ⚡ 4.35x (en vuelo)
2026-05-13 22:24:19 [INFO] browser — [live_tick] ⚡ 4.67x (en vuelo)
2026-05-13 22:24:20 [INFO] browser — [live_tick] ⚡ 5.24x (en vuelo)
2026-05-13 22:24:21 [INFO] browser — [live_tick] ⚡ 5.71x (en vuelo)
2026-05-13 22:24:22 [INFO] browser — [live_tick] ⚡ 6.40x (en vuelo)
2026-05-13 22:24:23 [INFO] browser — [live_tick] ⚡ 6.87x (en vuelo)
2026-05-13 22:24:25 [INFO] browser — [live_tick] ⚡ 7.60x (en vuelo)
2026-05-13 22:24:25 [INFO] browser — [live_tick] ⚡ 8.40x (en vuelo)
2026-05-13 22:24:27 [INFO] browser — [live_tick] ⚡ 9.69x (en vuelo)
2026-05-13 22:24:28 [INFO] browser — [live_tick] ⚡ 10.26x (en vuelo)
2026-05-13 22:24:29 [INFO] browser — [live_tick] ⚡ 11.50x (en vuelo)
2026-05-13 22:24:30 [INFO] browser — [live_tick] ⚡ 12.53x (en vuelo)
2026-05-13 22:24:31 [INFO] browser — [live_tick] ⚡ 14.05x (en vuelo)
2026-05-13 22:24:32 [INFO] browser — [live_tick] ⚡ 15.31x (en vuelo)
2026-05-13 22:24:33 [INFO] browser — [live_tick] ⚡ 16.44x (en vuelo)
2026-05-13 22:24:34 [INFO] browser — [live_tick] ⚡ 18.70x (en vuelo)
2026-05-13 22:24:35 [INFO] browser — [live_tick] ⚡ 19.80x (en vuelo)
2026-05-13 22:24:36 [INFO] browser — [live_tick] ⚡ 22.19x (en vuelo)
2026-05-13 22:24:37 [INFO] browser — [live_tick] ⚡ 23.50x (en vuelo)
2026-05-13 22:24:38 [INFO] browser — [live_tick] ⚡ 25.97x (en vuelo)
2026-05-13 22:24:39 [INFO] browser — [live_tick] ⚡ 27.50x (en vuelo)
2026-05-13 22:24:40 [INFO] browser — [live_tick] ⚡ 29.96x (en vuelo)
2026-05-13 22:24:41 [INFO] browser — [live_tick] ⚡ 34.07x (en vuelo)
2026-05-13 22:24:43 [INFO] browser — [live_tick] ⚡ 39.87x (en vuelo)
2026-05-13 22:24:44 [INFO] browser — [live_tick] ⏸ entre rondas
2026-05-13 22:24:47 [INFO] analyzer — Anti-FOMO: spike 41.02x → bloqueando 3 rondas.
2026-05-13 22:24:47 [INFO] advanced_stats — [POST_SPIKE_COOLDOWN] 41.02x >= 5x → bloqueando 2 rondas
2026-05-13 22:24:47 [INFO] advanced_stats — [POST_SPIKE_COOLDOWN] 41.02x >= 8x → bloqueando 2 rondas
2026-05-13 22:24:47 [INFO] advanced_stats — [POST_SPIKE_COOLDOWN] 41.02x >= 10x → bloqueando 3 rondas
2026-05-13 22:24:47 [INFO] advanced_stats — [POST_SPIKE_COOLDOWN] 41.02x >= 20x → bloqueando 4 rondas
2026-05-13 22:24:47 [DEBUG] db_advanced — spike_distances: nivel=5x dist=1 val=41.02
2026-05-13 22:24:47 [DEBUG] db_advanced — pre_spike_context guardado: 41.02x (nivel=5x)
2026-05-13 22:24:47 [INFO] spike_tracker — [SPIKE] 41.02x >= 5x | distancia=1 rondas
2026-05-13 22:24:48 [DEBUG] db_advanced — spike_distances: nivel=8x dist=16 val=41.02
2026-05-13 22:24:48 [DEBUG] db_advanced — pre_spike_context guardado: 41.02x (nivel=8x)
2026-05-13 22:24:48 [INFO] spike_tracker — [SPIKE] 41.02x >= 8x | distancia=16 rondas
2026-05-13 22:24:48 [DEBUG] db_advanced — spike_distances: nivel=10x dist=16 val=41.02
2026-05-13 22:24:48 [DEBUG] db_advanced — pre_spike_context guardado: 41.02x (nivel=10x)
2026-05-13 22:24:48 [INFO] spike_tracker — [SPIKE] 41.02x >= 10x | distancia=16 rondas
2026-05-13 22:24:48 [DEBUG] db_advanced — spike_distances: nivel=20x dist=17 val=41.02
2026-05-13 22:24:48 [DEBUG] db_advanced — pre_spike_context guardado: 41.02x (nivel=20x)
2026-05-13 22:24:48 [INFO] spike_tracker — [SPIKE] 41.02x >= 20x | distancia=17 rondas
2026-05-13 22:24:49 [INFO] advanced_stats — [PRE-SPIKE DETECTADO] Contexto similar a previo a 5x (n=51 muestras | avg_low=32.40%)
2026-05-13 22:24:49 [INFO] advanced_stats — [PRE-SPIKE DETECTADO] Contexto similar a previo a 10x (n=26 muestras | avg_low=32.50%)
2026-05-13 22:24:49 [INFO] advanced_stats — [PRE-SPIKE DETECTADO] Contexto similar a previo a 20x (n=13 muestras | avg_low=32.20%)
2026-05-13 22:24:49 [DEBUG] entropy — [ENTROPÍA] score=0.341 label=estructurado structured=True dead=False
2026-05-13 22:24:49 [DEBUG] ml_clustering — [ML] contexto=neutral score=70 anomalía=0.600 similar=0 buffer=107
2026-05-13 22:24:49 [INFO] dual_engine — [DUAL ENGINE] mode=none emit=False target=0.00x safe=28 hunter=57 moon=40 entropy=0.341
2026-05-13 22:24:49 [INFO] main_v3 — [22:24:47] 41.02x | mode=none | safe=28 | hunter=57 | moon=40 | entropy=0.341 | comp=0.374 | tension=16
2026-05-13 22:24:50 [INFO] main_v3 — [ENTROPÍA] Entropía baja (0.341) con run-length=0.480. Posible compresión estadística activa.
2026-05-13 22:24:50 [INFO] main_v3 — [ANOMALÍA] Contexto: NEUTRAL (score=70) | Crash density 15r=40.00% | Compresión=0.374 | Entropía=0.341 | Anomalía=0.600
2026-05-13 22:24:50 [INFO] main_v3 — [POST_SPIKE_COOLDOWN] Bloqueado 3 rondas tras 20x
2026-05-13 22:24:50 [INFO] main_v3 — [PRE-SPIKE DETECTADO] Contexto similar a previo a 5x (n=51 muestras | avg_low=32.40%)
2026-05-13 22:24:50 [INFO] main_v3 — [PRE-SPIKE DETECTADO] Contexto similar a previo a 10x (n=26 muestras | avg_low=32.50%)
2026-05-13 22:24:50 [INFO] main_v3 — [PRE-SPIKE DETECTADO] Contexto similar a previo a 20x (n=13 muestras | avg_low=32.20%)
2026-05-13 22:24:52 [INFO] browser — [live_tick] ⚡ 1.00x (en vuelo)
2026-05-13 22:24:53 [INFO] browser — [live_tick] ⚡ 1.08x (en vuelo)
2026-05-13 22:24:54 [INFO] browser — [live_tick] ⚡ 1.20x (en vuelo)
2026-05-13 22:24:55 [INFO] browser — [live_tick] ⚡ 1.29x (en vuelo)
2026-05-13 22:24:56 [INFO] browser — [live_tick] ⚡ 1.40x (en vuelo)
2026-05-13 22:24:57 [INFO] browser — [live_tick] ⚡ 1.49x (en vuelo)
2026-05-13 22:24:59 [INFO] browser — [live_tick] ⏸ entre rondas
2026-05-13 22:24:59 [INFO] advanced_stats — [PRE-SPIKE DETECTADO] Contexto similar a previo a 5x (n=51 muestras | avg_low=32.50%)
2026-05-13 22:24:59 [INFO] advanced_stats — [PRE-SPIKE DETECTADO] Contexto similar a previo a 10x (n=26 muestras | avg_low=32.70%)
2026-05-13 22:24:59 [INFO] advanced_stats — [PRE-SPIKE DETECTADO] Contexto similar a previo a 20x (n=13 muestras | avg_low=32.60%)
2026-05-13 22:24:59 [DEBUG] entropy — [ENTROPÍA] score=0.341 label=estructurado structured=True dead=False
2026-05-13 22:24:59 [DEBUG] ml_clustering — [ML] contexto=neutral score=71 anomalía=0.600 similar=1 buffer=108
2026-05-13 22:24:59 [INFO] dual_engine — [DUAL ENGINE] mode=none emit=False target=0.00x safe=28 hunter=53 moon=40 entropy=0.341
2026-05-13 22:24:59 [INFO] main_v3 — [22:24:59] 1.53x | mode=none | safe=28 | hunter=53 | moon=40 | entropy=0.341 | comp=0.278 | tension=13
2026-05-13 22:24:59 [INFO] main_v3 — [ENTROPÍA] Entropía baja (0.341) con run-length=0.480. Posible compresión estadística activa.
2026-05-13 22:24:59 [INFO] main_v3 — [ANOMALÍA] Contexto: NEUTRAL (score=71) | Crash density 15r=33.33% | Compresión=0.278 | Entropía=0.341 | Anomalía=0.600
2026-05-13 22:24:59 [INFO] main_v3 — [POST_SPIKE_COOLDOWN] Bloqueado 2 rondas tras 20x
2026-05-13 22:24:59 [INFO] main_v3 — [PRE-SPIKE DETECTADO] Contexto similar a previo a 5x (n=51 muestras | avg_low=32.50%)
2026-05-13 22:25:00 [INFO] main_v3 — [PRE-SPIKE DETECTADO] Contexto similar a previo a 10x (n=26 muestras | avg_low=32.70%)
2026-05-13 22:25:00 [INFO] main_v3 — [PRE-SPIKE DETECTADO] Contexto similar a previo a 20x (n=13 muestras | avg_low=32.60%)
2026-05-13 22:25:06 [INFO] browser — [live_tick] ⚡ 1.05x (en vuelo)
2026-05-13 22:25:07 [INFO] browser — [live_tick] ⚡ 1.18x (en vuelo)
2026-05-13 22:25:08 [INFO] browser — [live_tick] ⚡ 1.25x (en vuelo)
2026-05-13 22:25:09 [INFO] advanced_stats — [PRE-SPIKE DETECTADO] Contexto similar a previo a 5x (n=51 muestras | avg_low=32.40%)
2026-05-13 22:25:09 [INFO] advanced_stats — [PRE-SPIKE DETECTADO] Contexto similar a previo a 10x (n=26 muestras | avg_low=32.50%)
2026-05-13 22:25:09 [INFO] advanced_stats — [PRE-SPIKE DETECTADO] Contexto similar a previo a 20x (n=13 muestras | avg_low=32.10%)
2026-05-13 22:25:09 [DEBUG] entropy — [ENTROPÍA] score=0.341 label=estructurado structured=True dead=False
2026-05-13 22:25:09 [DEBUG] ml_clustering — [ML] contexto=neutral score=70 anomalía=0.600 similar=2 buffer=109
2026-05-13 22:25:09 [INFO] dual_engine — [DUAL ENGINE] mode=none emit=False target=0.00x safe=26 hunter=54 moon=40 entropy=0.341
2026-05-13 22:25:09 [INFO] main_v3 — [22:25:09] 1.31x | mode=none | safe=26 | hunter=54 | moon=40 | entropy=0.341 | comp=0.303 | tension=14
2026-05-13 22:25:09 [INFO] main_v3 — [ENTROPÍA] Entropía baja (0.341) con run-length=0.500. Posible compresión estadística activa.
2026-05-13 22:25:10 [INFO] main_v3 — [ANOMALÍA] Contexto: NEUTRAL (score=70) | Crash density 15r=40.00% | Compresión=0.303 | Entropía=0.341 | Anomalía=0.600
2026-05-13 22:25:10 [INFO] main_v3 — [POST_SPIKE_COOLDOWN] Bloqueado 1 rondas tras 20x
2026-05-13 22:25:10 [INFO] main_v3 — [PRE-SPIKE DETECTADO] Contexto similar a previo a 5x (n=51 muestras | avg_low=32.40%)
2026-05-13 22:25:10 [INFO] main_v3 — [PRE-SPIKE DETECTADO] Contexto similar a previo a 10x (n=26 muestras | avg_low=32.50%)
2026-05-13 22:25:10 [INFO] main_v3 — [PRE-SPIKE DETECTADO] Contexto similar a previo a 20x (n=13 muestras | avg_low=32.10%)
2026-05-13 22:25:10 [INFO] browser — [live_tick] ⏸ entre rondas
2026-05-13 22:25:19 [INFO] browser — [live_tick] ⚡ 1.15x (en vuelo)
2026-05-13 22:25:20 [INFO] browser — [live_tick] ⏸ entre rondas
2026-05-13 22:25:24 [INFO] advanced_stats — [PRE-SPIKE DETECTADO] Contexto similar a previo a 5x (n=51 muestras | avg_low=32.50%)
2026-05-13 22:25:24 [INFO] advanced_stats — [PRE-SPIKE DETECTADO] Contexto similar a previo a 10x (n=26 muestras | avg_low=32.70%)
2026-05-13 22:25:24 [INFO] advanced_stats — [PRE-SPIKE DETECTADO] Contexto similar a previo a 20x (n=13 muestras | avg_low=32.60%)
2026-05-13 22:25:25 [DEBUG] entropy — [ENTROPÍA] score=0.341 label=estructurado structured=True dead=False
2026-05-13 22:25:25 [DEBUG] ml_clustering — [ML] contexto=neutral score=69 anomalía=0.600 similar=3 buffer=110
2026-05-13 22:25:25 [INFO] dual_engine — [DUAL ENGINE] mode=moon emit=True target=10.00x safe=20 hunter=50 moon=41 entropy=0.341
2026-05-13 22:25:25 [INFO] main_v3 — [22:25:24] 1.18x | mode=moon | safe=20 | hunter=50 | moon=41 | entropy=0.341 | comp=0.303 | tension=14
2026-05-13 22:25:25 [INFO] main_v3 — [MOON] target=10.0x score=41 | mode=moon score=41
2026-05-13 22:25:25 [INFO] main_v3 — [ENTROPÍA] Entropía baja (0.341) con run-length=0.500. Posible compresión estadística activa.
2026-05-13 22:25:25 [INFO] main_v3 — [ANOMALÍA] Contexto: NEUTRAL (score=69) | Crash density 15r=46.67% | Compresión=0.303 | Entropía=0.341 | Anomalía=0.600
2026-05-13 22:25:25 [INFO] main_v3 — [PRE-SPIKE DETECTADO] Contexto similar a previo a 5x (n=51 muestras | avg_low=32.50%)
2026-05-13 22:25:26 [INFO] main_v3 — [PRE-SPIKE DETECTADO] Contexto similar a previo a 10x (n=26 muestras | avg_low=32.70%)
2026-05-13 22:25:26 [INFO] main_v3 — [PRE-SPIKE DETECTADO] Contexto similar a previo a 20x (n=13 muestras | avg_low=32.60%)
2026-05-13 22:25:34 [INFO] main_v3 — 🚫 IA bloqueó señal | reason='solo 1/5 factores — insuficiente' mode=moon target=10.0x
2026-05-13 22:25:36 [INFO] main_v3 — ✅ Señal #19 emitida | mode=moon target=10.0x conf=27% safe=20 hunter=50 moon=41
2026-05-13 22:25:39 [INFO] advanced_stats — [PRE-SPIKE DETECTADO] Contexto similar a previo a 5x (n=51 muestras | avg_low=32.60%)
2026-05-13 22:25:39 [INFO] advanced_stats — [PRE-SPIKE DETECTADO] Contexto similar a previo a 10x (n=26 muestras | avg_low=33.00%)
2026-05-13 22:25:39 [INFO] advanced_stats — [PRE-SPIKE DETECTADO] Contexto similar a previo a 20x (n=13 muestras | avg_low=33.10%)
2026-05-13 22:25:40 [DEBUG] entropy — [ENTROPÍA] score=0.341 label=estructurado structured=True dead=False
2026-05-13 22:25:40 [DEBUG] ml_clustering — [ML] contexto=neutral score=69 anomalía=0.600 similar=4 buffer=111
2026-05-13 22:25:40 [INFO] dual_engine — [DUAL ENGINE] mode=moon emit=True target=10.00x safe=16 hunter=49 moon=41 entropy=0.341
2026-05-13 22:25:40 [INFO] main_v3 — [22:25:39] 1.57x | mode=moon | safe=16 | hunter=49 | moon=41 | entropy=0.341 | comp=0.303 | tension=14
2026-05-13 22:25:40 [INFO] main_v3 — [MOON] target=10.0x score=41 | mode=moon score=41
2026-05-13 22:25:40 [INFO] main_v3 — [ENTROPÍA] Entropía baja (0.341) con run-length=0.500. Posible compresión estadística activa.
2026-05-13 22:25:40 [INFO] main_v3 — [ANOMALÍA] Contexto: NEUTRAL (score=69) | Crash density 15r=46.67% | Compresión=0.303 | Entropía=0.341 | Anomalía=0.600
2026-05-13 22:25:40 [INFO] main_v3 — [PRE-SPIKE DETECTADO] Contexto similar a previo a 5x (n=51 muestras | avg_low=32.60%)
2026-05-13 22:25:40 [INFO] main_v3 — [PRE-SPIKE DETECTADO] Contexto similar a previo a 10x (n=26 muestras | avg_low=33.00%)
2026-05-13 22:25:40 [INFO] main_v3 — [PRE-SPIKE DETECTADO] Contexto similar a previo a 20x (n=13 muestras | avg_low=33.10%)
2026-05-13 22:25:44 [INFO] advanced_stats — [PRE-SPIKE DETECTADO] Contexto similar a previo a 5x (n=51 muestras | avg_low=32.80%)
2026-05-13 22:25:44 [INFO] advanced_stats — [PRE-SPIKE DETECTADO] Contexto similar a previo a 10x (n=26 muestras | avg_low=33.30%)
2026-05-13 22:25:44 [INFO] advanced_stats — [PRE-SPIKE DETECTADO] Contexto similar a previo a 20x (n=13 muestras | avg_low=33.80%)
2026-05-13 22:25:44 [DEBUG] entropy — [ENTROPÍA] score=0.341 label=estructurado structured=True dead=False
2026-05-13 22:25:44 [DEBUG] ml_clustering — [ML] contexto=neutral score=69 anomalía=0.600 similar=5 buffer=112
2026-05-13 22:25:44 [INFO] dual_engine — [DUAL ENGINE] mode=moon emit=True target=10.00x safe=23 hunter=52 moon=40 entropy=0.341
2026-05-13 22:25:44 [INFO] main_v3 — [22:25:44] 1.00x | mode=moon | safe=23 | hunter=52 | moon=40 | entropy=0.341 | comp=0.303 | tension=15
2026-05-13 22:25:44 [INFO] main_v3 — [MOON] target=10.0x score=40 | mode=moon score=40
2026-05-13 22:25:44 [INFO] main_v3 — [ENTROPÍA] Entropía baja (0.341) con run-length=0.520. Posible compresión estadística activa.
2026-05-13 22:25:44 [INFO] main_v3 — [ANOMALÍA] Contexto: NEUTRAL (score=69) | Crash density 15r=46.67% | Compresión=0.303 | Entropía=0.341 | Anomalía=0.600
2026-05-13 22:25:44 [INFO] main_v3 — [PRE-SPIKE DETECTADO] Contexto similar a previo a 5x (n=51 muestras | avg_low=32.80%)
2026-05-13 22:25:44 [INFO] main_v3 — [PRE-SPIKE DETECTADO] Contexto similar a previo a 10x (n=26 muestras | avg_low=33.30%)
2026-05-13 22:25:44 [INFO] main_v3 — [PRE-SPIKE DETECTADO] Contexto similar a previo a 20x (n=13 muestras | avg_low=33.80%)
2026-05-13 22:25:52 [INFO] browser — [live_tick] ⚡ 1.04x (en vuelo)
2026-05-13 22:25:53 [INFO] browser — [live_tick] ⚡ 1.10x (en vuelo)
2026-05-13 22:25:53 [INFO] browser — [live_tick] ⚡ 1.17x (en vuelo)
2026-05-13 22:25:54 [INFO] browser — [live_tick] ⚡ 1.25x (en vuelo)
2026-05-13 22:25:54 [INFO] browser — [live_tick] ⚡ 1.29x (en vuelo)
2026-05-13 22:25:55 [INFO] browser — [live_tick] ⚡ 1.33x (en vuelo)
2026-05-13 22:25:55 [INFO] browser — [live_tick] ⚡ 1.36x (en vuelo)
2026-05-13 22:25:57 [INFO] browser — [live_tick] ⚡ 1.51x (en vuelo)
2026-05-13 22:28:10 [INFO] main_v3 — Señal de sistema 2 — deteniendo bot…
2026-05-13 22:28:10 [INFO] browser — Cerrando navegador (sesión #1)…
2026-05-13 22:28:10 [INFO] main_v3 — Señal de sistema 2 — deteniendo bot…
2026-05-13 22:28:10 [INFO] main_v3 — Cierre limpio completado.
2026-05-13 22:38:48 [INFO] main_v3 — ═══════════════════════════════════════════════════════
2026-05-13 22:38:48 [INFO] main_v3 —   JetX Bot v3 — Motor Dual Estadístico
2026-05-13 22:38:48 [INFO] main_v3 —   SAFE MODE + HUNTER MODE + MOON MODE
2026-05-13 22:38:48 [INFO] main_v3 —   Entropía | Fibonacci | ML Clustering | Dead Market
2026-05-13 22:38:48 [INFO] main_v3 — ═══════════════════════════════════════════════════════
2026-05-13 22:38:48 [INFO] database — Base de datos inicializada: jetx_data.db
2026-05-13 22:38:48 [INFO] db_advanced — Tablas avanzadas inicializadas correctamente.
2026-05-13 22:38:48 [INFO] db_v2 — Tablas DB v2 inicializadas correctamente.
2026-05-13 22:38:48 [INFO] browser — Lanzando navegador (sesión #1)…
2026-05-13 22:38:50 [INFO] browser — Navegando a https://betplay.com.co — esperando login manual si es necesario.
